code,id,name
A000,1,"COLERA DEBIDO A VIBRIO CHOLERAE O1, BIOTIPO CHOLERAE"
A001,2,"COLERA DEBIDO A VIBRIO CHOLERAE O1, BIOTIPO EL TOR"
A009,3,COLERA NO ESPECIFICADO
A010,4,FIEBRE TIFOIDEA
A011,5,FIEBRE PARATIFOIDEA A
A012,6,FIEBRE PARATIFOIDEA B
A013,7,FIEBRE PARATIFOIDEA C
A014,8,"FIEBRE PARATIFOIDEA, NO ESPECIFICADA"
A020,9,ENTERITIS DEBIDA A SALMONELLA
A021,10,SEPTICEMIA DEBIDA A SALMONELLA
A022,11,INFECCIONES LOCALIZADAS DEBIDA A SALMONELLA
A028,12,OTRAS INFECCIONES ESPECIFICADAS COMO DEBIDAS A SALMONELLA
A029,13,INFECCIÓN DEBIDA A SALMONELLA NO ESPECIFICADA
A030,14,SHIGELOSIS DEBIDA A SHIGELLA DYSENTERIAE
A031,15,SHIGELOSIS DEBIDA A SHIGELLA FLEXNERI
A032,16,SHIGELOSIS DEBIDA A SHIGELLA BOYDII
A033,17,SHIGELOSIS DEBIDA A SHIGELLA SONNEI
A038,18,OTRAS SHIGELOSIS
A039,19,SHIGELOSIS DE TIPO NO ESPECIFICADO
A040,20,INFECCION DEBIDA A ESCHERICHIA COLI ENTEROPATOGENA
A041,21,INFECCION DEBIDA A ESCHERICHIA COLI ENTEROTOXIGENA
A042,22,INFECCION DEBIDA A ESCHERICHIA COLI ENTEROINVASIVA
A043,23,INFECCION DEBIDA A ESCHERICHIA COLI ENTEROHEMORRAGICA
A044,24,OTRAS INFECCIONES INTESTINALES DEBIDAS A ESCHERICHIA COLI
A045,25,ENTERITIS DEBIDA A CAMPYLOBACTER
A046,26,ENTERITIS DEBIDA A YERSINIA ENTEROCOLITICA
A047,27,ENTEROCOLITIS DEBIDA A CLOSTRIDIUM DIFFICILE
A048,28,OTRAS INFECCIONES INTESTINALES BACTERIANAS ESPECIFICADAS
A049,29,"INFECCION INTESTINAL BACTERIANA, NO ESPECIFICADA"
A050,30,INTOXICACION ALIMENTARIA ESTAFILOCOCICA
A051,31,BOTULISMO
A052,32,INTOXICACION ALIMENTARIA DEBIDA A CLOSTRIDIUM PERFRINGENS [CLOSTRIDIUM WELCHII]
A053,33,INTOXICACION ALIMENTARIA DEBIDA A VIBRIO PARAHAEMOLYTICUS
A054,34,INTOXICACION ALIMENTARIA DEBIDA A BACILLUS CEREUS
A058,35,OTRAS INTOXICACIONES ALIMENTARIAS DEBIDAS A BACTERIAS ESPECIFICADAS
A059,36,"INTOXICACION ALIMENTARIA BACTERIANA, NO ESPECIFICADA"
A060,37,DISENTERIA AMEBIANA AGUDA
A061,38,AMEBIASIS INTESTINAL CRONICA
A062,39,COLITIS AMEBIANA NO DISENTERICA
A063,40,AMEBOMA INTESTINAL
A064,41,ABSCESO AMEBIANO DEL HIGADO
A065,42,ABSCESO AMEBIANO DEL PULMON (J99.8*)
A066,43,ABSCESO AMEBIANO DEL CEREBRO (G07*)
A067,44,AMEBIASIS CUTANEA
A068,45,INFECCION AMEBIANA DE OTRAS LOCALIZACIONES
A069,46,"AMEBIASIS, NO ESPECIFICADA"
A070,47,BALANTIDIASIS
A071,48,GIARDIASIS [LAMBLIASIS]
A072,49,CRIPTOSPORIDIOSIS
A073,50,ISOSPORIASIS
A078,51,OTRAS ENFERMEDADES INTESTINALES ESPECIFICADAS DEBIDAS A PROTOZOARIOS
A079,52,"ENFERMEDAD INTESTINAL DEBIDA A PROTOZOARIOS, NO ESPECIFICADA"
A080,53,ENTERITIS DEBIDA A ROTAVIRUS
A081,54,GASTROENTEROPATIA AGUDA DEBIDA AL AGENTE DE NORWALK
A082,55,ENTERITIS DEBIDA A ADENOVIRUS
A083,56,OTRAS ENTERITIS VIRALES
A084,57,"INFECCION INTESTINAL VIRAL, SIN OTRA ESPECIFICACION"
A085,58,OTRAS INFECCIONES INTESTINALES ESPECIFICADAS
A09,59,DIARREA Y GASTROENTERITIS DE PRESUNTO ORIGEN INFECCIOSO
A150,60,"TUBERCULOSIS DEL PULMON, CONFIRMADA POR HALLAZGO MICROSCOPICO DEL BACILO TUBERCULOSO EN ESPUTO, CON O SIN CULTIVO"
A151,61,"TUBERCULOSIS DEL PULMON, CONFIRMADA UNICAMENTE POR CULTIVO"
A152,62,"TUBERCULOSIS DEL PULMON, CONFIRMADA HISTOLOGICAMENTE"
A153,63,"TUBERCULOSIS DEL PULMON , CONFIRMADA POR MEDIOS NO ESPECIFICADOS"
A154,64,"TUBERCULOSIS DE GANGLIOS LINFATICOS INTRATORACICOS, CONFIRMADA BACTERIOLOGICA E HISTOLOGICAMENTE"
A155,65,"TUBERCULOSIS DE LARINGE, TRAQUEA Y BRONQUIOS, CONFIRMADA BACTERIOLOGICA E HISTOLOGICAMENTE"
A156,66,"PLEURESIA TUBERCULOSA, CONFIRMADA BACTERIOLOGICA E HISTOLOGICAMENTE"
A157,67,"TUBERCULOSIS RESPIRATORIA PRIMARIA, CONFIRMADA BACTERIOLOGICA E HISTOLOGICAMENTE"
A158,68,"OTRAS TUBERCULOSIS RESPIRATORIAS, CONFIRMADAS BACTERIOLOGICA E HISTOLOGICAMENTE"
A159,69,"TUBERCULOSIS RESPIRATORIA NO ESPECIFICADA, CONFIRMADA BACTERIOLOGICAMENTE E HISTOLOGICAMENTE"
A160,70,"TUBERCULOSIS DEL PULMON, CON EXAMEN BACTERIOLOGICO E HISTOLOGICO NEGATIVOS"
A161,71,"TUBERCULOSIS DEL PULMON, SIN EXAMEN BACTERIOLOGICO E HISTOLOGICO"
A162,72,"TUBERCULOSIS DE PULMON, SIN MENCION DE CONFIRMACION BACTERIOLOGICA O HISTOLOGICA"
A163,73,"TUBERCULOSIS DE GANGLIOS LINFATICOS INTRATORACICOS, SIN MENCION DE CONFIRMACION BACTERIOLOGICA O HISTOLOGICA"
A164,74,"TUBERCULOSIS DE LARINGE, TRAQUEA Y BRONQUIOS, SIN MENCION DE CONFIRMACION BACTERIOLOGICA O HISTOLOGICA"
A165,75,"PLEURESIA TUBERCULOSA, SIN MENCION DE CONFIRMACION BACTERIOLOGICA E HISTOLOGICA"
A167,76,"TUBERCULOSIS RESPIRATORIA PRIMARIA, SIN MENCION DE CONFIRMACION BACTERIOLOGICA E HISTOLOGICA"
A168,77,"OTRAS TUBERCULOSIS RESPIRATORIAS, SIN MENCION DE CONFIRMACION"
A169,78,"TUBERCULOSIS RESPIRATORIA NO ESPECIFICADA, SIN MENCION DE CONFIRMACION BACTERIOLOGICA O HISTOLOGICA"
A170,79,MENINGITIS TUBERCULOSA (G01*)
A171,80,TUBERCULOMA MENINGEO (G07*)
A178,81,OTRAS TUBERCULOSIS DEL SISTEMA NERVIOSO
A179,82,"TUBERCULOSIS DEL SISTEMA NERVIOSO, NO ESPECIFICADA (G99.8*)"
A180,83,TUBERCULOSIS DE HUESOS Y ARTICULACIONES
A181,84,TUBERCULOSIS DEL APARATO GENITOURINARIO
A182,85,LINFADENOPATIA PERIFERICA TUBERCULOSA
A183,86,"TUBERCULOSIS DE LOS INTESTINOS, EL PERITONEO Y LOS GANGLIOS MESENTERICOS"
A184,87,TUBERCULOSIS DE LA PIEL Y EL TEJIDO SUBCUTANEO
A185,88,TUBERCULOSIS DEL OJO
A186,89,TUBERCULOSIS DEL OIDO
A187,90,TUBERCULOSIS DE GLANDULAS SUPRARRENALES (E35.1*)
A188,91,TUBERCULOSIS DE OTROS ORGANOS ESPECIFICADOS
A190,92,TUBERCULOSIS MILIAR AGUDA DE UN SOLO SITIO ESPECIFICADO
A191,93,TUBERCULOSIS MILIAR AGUDA DE SITIOS MULTIPLES
A192,94,"TUBERCULOSIS MILIAR AGUDA, NO ESPECIFICADA"
A198,95,OTRAS TUBERCULOSIS MILIARES
A199,96,"TUBERCULOSIS MILIAR, SIN OTRA ESPECIFICACION"
A200,97,PESTE BUBONICA
A201,98,PESTE CELULOCUTANEA
A202,99,PESTE NEUMONICA
A203,100,MENINGITIS POR PESTE
A207,101,PESTE SEPTICEMICA
A208,102,OTRAS FORMAS DE PESTE
A209,103,"PESTE, NO ESPECIFICADA"
A210,104,TULAREMIA ULCEROGLANDULAR
A211,105,TULAREMIA OCULOGLANDULAR
A212,106,TULAREMIA PULMONAR
A213,107,TULAREMIA GASTROINTESTINAL
A217,108,TULAREMIA GENERALIZADA
A218,109,OTRAS FORMAS DE TULAREMIA
A219,110,"TULAREMIA , NO ESPECIFICADA"
A220,111,CARBUNCO CUTANEO
A221,112,CARBUNCO PULMONAR
A222,113,CARBUNCO GASTROINTESTINAL
A227,114,CARBUNCO SEPTICEMICO
A228,115,OTRAS FORMAS DE CARBUNCO
A229,116,"CARBUNCO, NO ESPECIFICADO"
A230,117,BRUCELOSIS DEBIDA A BRUCELLA MELITENSIS
A231,118,BRUCELOSIS DEBIDA A BRUCELLA ABORTUS
A232,119,BRUCELOSIS DEBIDA A BRUCELLA SUIS
A233,120,BRUCELOSIS DEBIDA A BRUCELLA CANIS
A238,121,OTRAS BRUCELOSIS
A239,122,"BRUCELOSIS, NO ESPECIFICADA"
A240,123,MUERMO
A241,124,MELIOIDOSIS AGUDA Y FULMINANTE
A242,125,MELIOIDOSIS SUBAGUDA Y CRONICA
A243,126,OTRAS MELIOIDOSIS
A244,127,"MELIOIDOSIS , NO ESPECIFICADA"
A250,128,ESPIRILOSIS
A251,129,ESTREPTOBACILOSIS
A259,130,"FIEBRE POR MORDEDURA DE RATA, NO ESPECIFICADA"
A260,131,ERISIPELOIDE CUTANEO
A267,132,SEPTICEMIA POR ERYSIPELOTHRIX
A268,133,OTRAS FORMAS DE ERISIPELOIDE
A269,134,"ERISIPELOIDE, NO ESPECIFICADA"
A270,135,LEPTOSPIROSIS ICTEROHEMORRAGICA
A278,136,OTRAS FORMAS DE LEPTOSPIROSIS
A279,137,"LEPTOSPIROSIS, NO ESPECIFICADA"
A280,138,PASTEURELOSIS
A281,139,ENFERMEDAD POR RASGUÑO DE GATO
A282,140,YERSINIOSIS EXTRAINTESTINAL
A288,141,"OTRAS ENFERMEDADES ZOONOTICAS BACTERIANAS ESPECIFICADAS, NO CLASIFICADAS EN OTRA PARTE"
A289,142,"ENFERMEDAD ZOONOTICA BACTERIANA, SIN OTRA ESPECIFICACION"
A300,143,LEPRA INDETERMINADA
A301,144,LEPRA TUBERCULOIDE
A302,145,LEPRA TUBERCULOIDE LIMITROFE
A303,146,LEPRA LIMITROFE
A304,147,LEPRA LEPROMATOSA LIMITROFE
A305,148,LEPRA LEPROMATOSA
A308,149,OTRAS FORMAS DE LEPRA
A309,150,"LEPRA, NO ESPECIFICADA"
A310,151,INFECCIONES POR MICOBACTERIAS PULMONARES
A311,152,INFECCION CUTANEA POR MICOBACTERIAS
A318,153,OTRAS INFECCIONES POR MICOBACTERIAS
A319,154,"INFECCION POR MICOBACTERIA, NO ESPECIFICADA"
A320,155,LISTERIOSIS CUTANEA
A321,156,MENINGITIS Y MENINGOENCEFALITIS LISTERIANA
A327,157,SEPTICEMIA LISTERIANA
A328,158,OTRAS FORMAS DE LISTERIOSIS
A329,159,"LISTERIOSIS, NO ESPECIFICADA"
A33,160,TETANOS NEONATAL
A34,161,TETANOS OBSTETRICO
A35,162,OTROS TETANOS
A360,163,DIFTERIA FARINGEA
A361,164,DIFTERIA NASOFARINGEA
A362,165,DIFTERIA LARINGEA
A363,166,DIFTERIA CUTANEA
A368,167,OTRAS DIFTERIAS
A369,168,"DIFTERIA, NO ESPECIFICADA"
A370,169,TOS FERINA DEBIDA A BORDETELLA PERTUSSIS
A371,170,TOS FERINA DEBIDA A BORDETELLA PARAPERTUSSIS
A378,171,TOS FERINA DEBIDA A OTRAS ESPECIES DE BORDETELLA
A379,172,"TOS FERINA, NO ESPECIFICADA"
A38,173,ESCARLATINA
A390,174,MENINGITIS MENINGOCOCICA (G01*)
A391,175,SINDROME DE WATERHOUSE-FRIDERICHSEN (E35.1*)
A392,176,MENINGOCOCEMIA AGUDA
A393,177,MENINGOCOCEMIA CRONICA
A394,178,"MENINGOCOCEMIA, NO ESPECIFICADA"
A395,179,ENFERMEDAD CARDIACA DEBIDA A MENINGOCOCO
A398,180,OTRAS INFECCIONES MENINGOCOCICAS
A399,181,"INFECCION MENINGOCOCICA, NO ESPECIFICADA"
A400,182,"SEPTICEMIA DEBIDA A ESTREPTOCOCO, GRUPO A"
A401,183,"SEPTICEMIA DEBIDA A ESTREPTOCOCO, GRUPO B"
A402,184,"SEPTICEMIA DEBIDA A ESTREPTOCOCO, GRUPO D"
A403,185,SEPTICEMIA DEBIDA A STREPTOCOCCUS PNEUMONIAE
A408,186,OTRAS SEPTICEMIAS ESTREPTOCOCICAS
A409,187,"SEPTICEMIA ESTREPTOCOCICA, NO ESPECIFICADA"
A410,188,SEPTICEMIA DEBIDA STAPHYLOCOCCUS AUREUS
A411,189,SEPTICEMIA DEBIDA A OTRO ESTAFILOCOCO ESPECIFICADO
A412,190,SEPTICEMIA DEBIDA A ESTAFILOCOCO NO ESPECIFICADO
A413,191,SEPTICEMIA DEBIDA A HAEMOPHILUS INFLUENZAE
A414,192,SEPTICEMIA DEBIDA A ANAEROBIOS
A415,193,SEPTICEMIA DEBIDA A OTROS ORGANISMOS GRAMNEGATIVOS
A418,194,OTRAS SEPTICEMIAS ESPECIFICADAS
A419,195,"SEPTICEMIA, NO ESPECIFICADA"
A420,196,ACTINOMICOSIS PULMONAR
A421,197,ACTINOMICOSIS ABDOMINAL
A422,198,ACTINOMICOSIS CERVICOFACIAL
A427,199,SEPTICEMIA ACTINOMICOTICA
A428,200,OTRAS FORMAS DE ACTINOMICOSIS
A429,201,"ACTINOMICOSIS, SIN OTRA ESPECIFICACION"
A430,202,NOCARDIOSIS PULMONAR
A431,203,NOCARDIOSIS CUTANEA
A438,204,OTRAS FORMAS DE NOCARDIOSIS
A439,205,"NORCARDIOSIS , NO ESPECIFICADA"
A440,206,BARTONELOSIS SISTEMICA
A441,207,BARTONELOSIS CUTANEA Y MUCOCUTANEA
A448,208,OTRAS FORMAS DE BARTONELOSIS
A449,209,"BARTONELOSIS, NO ESPECIFICADA"
A46,210,ERISIPELA
A480,211,GANGRENA GASEOSA
A481,212,ENFERMEDAD DE LOS LEGIONARIOS
A482,213,ENFERMEDAD DE LOS LEGIONARIOS NO NEUMONICA [FIEBRE DE PONTIAC]
A483,214,SINDROME DE CHOQUE TOXICO
A484,215,FIEBRE PURPURICA BRASILEÑA
A488,216,OTRAS ENFERMEDADES BACTERIANAS ESPECIFICADAS
A490,217,"INFECCION ESTAFILOCOCICA, SIN OTRA ESPECIFICACIÓN"
A491,218,"INFECCION ESTREPTOCOCICA, SIN OTRA ESPECIFICACION"
A492,219,"INFECCION POR HAEMOPHILUS INFLUENZAE, SIN OTRA ESPECIFICACION"
A493,220,"INFECCION POR MICOPLASMA, SIN OTRA ESPECIFICACION"
A498,221,OTRAS INFECCIONES BACTERIANAS DE SITIO NO ESPECIFICADO
A499,222,"INFECCION BACTERIANA, NO ESPECIFICADA"
A500,223,"SIFILIS CONGENITA PRECOZ, SINTOMATICA"
A501,224,"SIFILIS CONGENITA PRECOZ, LATENTE"
A502,225,SIFILIS CONGENITA PRECOZ SIN OTRA ESPECIFICACIÓN
A503,226,OCULOPATIA SIFILITICA CONGENITA TARDIA
A504,227,NEUROSIFILIS CONGENITA TARDIA [NEUROSIFILIS JUVENIL]
A505,228,"OTRAS FORMAS DE SIFILIS CONGENITA TARDIA, SINTOMATICA"
A506,229,"SIFILIS CONGENITA TARDIA, LATENTE"
A507,230,"SIFILIS CONGENITA TARDIA, SIN OTRA ESPECIFICACION"
A509,231,"SIFILIS CONGENITA, SIN OTRA ESPECIFICACIÓN"
A510,232,SIFILIS GENITAL PRIMARIA
A511,233,SIFILIS PRIMARIA ANAL
A512,234,SIFILIS PRIMARIA EN OTROS SITIOS
A513,235,SIFILIS SECUNDARIA DE PIEL Y MEMBRANAS MUCOSAS
A514,236,OTRAS SIFILIS SECUNDARIAS
A515,237,"SIFILIS PRECOZ, LATENTE"
A519,238,"SIFILIS PRECOZ, SIN OTRA ESPECIFICACIÓN"
A520,239,SIFILIS CARDIOVASCULAR
A521,240,NEUROSIFILIS SINTOMATICA
A522,241,NEUROSIFILIS ASINTOMATICA
A523,242,NEUROSIFILIS NO ESPECIFICADA
A527,243,OTRAS SIFILIS TARDIAS SINTOMATICAS
A528,244,"SIFILIS TARDIA, LATENTE"
A529,245,"SIFILIS TARDIA, NO ESPECIFICADA"
A530,246,"SIFILIS LATENTE, NO ESPECIFICADA COMO PRECOZ O TARDIA"
A539,247,"SIFILIS, NO ESPECIFICADA"
A540,248,INFECCION GONOCOCICA DEL TRACTO GENITOURINARIO INFERIOR SIN ABSCESO PERIURETRAL O DE GLANDULA ACCESORIA
A541,249,INFECCION GONOCOCICA DEL TRACTO GENITOURINARIO INFERIOR CON ABSCESO PERIURETRAL Y DE GLANDULAS ACCESORIAS
A542,250,PELVIPERITONITIS GONOCOCICA Y OTRAS INFECCIONES GONOCOCICAS GENITOURINARIAS
A543,251,INFECCION GONOCOCICA DEL OJO
A544,252,INFECCION GONOCOCICA DEL SISTEMA OSTEOMUSCULAR
A545,253,FARINGITIS GONOCOCICA
A546,254,INFECCION GONOCOCICA DEL ANO Y DEL RECTO
A548,255,OTRAS INFECCIONES GONOCOCICAS
A549,256,"INFECCION, GONOCOCICA, NO ESPECIFICADA"
A55,257,LINFOGRANULOMA (VENEREO) POR CLAMIDIAS
A560,258,INFECCION DEL TRACTO GENITOURINARIO INFERIOR DEBIDA A CLAMIDIAS
A561,259,INFECCION DEL PELVIPERITONEO Y OTROS ORGANOS GENITOURINARIOS DEBIDA A CLAMIDIAS
A562,260,"INFECCIONES DEL TRACTO GENITOURINARIO DEBIDAS A CLAMIDIAS, SIN OTRA ESPECIFICACION"
A563,261,INFECCION DEL ANO Y DEL RECTO DEBIDA A CLAMIDIAS
A564,262,INFECCION DE FARINGE DEBIDA A CLAMIDIAS
A568,263,INFECCION DE TRANSMISIÓN SEXUAL DE OTROS SITIOS DEBIDA A CLAMIDIAS
A57,264,CHANCRO BLANDO
A58,265,GRANULOMA INGUINAL
A590,266,TRICOMONIASIS UROGENITAL
A598,267,TRICOMONIASIS DE OTROS SITIOS
A599,268,"TRICOMONIASIS, NO ESPECIFICADA"
A600,269,INFECCION DE GENITALES Y TRAYECTO UROGENITAL Y DEBIDA A VIRUS DEL HERPES [HERPES SIMPLE]
A601,270,INFECCION DE LA PIEL PERIANAL Y RECTO POR VIRUS DEL HERPES SIMPLE
A609,271,"INFECCION ANOGENITAL POR VIRUS DEL HERPES SIMPLE, SIN OTRA ESPECIFICACION"
A630,272,VERRUGAS (VENEREAS) ANOGENITALES
A638,273,"OTRAS ENFERMEDADES DE TRANSMISIÓN PREDOMINANTEMENTE SEXUAL, ESPECIFICADAS"
A64,274,ENFERMEDAD DE TRANSMISION SEXUAL NO ESPECIFICADA
A65,275,SIFILIS NO VENEREA
A660,276,LESIONES INICIALES DE FRAMBESIA
A661,277,LESIONES PAPILOMATOSAS MULTIPLES Y FRAMBESIA CON PASO DE CANGREJO
A662,278,OTRAS LESIONES PRECOCES DE LA PIEL EN LA FRAMBESIA
A663,279,HIPERQUERATOSIS DE FRAMBESIA
A664,280,GOMA Y ULCERAS DE FRAMBESIA
A665,281,GANGOSA
A666,282,LESIONES FRAMBESICAS DE LOS HUESOS Y DE LAS ARTICULACIONES
A667,283,OTRAS MANIFESTACIONES DE FRAMBESIA
A668,284,FRAMBESIA LATENTE
A669,285,"FRAMBESIA , NO ESPECIFICADA"
A670,286,LESIONES PRIMARIAS DE LA PINTA
A671,287,LESIONES INTERMEDIAS DE LA PINTA
A672,288,LESIONES TARDIAS DE LA PINTA
A673,289,LESIONES MIXTAS DE LA PINTA
A679,290,"PINTA, NO ESPECIFICADA"
A680,291,FIEBRE RECURRENTE TRANSMITIDA POR PIOJOS
A681,292,FIEBRE RECURRENTE TRANSMITIDA POR GARRAPATAS
A689,293,"FIEBRE RECURRENTE, NO ESPECIFICADA"
A690,294,ESTOMATITIS ULCERATIVA NECROTIZANTE
A691,295,OTRAS INFECCIONES DE VICENT
A692,296,ENFERMEDAD DE LYME
A698,297,OTRAS INFECCIONES ESPECIFICADAS POR ESPIROQUETAS
A699,298,"INFECCION POR ESPIROQUETA, NO ESPECIFICADA"
A70,299,INFECCION DEBIDA A CHLAMYDIA PSITTACI
A710,300,ESTADO INICIAL DE TRACOMA
A711,301,ESTADO ACTIVO DE TRACOMA
A719,302,"TRACOMA, NO ESPECIFICADO"
A740,303,CONJUNTIVITIS POR CLAMIDIAS (H13.1*)
A748,304,OTRAS ENFERMEDADES POR CLAMIDIAS
A749,305,"INFECCION POR CLAMIDIAS, NO ESPECIFICADA"
A750,306,TIFUS EPIDEMICO DEBIDO A RICKETTSIA PROWAZEKII TRANSMITIDO POR PIOJOS
A751,307,TIFUS RECRUDESCENTE [ENFERMEDAD DE BRILL]
A752,308,TIFUS DEBIDO A RICKETTSIA TYPHI
A753,309,TIFUS DEBIDO A RICKETTSIA TSUTSUGAMUSHI
A759,310,"TIFUS, NO ESPECIFICADO"
A770,311,FIEBRE MACULOSA DEBIDO A RICKETTSIA RICKETTSII
A771,312,FIEBRE MACULOSA DEBIDO A RICKETTSIA CONORII
A772,313,FIEBRE MACULOSA DEBIDO A RICKETTSIA SIBERICA
A773,314,FIEBRE MACULOSA DEBIDO A RICKETTSIA AUSTRALIS
A778,315,OTRAS FIEBRES MACULOSAS
A779,316,"FIEBRE MACULOSA, NO ESPECIFICADA"
A78,317,FIEBRE Q
A790,318,FIEBRE DE LAS TRINCHERAS
A791,319,RICKETTSIOSIS PUSTULOSA DEBIDA A RICKETTSIA AKARI
A798,320,OTRAS RICKETTSIOSIS ESPECIFICADAS
A799,321,"RICKETTSIOSIS, NO ESPECIFICADA"
A800,322,"POLIOMIELITIS AGUDA PARALITICA, ASOCIADA A VACUNA"
A801,323,POLIOMIELITIS AGUDA PARALITICA DEBIDA A VIRUS SALVAJE IMPORTADO
A802,324,POLIOMIELITIS AGUDA PARALITICA DEBIDA A VIRUS SALVAJE AUTOCTONO
A803,325,"OTRAS POLIOMIELITIS AGUDAS PARALITICAS, Y NO LAS ESPECIFICADAS"
A804,326,POLIOMIELITIS AGUDA NO PARALITICA
A809,327,"POLIOMIELITIS AGUDA, SIN OTRA ESPECIFICACIÓN"
A810,328,ENFERMEDAD DE CREUTZFELDT-JAKOB
A811,329,PANENCEFALITIS ESCLEROSANTE SUBAGUDA
A812,330,LEUCOENCEFALOPATIA MULTIFOCAL PROGRESIVA
A818,331,OTRAS INFECCIONES DEL SISTEMA NERVIOSO POR VIRUS ATIPICO
A819,332,"INFECCIONES DEL SISTEMA NERVIOSO CENTRAL POR VIRUS ATIPICO, SIN OTRA ESPECIFICACION"
A820,333,RABIA SELVATICA
A821,334,RABIA URBANA
A829,335,"RABIA, SIN OTRA ESPECIFICACION"
A830,336,ENCEFALITIS JAPONESA
A831,337,ENCEFALITIS EQUINA DEL OESTE
A832,338,ENCEFALITIS EQUINA DEL ESTE
A833,339,ENCEFALITIS DE SAN LUIS
A834,340,ENCEFALITIS AUSTRALIANA
A835,341,ENCEFALITIS DE CALIFORNIA
A836,342,ENFERMEDAD POR VIRUS ROCIO
A838,343,OTRAS ENCEFALITIS VIRALES TRANSMITIDAS POR MOSQUITOS
A839,344,"ENCEFALITIS VIRAL TRANSMITIDA POR MOSQUITOS, SIN OTRA ESPECIFICACION"
A840,345,ENCEFALITIS DEL LEJANO ORIENTE TRANSMITIDA POR GARRAPATAS [ENCEFALITIS PRIMAVEROESTIVAL RUSA]
A841,346,ENCEFALITIS CENTROEUROPEA TRANSMITIDA POR GARRAPATAS
A848,347,OTRAS ENCEFALITIS VIRALES TRANSMITIDAS POR GARRAPATAS
A849,348,"ENCEFALITIS VIRAL TRANSMITIDA POR GARRAPATAS, SIN OTRA ESPECIFICACION"
A850,349,ENCEFALITIS ENTEROVIRAL (G05.1*)
A851,350,ENCEFALITIS POR ADENOVIRUS (G05.1*)
A852,351,"ENCEFALITIS VIRAL TRANSMITIDA POR ARTROPODOS, SIN OTRA ESPECIFICACIÓN"
A858,352,OTRAS ENCEFALITIS VIRALES ESPECIFICADAS
A86,353,"ENCEFALITIS VIRAL, NO ESPECIFICADA"
A870,354,MENINGITIS ENTEROVIRAL (G02.0*)
A871,355,MENINGITIS DEBIDA A ADENOVIRUS (G02.0*)
A872,356,CORIOMENINGITIS LINFOCITICA
A878,357,OTRAS MENINGITIS VIRALES
A879,358,"MENINGITIS VIRAL, SIN OTRA ESPECIFICACION"
A880,359,FIEBRE EXANTEMATICA ENTEROVIRAL [EXANTEMA DE BOSTON]
A881,360,VERTIGO EPIDEMICO
A888,361,OTRAS INFECCIONES VIRALES ESPECIFICADAS DEL SISTEMA NERVIOSO CENTRAL
A89,362,"INFECCION VIRAL DEL SISTEMA NERVIOSO CENTRAL, NO ESPECIFICADA"
A90,363,FIEBRE DEL DENGUE [DENGUE CLASICO]
A91,364,FIEBRE DEL DENGUE HEMORRAGICO
A920,365,ENFERMEDAD POR VIRUS CHIKUNGUNYA
A921,366,FIEBRE DE O´NYONG-NYONG
A922,367,FIEBRE EQUINA VENEZOLANA
A923,368,FIEBRE DEL OESTE DEL NILO
A924,369,FIEBRE DEL VALLE DEL RIFT
A928,370,OTRAS FIEBRES VIRALES ESPECIFICADAS TRANSMITIDAS POR MOSQUITOS
A929,371,"FIEBRE VIRAL TRANSMITIDA POR MOSQUITO, SIN OTRA ESPECIFICACION"
A930,372,ENFERMEDAD POR VIRUS DE OROPOUCHE
A931,373,FIEBRE TRANSMITIDA POR FLEBOTOMOS
A932,374,FIEBRE DE COLORADO TRANSMITIDA POR GARRAPATAS
A938,375,OTRAS FIEBRES VIRALES ESPECIFICADAS TRANSMITIDAS POR ANTROPODOS
A94,376,"FIEBRE VIRAL TRANSMITIDA POR ARTROPODOS, NO ESPECIFICADA"
A950,377,FIEBRE AMARILLA SELVATICA
A951,378,FIEBRE AMARILLA URBANA
A959,379,"FIEBRE AMARILLA, NO ESPECIFICADA"
A960,380,FIEBRE HEMORRAGICA DE JUNIN
A961,381,FIEBRE HEMORRAGICA DE MACHUPO
A962,382,FIEBRE DE LASSA
A968,383,OTRAS FIEBRES HEMORRAGICAS POR ARENAVIRUS
A969,384,"FIEBRE HEMORRAGICA POR ARENAVIRUS, SIN OTRA ESPECIFICACION"
A980,385,FIEBRE HEMORRAGICA DE CRIMEA-CONGO
A981,386,FIEBRE HEMORRAGICA DE OMSK
A982,387,ENFERMEDAD DE LA SELVA DE KYASANUR
A983,388,ENFERMEDAD POR EL VIRUS DE MARBURG
A984,389,ENFERMEDAD POR EL VIRUS DE EBOLA
A985,390,FIEBRES HEMORRAGICAS CON SINDROME RENAL
A988,391,OTRAS FIEBRES HEMORRAGICAS VIRALES ESPECIFICADAS
A99,392,"FIEBRE VIRAL HEMORRAGICA, NO ESPECIFICADA"
B000,393,ECZEMA HERPETICO
B001,394,DERMATITIS VESICULAR HERPETICA
B002,395,GINGIVOESTOMATITIS Y FARINGOAMIGDALITIS HERPETICA
B003,396,MENINGITIS HERPETICA (G02.0*)
B004,397,ENCEFALITIS HERPETICA (G05.1*)
B005,398,OCULOPATIA HERPETICA
B007,399,ENFERMEDAD HERPETICA DISEMINADA
B008,400,OTRAS FORMAS DE INFECCIONES HERPETICAS
B009,401,"INFECCION DEBIDA A EL VIRUS DEL HERPES, NO ESPECIFICADA"
B010,402,MENINGITIS DEBIDA A LA VARICELA (G02.0*)
B011,403,ENCEFALITIS DEBIDA A LA VARICELA (G05.1*)
B012,404,NEUMONIA DEBIDA A LA VARICELA (J17.1*)
B018,405,VARICELA CON OTRAS COMPLICACIONES
B019,406,VARICELA SIN COMPLICACIONES
B020,407,ENCEFALITIS DEBIDA A HERPES ZOSTER (G05.1*)
B021,408,MENINGITIS DEBIDA A HERPES ZOSTER (G02.0*)
B022,409,HERPES ZOSTER CON OTROS COMPROMISOS DEL SISTEMA NERVIOSO
B023,410,HERPES ZOSTER OCULAR
B027,411,HERPES ZOSTER DISEMINADO
B028,412,HERPES ZOSTER CON OTRAS COMPLICACIONES
B029,413,HERPES ZOSTER SIN COMPLICACIONES
B03,414,VIRUELA
B04,415,VIRUELA DE LOS MONOS
B050,416,SARAMPION COMPLICADO CON ENCEFALITIS (G05.1*)
B051,417,SARAMPION COMPLICADO CON MENINGITIS (G02.0*)
B052,418,SARAMPION COMPLICADO CON NEUMONIA (J17.1*)
B053,419,SARAMPION COMPLICADO CON OTITIS MEDIA (H67.1*)
B054,420,SARAMPION CON COMPLICACIONES INTESTINALES
B058,421,SARAMPION CON OTRAS COMPLICACIONES
B059,422,SARAMPION SIN COMPLICACIONES
B060,423,RUBEOLA CON COMPLICACIONES NEUROLOGICAS
B068,424,RUBEOLA CON OTRAS COMPLICACIONES
B069,425,RUBEOLA SIN COMPLICACIONES
B07,426,VERRUGAS VIRICAS
B080,427,OTRAS INFECCIONES DEBIDAS A ORTOPOXVIRUS
B081,428,MOLUSCO CONTAGIOSO
B082,429,EXANTEMA SUBITO [SEXTA ENFERMEDAD]
B083,430,ERITEMA INFECCIOSO [QUINTA ENFERMEDAD]
B084,431,ESTOMATITIS VESICULAR ENTEROVIRAL CON EXANTEMA
B085,432,FARINGITIS VESICULAR ENTEROVIRICA
B088,433,"OTRAS INFECCIONES VIRALES ESPECIFICADAS, CARACTERIZADAS POR LESIONES DE LA PIEL Y DE LAS MEMBRANAS MUCOSAS"
B09,434,"INFECCION VIRAL NO ESPECIFICADA, CARACTERIZADA POR LESIONES DE LA PIEL Y DE LAS MEMBRANAS MUCOSAS"
B150,435,"HEPATITIS AGUDA TIPO A, SIN COMA HEPATICO"
B159,436,"HEPATITIS AGUDA TIPO A, CON COMA HEPATICO"
B160,437,"HEPATITIS AGUDA TIPO B, CON AGENTE DELTA (COINFECCION). CON COMA HEPATICO"
B161,438,"HEPATITIS AGUDA TIPO B, CON AGENTE DELTA (COINFECCION), SIN COMA HEPATICO"
B162,439,"HEPATITIS AGUDA TIPO B, SIN AGENTE DELTA, CON COMA HEPATICO"
B169,440,"HEPATITIS AGUDA TIPO B, SIN AGENTE DELTA Y SIN COMA HEPATICO"
B170,441,INFECCION (SUPERINFECCION) AGUDA POR AGENTE DELTA EN EL PORTADOR DE HEPATITIS B
B171,442,HEPATITIS AGUDA TIPO C
B172,443,HEPATITIS AGUDA TIPO E
B178,444,OTRAS HEPATITIS VIRALES AGUDAS ESPECIFICADAS
B180,445,"HEPATITIS VIRAL TIPO B CRONICA, CON AGENTE DELTA"
B181,446,"HEPATITIS VIRAL TIPO B CRONICA, SIN AGENTE DELTA"
B182,447,HEPATITIS VIRAL TIPO C CRONICA
B188,448,OTRAS HEPATITIS VIRALES CRONICAS
B189,449,"HEPATITIS VIRAL CRONICA, SIN OTRA ESPECIFICACION"
B190,450,HEPATITIS VIRAL NO ESPECIFICADA CON COMA
B199,451,HEPATITIS VIRAL NO ESPECIFICADA SIN COMA
B200,452,"ENFERMEDAD POR EL VIH, RESULTANTE EN INFECCION POR MICOBACTERIAS"
B201,453,"ENFERMEDAD POR EL VIH, RESULTANTE EN OTRAS INFECCIONES BACTERIANAS"
B202,454,"ENFERMEDAD POR VIH, RESULTANTE EN ENFERMEDAD POR CITOMEGALOVIRUS"
B203,455,"ENFERMEDAD POR VIH, RESULTANTE EN OTRAS INFECCIONES VIRALES"
B204,456,"ENFERMEDAD POR VIH, RESULTANTE EN CANDIDIASIS"
B205,457,"ENFERMEDAD POR VIH, RESULTANTE EN OTRAS MICOSIS"
B206,458,"ENFERMEDAD POR VIH, RESULTANTE EN NEUMONIA POR PNEUMOCYSTIS CARINII"
B207,459,"ENFERMEDAD POR VIH, RESULTANTE EN INFECCIONES MULTIPLES"
B208,460,"ENFERMEDAD POR VIH, RESULTANTE EN OTRAS ENFERMEDADES INFECCIOSAS O PARASITARIAS"
B209,461,"ENFERMEDAD POR VIH, RESULTANTE EN ENFERMEDAD INFECCIOSA O PARASITARIA NO ESPECIFICADA"
B210,462,"ENFERMEDAD POR VIH, RESULTANTE EN SARCOMA DE KAPOSI"
B211,463,"ENFERMEDAD POR VIH, RESULTANTE EN LINFOMA DE BURKITT"
B212,464,"ENFERMEDAD POR VIH, RESULTANTE EN OTROS TIPOS DE LINFOMA NO HODGKIN"
B213,465,"ENFERMEDAD POR VIH, RESULTANTE EN OTROS TUMORES MALIGNOS DEL TEJIDO LINFOIDE, HEMATOPOYETICO Y TEJIDOS RELACIONADOS"
B217,466,"ENFERMEDAD POR VIH, RESULTANTE EN TUMORES MALIGNOS MULTIPLES"
B218,467,"ENFERMEDAD POR VIH, RESULTANTE EN OTROS TUMORES MALIGNOS"
B219,468,"ENFERMEDAD POR VIH, RESULTANTE EN TUMORES MALIGNOS NO ESPECIFICADOS"
B220,469,"ENFERMEDAD POR VIH, RESULTANTE EN ENCEFALOPATIA"
B221,470,"ENFERMEDAD POR VIH, RESULTANTE EN NEUMONITIS LINFOIDE INTERSTICIAL"
B222,471,"ENFERMEDAD POR VIH, RESULTANTE EN SINDROME CAQUECTICO"
B227,472,"ENFERMEDAD POR VIH, RESULTANTE EN ENFERMEDADES MULTIPLES CLASIFICADAS EN OTRA PARTE"
B230,473,SINDROME DE INFECCION AGUDA DEBIDA A VIH
B231,474,"ENFERMEDAD POR VIH, RESULTANTE EN LINFADENOPATIA GENERALIZADA (PERSISTENTE)"
B232,475,"ENFERMEDAD POR VIH, RESULTANTE EN ANORMALIDADES INMUNOLOGICAS Y HEMATOLOGICAS, NO CLASIFICADAS EN OTRA PARTE"
B238,476,"ENFERMEDAD POR VIH, RESULTANTE EN OTRAS AFECCIONES ESPECIFICADAS"
B24,477,"ENFERMEDAD POR VIRUS DE LA INMUNODEFICIENCIA HUMANA (VIH), SIN OTRA ESPECIFICACION"
B250,478,NEUMONITIS DEBIDA A VIRUS CITOMEGALICO (J17.1*)
B251,479,HEPATITIS DEBIDA A VIRUS CITOMEGALICO
B252,480,PANCREATITIS DEBIDA A VIRUS CITOMEGALICO
B258,481,OTRAS ENFERMEDADES DEBIDAS A VIRUS CITOMEGALICO
B259,482,"ENFERMEDAD POR VIRUS CITOMEGALICO, NO ESPECIFICADA"
B260,483,ORQUITIS POR PAROTIDITIS (N51.1*)
B261,484,MENINGITIS POR PAROTIDITIS (G02.0*)
B262,485,ENCEFALITIS POR PAROTIDITIS (G05.1*)
B263,486,PANCREATITIS POR PAROTIDITIS (K87.1*)
B268,487,PAROTIDITIS INFECCIOSA CON OTRAS COMPLICACIONES
B269,488,"PAROTIDITIS, SIN COMPLICACIONES"
B270,489,MONONUCLEOSIS DEBIDA A HERPES VIRUS GAMMA
B271,490,MONONUCLEOSIS POR CITOMEGALOVIRUS
B278,491,OTRAS MONONUCLEOSIS INFECCIOSAS
B279,492,"MONONUCLEOSIS INFECCIOSA, NO ESPECIFICADA"
B300,493,QUERATOCONJUNTIVITIS DEBIDA A ADENOVIRUS (H19.2*)
B301,494,CONJUNTIVITIS DEBIDA A ADENOVIRUS (H13.1*)
B302,495,FARINGOCONJUNTIVITIS VIRAL
B303,496,CONJUNTIVITIS EPIDEMICA AGUDA HEMORRAGICA (ENTEROVIRICA) (H13.1*)
B308,497,OTRAS CONJUNTIVITIS VIRALES (H13.1*)
B309,498,"CONJUNTIVITIS VIRAL, SIN OTRA ESPECIFICACION"
B330,499,MIALGIA EPIDEMICA
B331,500,ENFERMEDAD DEL RIO ROSS
B332,501,CARDITIS VIRAL
B333,502,"INFECCIONES DEBIDAS A RETROVIRUS, NO CLASIFICADAS EN OTRA PARTE"
B338,503,OTRAS ENFERMEDADES VIRALES ESPECIFICADAS
B340,504,"INFECCION DEBIDA A ADENOVIRUS, SIN OTRA ESPECIFICACION"
B341,505,"INFECCION DEBIDA A ENTEROVIRUS, SIN OTRA ESPECIFICACION"
B342,506,"INFECCION DEBIDA A CORONAVIRUS, SIN OTRA ESPECIFICACION"
B343,507,"INFECCION DEBIDA A PARVOVIRUS, SIN OTRA ESPECIFICACION"
B344,508,"INFECCION DEBIDA A PAPOVAVIRUS, SIN OTRA ESPECIFICACION"
B348,509,OTRAS INFECCIONES VIRALES DE SITIO NO ESPECIFICADO
B349,510,"INFECCION VIRAL, NO ESPECIFICADA"
B350,511,TIÑA DE LA BARBA Y DEL CUERO CABELLUDO
B351,512,TIÑA DE LAS UÑAS
B352,513,TIÑA DE LA MANO
B353,514,TIÑA DEL PIE [TINEA PEDIS]
B354,515,TIÑA DEL CUERPO [TINEA CORPORIS]
B355,516,TIÑA IMBRICADA [TINEA IMBRICATA]
B356,517,TIÑA INGUINAL [TINEA CRURIS]
B358,518,OTRAS DERMATOFITOSIS
B359,519,"DERMATOFITOSIS, NO ESPECIFICADA"
B360,520,PITIRIASIS VERSICOLOR
B361,521,TIÑA NEGRA
B362,522,PIEDRA BLANCA
B363,523,PIEDRA NEGRA
B368,524,OTRAS MICOSIS SUPERFICIALES ESPECIFICADAS
B369,525,"MICOSIS SUPERFICIAL, SIN OTRA ESPECIFICACION"
B370,526,ESTOMATITIS CANDIDIASICA
B371,527,CANDIDIASIS PULMONAR
B372,528,CANDIDIASIS DE LA PIEL Y DE LAS UÑAS
B373,529,CANDIDIASIS DE LA VULVA Y DE LA VAGINA (N77.1*)
B374,530,CANDIDIASIS DE OTRAS LOCALIZACIONES UROGENITALES
B375,531,MENINGITIS DEBIDA A CANDIDA (G02.1*)
B376,532,ENDOCARDITIS DEBIDA A CANDIDA (I39.8*)
B377,533,SEPTICEMIA DEBIDA A CANDIDA
B378,534,CANDIDIASIS DE OTROS SITIOS
B379,535,"CANDIDIASIS, NO ESPECIFICADA"
B380,536,COCCIDIOIDOMICOSIS PULMONAR AGUDA
B381,537,COCCIDIOIDOMICOSIS PULMONAR CRONICA
B382,538,"COCCIDIOIDOMICOSIS PULMONAR, SIN OTRA ESPECIFICACION"
B383,539,COCCIDIOIDOMICOSIS CUTANEA
B384,540,MENINGITIS DEBIDA A COCCIDIOIDOMICOSIS (G02.1*)
B387,541,COCCIDIOIDOMICOSIS DISEMINADA
B388,542,OTRAS FORMAS DE COCCIDIOIDOMICOSIS
B389,543,"COCCIDIOIDOMICOSIS, NO ESPECIFICADA"
B390,544,INFECCION PULMONAR AGUDA DEBIDA A HISTOPLASMA CAPSULATUM
B391,545,INFECCION PULMONAR CRONICA DEBIDA A HISTOPLASMA CAPSULATUM
B392,546,"INFECCION PULMONAR DEBIDA A HISTOPLASMA CAPSULATUM, SIN OTRA ESPECIFICACION"
B393,547,INFECCION DISEMINADA DEBIDA A HISTOPLASMA CAPSULATUM
B394,548,"HISTOPLASMOSIS DEBIDA A HISTOPLASMA CAPSULATUM, SIN OTRA ESPECIFICACION"
B395,549,INFECCION DEBIDA A HISTOPLASMA DUBOISII
B399,550,"HISTOPLASMOSIS, NO ESPECIFICADA"
B400,551,BLASTOMICOSIS PULMONAR AGUDA
B401,552,BLASTOMICOSIS PULMONAR CRONICA
B402,553,"BLASTOMICOSIS PULMONAR, SIN OTRA ESPECIFICACION"
B403,554,BLASTOMICOSIS CUTANEA
B407,555,BLASTOMICOSIS DISEMINADA
B408,556,OTRAS FORMAS DE BLASTOMICOSIS
B409,557,"BLASTOMICOSIS, NO ESPECIFICADA"
B410,558,PARACOCCIDIOIDOMICOSIS PULMONAR
B417,559,PARACOCCIDIOIDOMICOSIS DISEMINADA
B418,560,OTRAS FORMAS PARACOCCIDIOIDOMICOSIS
B419,561,"PARACOCCIDIOIDOMICOSIS, NO ESPECIFICADA"
B420,562,ESPOROTRICOSIS PULMONAR (J99.8*)
B421,563,ESPOROTRICOSIS LINFOCUTANEA
B427,564,ESPOROTRICOSIS DISEMINADA
B428,565,OTRAS FORMAS DE ESPOROTRICOSIS
B429,566,"ESPOROTRICOSIS, NO ESPECIFICADA"
B430,567,CROMOMICOSIS CUTANEA
B431,568,ABSCESO CEREBRAL FEOMICOTICO
B432,569,ABSCESO Y QUISTE SUBCUTANEO FEOMICOTICO
B438,570,OTRAS FORMAS DE CROMOMICOSIS
B439,571,"CROMOMICOSIS, NO ESPECIFICADA"
B440,572,ASPERGILOSIS PULMONAR INVASIVA
B441,573,OTRAS ASPERGILOSIS PULMONARES
B442,574,ASPERGILOSIS AMIGDALINA
B447,575,ASPERGILOSIS DISEMINADA
B448,576,OTRAS FORMAS DE ASPERGILOSIS
B449,577,"ASPERGILOSIS, NO ESPECIFICADA"
B450,578,CRIPTOCOCOSIS PULMONAR
B451,579,CRIPTOCOCOSIS CEREBRAL
B452,580,CRIPTOCOCOSIS CUTANEA
B453,581,CRIPTOCOCOSIS OSEA
B457,582,CRIPTOCOCOSIS DISEMINADA
B458,583,OTRAS FORMAS DE CRIPTOCOCOSIS
B459,584,"CRIPTOCOCOSIS, NO ESPECIFICADA"
B460,585,MUCORMICOSIS PULMONAR
B461,586,MUCORMICOSIS RINOCEREBRAL
B462,587,MUCORMICOSIS GASTROINTESTINAL
B463,588,MUCORMICOSIS CUTANEA
B464,589,MUCORMICOSIS DISEMINADA
B465,590,"MUCORMICOSIS, SIN OTRA ESPECIFICACION"
B468,591,OTRAS CIGOMICOSIS
B469,592,"CIGOMICOSIS, NO ESPECIFICADA"
B470,593,EUMICETOMA
B471,594,ACTINOMICETOMA
B479,595,"MICETOMA, NO ESPECIFICADO"
B480,596,LOBOMICOSIS
B481,597,RINOSPORIDIOSIS
B482,598,ALESQUERIASIS
B483,599,GEOTRICOSIS
B484,600,PENICILOSIS
B487,601,MICOSIS OPORTUNISTAS
B488,602,OTRAS MICOSIS ESPECIFICADAS
B49,603,"MICOSIS, NO ESPECIFICADA"
B500,604,PALUDISMO DEBIDO A PLASMODIUM FALCIPARUM CON COMPLICACIONES CEREBRALES
B508,605,OTRO PALUDISMO GRAVE Y COMPLICADO DEBIDO A PLASMODIUM FALCIPARUM
B509,606,"PALUDISMO DEBIDO A PLASMODIUM FALCIPARUM, SIN OTRA ESPECIFICACION"
B510,607,PALUDISMO DEBIDO A PLASMODIUM VIVAX CON RUPTURA ESPLENICA
B518,608,PALUDISMO DEBIDO A PLASMODIUM VIVAX CON OTRAS COMPLICACIONES
B519,609,"PALUDISMO DEBIDO A PLASMODIUM VIVAX, SIN COMPLICACIONES"
B520,610,PALUDISMO DEBIDO A PLASMODIUM MALARIAE CON NEFROPATIA
B528,611,PALUDISMO DEBIDO A PLASMODIUM MALARIAE CON OTRAS COMPLICACIONES
B529,612,"PALUDISMO DEBIDO A PLASMODIUM MALARIAE, SIN COMPLICACIONES"
B530,613,PALUDISMO DEBIDO A PLASMODIUM AVALE
B531,614,PALUDISMO DEBIDO A PLASMODIOS DE LOS SIMIOS
B538,615,"OTRO PALUDISMO CONFIRMADO PARASITOLOGICAMENTE, NO CLASIFICADO EN OTRA PARTE"
B54,616,PALUDISMO [MALARIA] NO ESPECIFICADO
B550,617,LEIISHMANIASIS VISCERAL
B551,618,LEISHMANIASIS CUTANEA
B552,619,LEISHMANIASIS MUCOCUTANEA
B559,620,"LEISHMANIASIS, NO ESPECIFICADA"
B560,621,TRIPANOSOMIASIS GAMBIENSE
B561,622,TRIPANOSOMIASIS RHODESIENSE
B569,623,"TRIPANOSOMIASIS AFRICANA, SIN OTRA ESPECIFICACIÓN"
B570,624,"ENFERMEDAD DE CHAGAS AGUDA QUE AFECTA AL CORAZON (141.2*, 198.1*)"
B571,625,ENFERMEDAD DE CHAGAS AGUDA QUE NO AFECTA AL CORAZON
B572,626,ENFERMEDAD DE CHAGAS (CRONICA) QUE AFECTA AL CORAZON 
B573,627,ENFERMEDAD DE CHAGAS (CRONICA) QUE AFECTA AL SISTEMA DIGESTIVO
B574,628,ENFERMEDAD DE CHAGAS (CRONICA) QUE AFECTA AL SISTEMA NERVIOSO
B575,629,ENFERMEDAD DE CHAGAS (CRONICA) QUE AFECTA OTROS ORGANOS
B580,630,OCULOPATIA DEBIDA A TOXOPLASMA
B581,631,HEPATITIS DEBIDA A TOXOPLASMA (K77.0*)
B582,632,MENINGOENCEFALITIS DEBIDA A TOXOPLASMA (G05.2*)
B583,633,TOXOPLASMOSIS PULMONAR (J17.3*)
B588,634,TOXOPLASMOSIS CON OTRO ORGANO AFECTADO
B589,635,"TOXOPLASMOSIS, NO ESPECIFICADA"
B59,636,NEUMOCISTOSIS (J17.3*)
B600,637,BABESIOSIS
B601,638,ACANTAMEBIASIS
B602,639,NAEGLERIASIS
B608,640,OTRAS ENFERMEDADES ESPECIFICADAS DEBIDAS A PROTOZARIOS
B64,641,"ENFERMEDAD DEBIDA A PROTOZOARIOS, NO ESPECIFICADA"
B650,642,ESQUISTOSOMIASIS DEBIDA A SCHISTOSOMA HAEMATOBIUM [ESQUISTOSOMIASIS URINARIA]
B651,643,ESQUISTOSOMIASIS DEBIDA A SCHISTOSOMA MANSONI [ESQUISTOSOMIASIS INTESTINAL]
B652,644,ESQUISTOSOMIASIS DEBIDA A SCHISTOSOMA JAPONICUM
B653,645,DERMATITIS POR CERCARIAS
B658,646,OTRAS ESQUISTOSOMIASIS
B659,647,"ESQUISTOSOMIASIS, NO ESPECIFICADA"
B660,648,OPISTORQUIASIS
B661,649,CLONORQUIASIS
B662,650,DICROCOELIASIS
B663,651,FASCIOLIASIS
B664,652,PARAGONIMIASIS
B665,653,FASCIOLOPSIASIS
B668,654,OTRAS INFECCIONES ESPECIFICADAS DEBIDAS A TREMATODOS
B669,655,"INFECCION DEBIDA A TREMATODOS, NO ESPECIFICADA"
B670,656,INFECCION DEL HIGADO DEBIDA A ECHINOCOCCUS GRANULOSUS
B671,657,INFECCION DEL PULMON DEBIDA A ECHINOCOCCUS GRANULOSUS
B672,658,INFECCION DE HUESO DEBIDA A ECHINOCOCCUS GRANULOSUS
B673,659,INFECCION DE OTRO ORGANO Y DE SITIOS MULTIPLES DEBIDA A ECHINOCOCCUS GRANULOSUS
B674,660,"INFECCION DEBIDA A ECHINOCOCCUS GRANULOSUS, SIN OTRA ESPECIFICACION"
B675,661,INFECCION DEL HIGADO DEBIDA A ECHINOCOCCUS MULTILOCULARIS
B676,662,INFECCION DE OTRO ORGANO Y DE SITIOS MULTIPLES DEBIDA A ECHINOCOCCUS MULTILOCULARIS
B677,663,"INFECCION DEBIDA A ECHINOCOCCUS MULTILOCULARIS, SIN OTRA ESPECIFICACION"
B678,664,"EQUINOCOCOSIS DEL HIGADO, NO ESPECIFICADA"
B679,665,"EQUINOCOCOSIS, OTRA Y LA NO ESPECIFICADA"
B680,666,TENIASIS DEBIDA A TAENIA SOLIUM
B681,667,INFECCION DEBIDA A TAENIA SAGINATA
B689,668,"TENIASIS, NO ESPECIFICADA"
B690,669,CISTICERCOSIS DEL SISTEMA NERVIOSO CENTRAL
B691,670,CISTICERCOSIS DEL OJO
B698,671,CISTICERCOSIS DE OTROS SITIOS
B699,672,"CISTICERCOSIS, NO ESPECIFICADA"
B700,673,DIFILOBOTRIASIS INTESTINAL
B701,674,ESPARGANOSIS
B710,675,HIMENOLEPIASIS
B711,676,DIPILIDIASIS
B718,677,OTRAS INFECCIONES DEBIDAS A CESTODOS ESPECIFICADAS
B719,678,"INFECCION DEBIDA A CESTODOS, NO ESPECIFICADA"
B72,679,DRACONTIASIS
B73,680,ONCOCERCOSIS
B740,681,FILARIASIS DEBIDA A WUCHERERIA BANCROFTI
B741,682,FILARIASIS DEBIDA A BRUGIA MALAYI
B742,683,FILARIASIS DEBIDA A BRUGIA TIMORI
B743,684,LOAIASIS
B744,685,MANSONELIASIS
B748,686,OTRAS FILARIASIS
B749,687,"FILARIASIS, NO ESPECIFICADA"
B75,688,TRIQUINOSIS
B760,689,ANQUILOSTOMIASIS
B761,690,NECATORIASIS
B768,691,OTRAS ENFERMEDADES DEBIDAS A ANQUILOSTOMAS
B769,692,"ENFERMEDAD DEBIDA A ANQUILOSTOMAS, NO ESPECIFICADA"
B770,693,ASCARIASIS CON COMPLICACIONES INTESTINALES
B778,694,ASCARIASIS CON OTRAS COMPLICACIONES
B779,695,"ASCARIASIS, NO ESPECIFICADA"
B780,696,ESTRONGILOIDIASIS INTESTINAL
B781,697,ESTRONGILOIDIASIS CUTANEA
B787,698,ESTRONGILOIDIASIS DISEMINADA
B789,699,"ESTRONGILOIDIASIS, NO ESPECIFICADA"
B79,700,TRICURIASIS
B80,701,ENTEROBIASIS
B810,702,ANISAQUIASIS
B811,703,CAPILARIASIS INTESTINAL
B812,704,TRICOESTRONGILIASIS
B813,705,ANGIOESTRONGILIASIS INTESTINAL
B814,706,HELMINTIASIS INTESTINAL MIXTA
B818,707,OTRAS HELMINTIASIS INTESTINALES ESPECIFICADAS
B820,708,"HELMINTIASIS INTESTINAL, SIN OTRA ESPECIFICACION"
B829,709,"PARASITOSIS INTESTINAL, SIN OTRA ESPECIFICACION"
B830,710,LARVA MIGRANS VISCERAL
B831,711,GNATOSTOMIASIS
B832,712,ANGIOESTRONGILIASIS DEBIDA A PARASTRONGYLUS CANTONENSIS
B833,713,SINGAMIASIS
B834,714,HIRUDINIASIS INTERNA
B838,715,OTRAS HELMINTIASIS ESPECIFICADAS
B839,716,"HELMINTIASIS, NO ESPECIFICADA"
B850,717,PEDICULOSIS DEBIDA A PEDICULUS HUMANUS CAPITIS
B851,718,PEDICULOSIS DEBIDA A PEDICULUS HUMANUS CORPORIS
B852,719,"PEDICULOSIS, SIN OTRA ESPECIFICACION"
B853,720,PHTHIRIASIS
B854,721,PEDICULOSIS Y PHTHIRIASIS MIXTAS
B86,722,ESCABIOSIS
B870,723,MIASIS CUTANEA
B871,724,MIASIS EN HERIDAS
B872,725,MIASIS OCULAR
B873,726,MIASIS NASOFARINGEA
B874,727,MIASIS AURAL
B878,728,MIASIS DE OTROS SITIOS
B879,729,"MIASIS, NO ESPECIFICADA"
B880,730,OTRAS ACARIASIS
B881,731,TUNGIASIS [INFECCION DEBIDA A PULGA DE ARENA]
B882,732,OTRAS INFESTACIONES DEBIDAS A ARTROPODOS
B883,733,HIRUDINIASIS EXTERNA
B888,734,OTRAS INFESTACIONES ESPECIFICAS
B889,735,"INFESTACION, NO ESPECIFICADA"
B89,736,"ENFERMEDAD PARASITARIA, NO ESPECIFICADA"
B900,737,SECUELAS DE TUBERCULOSIS DEL SISTEMA NERVIOSO CENTRAL
B901,738,SECUELAS DE TUBERCULOSIS GENITOURINARIA
B902,739,SECUELAS DE TUBERCULOSIS DE HUESOS Y ARTICULACIONES
B908,740,SECUELAS DE TUBERCULOSIS DE OTROS ORGANOS ESPECIFICADOS
B909,741,SECUELAS DE TUBERCULOSIS RESPIRATORIA Y DE TUBERCULOSIS NO ESPECIFICADA
B91,742,SECUELAS DE POLIOMIELITIS
B92,743,SECUELAS DE LEPRA
B940,744,SECUELAS DE TRACOMA
B941,745,SECUELAS DE ENCEFALITIS VIRAL
B942,746,SECUELAS DE HEPATITIS VIRAL
B948,747,SECUELAS DE OTRAS ENFERMEDADES INFECCIOSAS Y PARASITARIAS ESPECIFICADAS
B949,748,SECUELAS DE ENFERMEDADES INFECCIOSAS Y PARASITARIAS NO ESPECIFICADAS
B950,749,"ESTREPTOCOCO, GRUPO A, COMO CAUSA DE ENFERMEDADES CLASIFICADAS EN OTROS CAPITULOS"
B951,750,"ESTREPTOCOCO, GRUPO B, COMO CAUSA DE ENFERMEDADES CLASIFICADAS EN OTROS CAPITULOS"
B952,751,"ESTREPTOCOCO, GRUPO D, COMO CAUSA DE ENFERMEDADES CLASIFICADAS EN OTROS CAPITULOS"
B953,752,STREPTOCOCCUS PNEUMONIAE COMO CAUSA DE ENFERMEDADES CLASIFICADAS EN OTROS CAPITULOS
B954,753,OTROS STREPTOCOCOS COMO CAUSA DE ENFERMEDADES CLASIFICADAS EN OTROS CAPITULOS
B955,754,ESTREPTOCOCO NO ESPECIFICADO COMO CAUSA DE ENFERMEDADES CLASIFICADAS EN OTROS CAPITULOS
B956,755,STAPHYLOCOCCUS AUREUS COMO CAUSA DE ENFERMEDADES CLASIFICADAS EN OTROS CAPITULOS
B957,756,OTROS ESTAFILOCOCOS COMO CAUSA DE ENFERMEDADES CLASIFICADAS EN OTROS CAPITULOS
B958,757,"ESTAFILOCOCO NO ESPECIFICADO, COMO CAUSA DE ENFERMEDADES CLASIFICADAS EN OTROS CAPITULOS"
B960,758,MYCOPLASMA PNEUMONIAE [M. PNEUMONIAE] COMO CAUSA DE ENFERMEDADES CLASIFICADAS EN OTROS CAPITULOS
B961,759,KLEBSIELLA PNEUMONIAE [K. PNEUMONIAE] COMO CAUSA DE ENFERMEDADES CLASIFICADAS EN OTROS CAPITULOS
B962,760,ESCHERICHIA COLI [E. COLI] COMO CAUSA DE ENFERMEDADES CLASIFICADAS EN OTROS CAPITULOS
B963,761,HAEMOPHILUS INFLUENZAE [H. INFLUENZAE] COMO CAUSA DE ENFERMEDADES CLASIFICADAS EN OTROS CAPITULOS
B964,762,PROTEUS (MIRABILIS) (MORGANII) COMO CAUSA DE ENFERMEDADES CLASIFICADAS EN OTROS CAPITULOS
B965,763,PSEUDOMONAS (AERUGINOSA) (MALLEI) (PSEUDOMALLEI) COMO CAUSA DE ENFERMEDADES CLASIFICADAS EN OTROS CAPITULOS
B966,764,BACILLUS FRAGILIS [B. FRAGILIS] COMO CAUSA DE ENFERMEDADES CLASIFICADAS EN OTROS CAPITULOS
B967,765,CLOSTRIDIUM PERFRINGENS [C. PERFRINGENS] COMO CAUSA DE ENFERMEDADES CLASIFICADAS EN OTROS CAPITULOS
B968,766,OTROS AGENTES BACTERIANOS ESPECIFICADOS COMO CAUSA DE ENFERMEDADES CLASIFICADAS EN OTROS CAPITULOS
B970,767,ADENOVIRUS COMO CAUSA DE ENFERMEDADES CLASIFICADAS EN OTROS CAPITULOS
B971,768,ENTEROVIRUS COMO CAUSA DE ENFERMEDADES CLASIFICADAS EN OTROS CAPITULOS
B972,769,CORONAVIRUS COMO CAUSA DE ENFERMEDADES CLASIFICADAS EN OTROS CAPITULOS
B973,770,RETROVIRUS COMO CAUSA DE ENFERMEDADES CLASIFICADAS EN OTROS CAPITULOS
B974,771,VIRUS SINCICIAL RESPIRATORIO COMO CAUSA DE ENFERMEDADES CLASIFICADAS EN OTROS CAPITULOS
B975,772,REOVIRUS COMO CAUSA DE ENFERMEDADES CLASIFICADAS EN OTROS CAPITULOS
B976,773,PARVOVIRUS COMO CAUSA DE ENFERMEDADES CLASIFICADAS EN OTROS CAPITULOS
B977,774,PAPILOMAVIRUS COMO CAUSA DE ENFERMEDADES CLASIFICADAS EN OTROS CAPITULOS
B978,775,OTROS AGENTES VIRALES COMO CAUSA DE ENFERMEDADES CLASIFICADAS EN OTROS CAPITULOS
B99,776,OTRAS ENFERMEDADES INFECCIOSAS Y LAS NO ESPECIFICADAS
C000,777,"TUMOR MALIGNO DEL LABIO SUPERIOR, CARA EXTERNA"
C001,778,"TUMOR MALIGNO DEL LABIO INFERIOR, CARA EXTERNA"
C002,779,"TUMOR MALIGNO DEL LABIO, CARA EXTERNA, SIN OTRA ESPECIFICACIÓN"
C003,780,"TUMOR MALIGNO DEL LABIO SUPERIOR, CARA INTERNA"
C004,781,"TUMOR MALIGNO DEL LABIO INFERIOR, CARA INTERNA"
C005,782,"TUMOR MALIGNO DEL LABIO, CARA INTERNA, SIN OTRA ESPECIFICACION"
C006,783,TUMOR MALIGNO DE LA COMISURA LABIAL
C008,784,LESION DE SITIOS CONTIGUOS DEL LABIO
C009,785,"TUMOR MALIGNO DEL LABIO, PARTE NO ESPECIFICADA"
C01,786,TUMOR MALIGNO DE LA BASE DE LA LENGUA
C020,787,TUMOR MALIGNO DE LA CARA DORSAL DE LA LENGUA
C021,788,TUMOR MALIGNO DEL BORDE DE LA LENGUA
C022,789,TUMOR MALIGNO DE LA CARA VENTRAL DE LA LENGUA
C023,790,"TUMOR MALIGNO DE LOS DOS TERCIOS ANTERIORES DE LA LENGUA, PARTE NO ESPECIFICADA"
C024,791,TUMOR MALIGNO DE LA AMIGDALA LINGUAL
C028,792,LESION DE SITIOS CONTIGUOS DE LA LENGUA
C029,793,"TUMOR MALIGNO DE LA LENGUA, PARTE NO ESPECIFICADA"
C030,794,TUMOR MALIGNO DE LA ENCIA SUPERIOR
C031,795,TUMOR MALIGNO DE LA ENCIA INFERIOR
C039,796,"TUMOR MALIGNO DE LA ENCIA, PARTE NO ESPECIFICADA"
C040,797,TUMOR MALIGNO DE LA PARTE ANTERIOR DEL PISO DE LA BOCA
C041,798,TUMOR MALIGNO DE LA PARTE LATERAL DEL PISO DE LA BOCA
C048,799,LESION DE SITIOS CONTIGUOS DEL PISO DE LA BOCA
C049,800,"TUMOR MALIGNO DEL PISO DE LA BOCA, PARTE NO ESPECIFICADA"
C050,801,TUMOR MALIGNO DEL PALADAR DURO
C051,802,TUMOR MALIGNO DEL PALADAR BLANDO
C052,803,TUMOR MALIGNO DE LA UVULA
C058,804,LESION DE SITIOS CONTIGUOS DEL PALADAR
C059,805,"TUMOR MALIGNO DEL PALADAR, PARTE NO ESPECIFICADA"
C060,806,TUMOR MALIGNO DE LA MUCOSA DE LA MEJILLA
C061,807,TUMOR MALIGNO DEL VESTIBULO DE LA BOCA
C062,808,TUMOR MALIGNO DEL AREA RETROMOLAR
C068,809,LESION DE SITIOS CONTIGUOS DE OTRAS PARTES Y DE LAS NO ESPECIFICADAS DE LA BOCA
C069,810,"TUMOR MALIGNO DE LA BOCA, PARTE NO ESPECIFICADA"
C07,811,TUMOR MALIGNO DE LA GLANDULA PAROTIDA
C080,812,TUMOR MALIGNO DE LA GLANDULA SUBMAXILAR
C081,813,TUMOR MALIGNO DE LA GLANDULA SUBLINGUAL
C088,814,LESION DE SITIOS CONTIGUOS DE LAS GLANDULAS SALIVALES MAYORES
C089,815,"TUMOR MALIGNO DE GLANDULA SALIVAL MAYOR, NO ESPECIFICADA"
C090,816,TUMOR MALIGNO DE LA FOSA AMIGDALINA
C091,817,TUMOR MALIGNO DEL PILAR AMIGDALINO (ANTERIOR) (POSTERIOR)
C098,818,LESION DE SITIOS CONTIGUOS DE LA AMIGDALA
C099,819,"TUMOR MALIGNO DE LA AMIGDALA, PARTE NO ESPECIFICADA"
C100,820,TUMOR MALIGNO DE LA VALECULA
C101,821,TUMOR MALIGNO DE LA CARA ANTERIOR DE LA EPIGLOTIS
C102,822,TUMOR MALIGNO DE LA PARED LATERAL DE LA OROFARINGE
C103,823,TUMOR MALIGNO DE LA PARED POSTERIOR DE LA OROFARINGE
C104,824,TUMOR MALIGNO DE LA HENDIDURA BRANQUIAL
C108,825,LESION DE SITIOS CONTIGUOS DE LA OROFARINGE
C109,826,"TUMOR MALIGNO DE LA OROFARINGE, PARTE NO ESPECIFICADA"
C110,827,TUMOR MALIGNO DE LA PARED SUPERIOR DE LA NASOFARINGE
C111,828,TUMOR MALIGNO DE LA PARED POSTERIOR DE LA NASOFARINGE
C112,829,TUMOR MALIGNO DE LA PARED LATERAL DE LA NASOFARINGE
C113,830,TUMOR MALIGNO DE LA PARED ANTERIOR DE LA NASOFARINGE
C118,831,LESION DE SITIOS CONTIGUOS DE LA NASOFARINGE
C119,832,"TUMOR MALIGNO DE LA NASOFARINGE, PARTE NO ESPECIFICADA"
C12,833,TUMOR MALIGNO DEL SENO PIRIFORME
C130,834,TUMOR MALIGNO DE LA REGION POSTCRICOIDEA
C131,835,"TUMOR MALIGNO DEL PLIEGUE ARITENOEPIGLOTICO, CARA HIPOFARINGEA"
C132,836,TUMOR MALIGNO DE LA PARED POSTERIOR DE LA HIPOFARINGE
C138,837,LESION DE SITIOS CONTIGUOS DE LA HIPOFARINGE
C139,838,"TUMOR MALIGNO DE LA HIPOFARINGE, PARTE NO ESPECIFICADA"
C140,839,"TUMOR MALIGNO DE LA FARINGE, PARTE NO ESPECIFICADA"
C142,840,TUMOR MALIGNO DEL ANILLO DE WALDEYER
C148,841,"LESION DE SITIOS CONTIGUOS DEL LABIO, DE LA CAVIDAD BUCAL Y DE LA LARINGE"
C150,842,"TUMOR MALIGNO DEL ESOFAGO, PORCION CERVICAL"
C151,843,"TUMOR MALIGNO DEL ESOFAGO, PORCION TORACICA"
C152,844,"TUMOR MALIGNO DEL ESOFAGO, PORCION ABDOMINAL"
C153,845,TUMOR MALIGNO DEL TERCIO SUPERIOR DEL ESOFAGO
C154,846,TUMOR MALIGNO DEL TERCIO MEDIO DEL ESOFAGO
C155,847,TUMOR MALIGNO DEL TERCIO INFERIOR DEL ESOFAGO
C158,848,LESION DE SITIOS CONTIGUOS DEL ESOFAGO
C159,849,"TUMOR MALIGNO DEL ESOFAGO, PARTE NO ESPECIFICADA"
C160,850,TUMOR MALIGNO DEL CARDIAS
C161,851,TUMOR MALIGNO DEL FUNDUS GASTRICO
C162,852,TUMOR MALIGNO DEL CUERPO DEL ESTOMAGO
C163,853,TUMOR MALIGNO DEL ANTRO PILORICO
C164,854,TUMOR MALIGNO DEL PILORO
C165,855,"TUMOR MALIGNO DE LA CURVATURA MENOR DEL ESTOMAGO, SIN OTRA ESPECIFICACION"
C166,856,"TUMOR MALIGNO DE LA CURVATURA MAYOR DEL ESTOMAGO, SIN OTRA ESPECIFICACION"
C168,857,LESION DE SITIOS CONTIGUOS DEL ESTOMAGO
C169,858,"TUMOR MALIGNO DEL ESTOMAGO, PARTE NO ESPECIFICADA"
C170,859,TUMOR MALIGNO DEL DUODENO
C171,860,TUMOR MALIGNO DEL YEYUNO
C172,861,TUMOR MALIGNO DEL ILEON
C173,862,TUMOR MALIGNO DEL DIVERTICULO DE MECKEL
C178,863,TUMOR MALIGNO DEL LESION DE SITIOS CONTIGUOS DEL INTESTINO DELGADO
C179,864,"TUMOR MALIGNO DEL INTESTINO DELGADO, PARTE NO ESPECIFICADA"
C180,865,TUMOR MALIGNO DEL CIEGO
C181,866,TUMOR MALIGNO DEL APENDICE
C182,867,TUMOR MALIGNO DEL COLON ASCENDENTE
C183,868,TUMOR MALIGNO DEL ANGULO HEPATICO
C184,869,TUMOR MALIGNO DEL COLON TRANSVERSO
C185,870,TUMOR MALIGNO DEL ANGULO ESPLENICO
C186,871,TUMOR MALIGNO DEL COLON DESCENDENTE
C187,872,TUMOR MALIGNO DEL COLON SIGMOIDE
C188,873,LESION DE SITIOS CONTIGUOS DEL COLON
C189,874,"TUMOR MALIGNO DEL COLON, PARTE NO ESPECIFICADA"
C19,875,TUMOR MALIGNO DE LA UNION RECTOSIGMOIDEA
C20,876,TUMOR MALIGNO DEL RECTO
C210,877,"TUMOR MALIGNO DEL ANO, PARTE NO ESPECIFICADA"
C211,878,TUMOR MALIGNO DEL CONDUCTO ANAL
C212,879,TUMOR MALIGNO DE LA ZONA CLOACOGENICA
C218,880,"LESION DE SITIOS CONTIGUOS DEL ANO, DEL CONDUCTO ANAL Y DEL RECTO"
C220,881,CARCINOMA DE CELULAS HEPATICAS
C221,882,CARCINOMA DE VIAS BILIARES INTRAHEPATICAS
C222,883,HEPATOBLASTOMA
C223,884,ANGIOSARCOMA DEL HIGADO
C224,885,OTROS SARCOMAS DEL HIGADO
C227,886,OTROS CARCINOMAS ESPECIFICADOS DEL HIGADO
C229,887,"TUMOR MALIGNO DEL HIGADO, NO ESPECIFICADO"
C23,888,TUMOR MALIGNO DE LA VESICULA BILIAR
C240,889,TUMOR MALIGNO D E LAS VIAS BILIARES EXTRAHEPATICAS
C241,890,TUMOR MALIGNO DE LA AMPOLLA DE VATER
C248,891,LESION DE SITIOS CONTIGUOS DE LAS VIAS BILIARES
C249,892,"TUMOR MALIGNO DE LAS VIAS BILIARES, PARTE NO ESPECIFICADA"
C250,893,TUMOR MALIGNO DE LA CABEZA DEL PANCREAS
C251,894,TUMOR MALIGNO DEL CUERPO DEL PANCREAS
C252,895,TUMOR MALIGNO DE LA COLA DEL PANCREAS
C253,896,TUMOR MALIGNO DEL CONDUCTO PANCREATICO
C254,897,TUMOR MALIGNO DEL PANCREAS ENDOCRINO
C257,898,TUMOR MALIGNO DE OTRAS PARTES ESPECIFICADAS DEL PANCREAS
C258,899,LESION DE SITIOS CONTIGUOS DEL PANCREAS
C259,900,"TUMOR MALIGNO DEL PANCREAS, PARTE NO ESPECIFICADA"
C260,901,"TUMOR MALIGNO DEL INTESTINO, PARTE NO ESPECIFICADA"
C261,902,TUMOR MALIGNO DEL BAZO
C268,903,LESION DE SITIOS CONTIGUOS DE LOS ORGANOS DIGESTIVOS
C269,904,TUMOR MALIGNO DE SITIOS MAL DEFINIDOS DE LOS ORGANOS DIGESTIVOS
C300,905,TUMOR MALIGNO DE LA FOSA NASAL
C301,906,TUMOR MALIGNO DEL OIDO MEDIO
C310,907,TUMOR MALIGNO DEL SENO MAXILAR
C311,908,TUMOR MALIGNO DEL SENO ETMOIDAL
C312,909,TUMOR MALIGNO DEL SENO FRONTAL
C313,910,TUMOR MALIGNO DEL SENO ESFENOIDAL
C318,911,LESION DE SITIOS CONTIGUOS DE LOS SENOS PARANASALES
C319,912,TUMOR MALIGNO DEL SENO PARANASAL NO ESPECIFICADO
C320,913,TUMOR MALIGNO DE LA GLOTIS
C321,914,TUMOR MALIGNO DE LA REGION SUPRAGLOTICA
C322,915,TUMOR MALIGNO DE LA REGION SUBGLOTICA
C323,916,TUMOR MALIGNO DEL CARTILAGO LARINGEO
C328,917,LESION DE SITIOS CONTIGUOS DE LA LARINGE
C329,918,"TUMOR MALIGNO DE LA LARINGE, PARTE NO ESPECIFICADA"
C33,919,TUMOR MALIGNO DE LA TRAQUEA
C340,920,TUMOR MALIGNO DEL BRONQUIO PRINCIPAL
C341,921,"TUMOR MALIGNO DEL LOBULO SUPERIOR, BRONQUIO O PULMON"
C342,922,"TUMOR MALIGNO DEL LOBULO MEDIO, BRONQUIO O PULMON"
C343,923,"TUMOR MALIGNO DEL LOBULO INFERIOR, BRONQUIO O PULMON"
C348,924,LESION DE SITIOS CONTIGUOS DE LOS BRONQUIOS Y DEL PULMON
C349,925,"TUMOR MALIGNO DE LOS BRONQUIOS O DEL PULMON, PARTE NO ESPECIFICADA"
C37,926,TUMOR MALIGNO DEL TIMO
C380,927,TUMOR MALIGNO DEL CORAZON
C381,928,TUMOR MALIGNO DEL MEDIASTINO ANTERIOR
C382,929,TUMOR MALIGNO DEL MEDIASTINO POSTERIOR
C383,930,"TUMOR MALIGNO DEL MEDIASTINO, PARTE NO ESPECIFICADA"
C384,931,TUMOR MALIGNO DE LA PLEURA
C388,932,"LESION DE SITIOS CONTIGUOS DEL CORAZON, DEL MEDIASTINO Y DE LA PLEURA"
C390,933,"TUMOR MALIGNO DE LAS VIAS RESPIRATORIAS SUPERIORES, PARTE NO ESPECIFICADA"
C398,934,LESION DE SITIOS CONTIGUOS DE LOS ORGANOS RESPIRATORIOS E INTRATORACICOS
C399,935,TUMOR MALIGNO DE SITIOS MAL DEFINIDOS DEL SISTEMA RESPIRATORIO
C400,936,TUMOR MALIGNO DEL OMOPLATO Y DE LOS HUESOS LARGOS DEL MIEMBRO SUPERIOR
C401,937,TUMOR MALIGNO DE LOS HUESOS CORTOS DEL MIEMBRO SUPERIOR
C402,938,TUMOR MALIGNO DE LOS HUESOS LARGOS DEL MIEMBRO INFERIOR
C403,939,TUMOR MALIGNO DE LOS HUESOS CORTOS DEL MIEMBRO INFERIOR
C408,940,LESION DE SITIOS CONTIGUOS DE LOS HUESOS Y DE LOS CARTILAGOS ARTICULARES DE LOS MIEMBROS
C409,941,"TUMOR MALIGNO DE LOS HUESOS Y DE LOS CARTILAGOS ARTICULARES DE LOS MIEMBROS, SIN OTRA ESPECIFICACION"
C410,942,TUMOR MALIGNO DE LOS HUESOS DEL CRANEO Y DE LA CARA
C411,943,TUMOR MALIGNO DEL HUESO DEL MAXILAR INFERIOR
C412,944,TUMOR MALIGNO DE LA COLUMNA VERTEBRAL
C413,945,"TUMOR MALIGNO DE LA COSTILLA, ESTERNON Y CLAVICULA"
C414,946,"TUMOR MALIGNO DE LOS HUESOS DE LA PELVIS, SACRO Y COCCIX"
C418,947,LESION DE SITIOS CONTIGUOS DEL HUESO Y DEL CARTILAGO ARTICULAR
C419,948,"TUMOR MALIGNO DE HUESO Y DEL CARTILAGO ARTICULAR, NO ESPECIFICADO"
C430,949,MELANOMA MALIGNO DEL LABIO
C431,950,"MELANOMA MALIGNO DEL PARPADO, INCLUIDA LA COMISURA PALPEBRAL"
C432,951,MELANOMA MALIGNO DE LA OREJA Y DEL CONDUCTO AUDITIVO EXTERNO
C433,952,MELANOMA MALIGNO DE LAS OTRAS PARTES Y LAS NO ESPECIFICADAS DE LA CARA
C434,953,MELANOMA MALIGNO DEL CUERO CABELLUDO Y DEL CUELLO
C435,954,MELANOMA MALIGNO DEL TRONCO
C436,955,"MELANOMA MALIGNO DEL MIEMBRO SUPERIOR, INCLUIDO EL HOMBRO"
C437,956,"MELANOMA MALIGNO DEL MIEMBRO INFERIOR, INCLUIDA LA CADERA"
C438,957,MELANOMA MALIGNO DE SITIOS CONTIGUOS DE LA PIEL
C439,958,"MELANOMA MALIGNO DE PIEL, SITIO NO ESPECIFICADO"
C440,959,TUMOR MALIGNO DE LA PIEL DEL LABIO
C441,960,"TUMOR MALIGNO DE LA PIEL DEL PARPADO, INCLUIDA LA COMISURA PALPEBRAL"
C442,961,TUMOR MALIGNO DE LA PIEL DE LA OREJA Y DEL CONDUCTO AUDITIVO EXTERNO
C443,962,TUMOR MALIGNO DE LA PIEL DE OTRAS PARTES Y DE LAS NO ESPECIFICADAS DE LA CARA
C444,963,TUMOR MALIGNO DE LA PIEL DEL CUERO CABELLUDO Y DEL CUELLO
C445,964,TUMOR MALIGNO DE LA PIEL DEL TRONCO
C446,965,"TUMOR MALIGNO DE LA PIEL DEL MIEMBRO SUPERIOR, INCLUIDO EL HOMBRO"
C447,966,"TUMOR MALIGNO DE LA PIEL DEL MIEMBRO INFERIOR, INCLUIDA LA CADERA"
C448,967,LESION DE SITIOS CONTIGUOS DE LA PIEL
C449,968,"TUMOR MALIGNO DE LA PIEL, SITIO NO ESPECIFICADO"
C450,969,MESOTELIOMA DE LA PLEURA
C451,970,MESOTELIOMA DEL PERITONEO
C452,971,MESOTELIOMA DEL PERICARDIO
C457,972,MESOTELIOMA DE OTROS SITIOS ESPECIFICADOS
C459,973,"MESOTELIOMA, DE SITIO NO ESPECIFICADO"
C460,974,SARCOMA DE KAPOSI DE LA PIEL
C461,975,SARCOMA DE KAPOSI DEL TEJIDO BLANDO
C462,976,SARCOMA DE KAPOSI DEL PALADAR
C463,977,SARCOMA DE KAPOSI DE LOS GANGLIOS LINFATICOS
C467,978,SARCOMA DE KAPOSI DE OTROS SITIOS ESPECIFICADOS
C468,979,SARCOMA DE KAPOSI DE MULTIPLES ORGANOS
C469,980,"SARCOMA DE KAPOSI, DE SITIO NO ESPECIFICADO"
C470,981,"TUMOR MALIGNO DE LOS NERVIOS PERIFERICOS DE LA CABEZA, CARA Y CUELLO"
C471,982,"TUMOR MALIGNO DE LOS NERVIOS PERIFERICOS DEL MIEMBRO SUPERIOR, INCLUIDO EL HOMBRO"
C472,983,"TUMOR MALIGNO DE LOS NERVIOS PERIFERICOS DEL MIEMBRO INFERIOR, INCLUIDA LA CADERA"
C473,984,TUMOR MALIGNO DE LOS NERVIOS PERIFERICOS DEL TORAX
C474,985,TUMOR MALIGNO DE LOS NERVIOS PERIFERICOS DEL ABDOMEN
C475,986,TUMOR MALIGNO DE LOS NERVIOS PERIFERICOS DE LA PELVIS
C476,987,"TUMOR MALIGNO DE LOS NERVIOS PERIFERICOS DEL TRONCO, SIN OTRA ESPECIFICACION"
C478,988,LESION DE SITIOS CONTIGUOS DE LOS NERVIOS PERIFERICOS Y DEL SISTEMA NERVIOSO AUTONOMO
C479,989,"TUMOR MALIGNO DE LOS NERVIOS PERIFERICOS Y DEL SISTEMA NERVIOSO AUTONOMO, PARTE NO ESPECIFICADA"
C480,990,TUMOR MALIGNO DEL RETROPERITONEO
C481,991,TUMOR MALIGNO DE PARTE ESPECIFICADA DEL PERITONEO
C482,992,"TUMOR MALIGNO DEL PERITONEO, SIN OTRA ESPECIFICACION"
C488,993,LESION DE SITIOS CONTIGUOS DEL PERITONEO Y DEL RETROPERITONEO
C490,994,"TUMOR MALIGNO DEL TEJIDO CONJUNTIVO Y TEJIDO BLANDO DE LA CABEZA, CARA Y CUELLO"
C491,995,"TUMOR MALIGNO DEL TEJIDO CONJUNTIVO Y TEJIDO BLANDO DEL MIEMBRO SUPERIOR, INCLUIDO EL HOMBRO"
C492,996,"TUMOR MALIGNO DEL TEJIDO CONJUNTIVO Y TEJIDO BLANDO DEL MIEMBRO INFERIOR, INCLUIDA LA CADERA"
C493,997,TUMOR MALIGNO DEL TEJIDO CONJUNTIVO Y TEJIDO BLANDO DEL TORAX
C494,998,TUMOR MALIGNO DEL TEJIDO CONJUNTIVO Y TEJIDO BLANDO DEL ABDOMEN
C495,999,TUMOR MALIGNO DEL TEJIDO CONJUNTIVO Y TEJIDO BLANDO DE LA PELVIS
C496,1000,"TUMOR MALIGNO DEL TEJIDO CONJUNTIVO Y TEJIDO BLANDO DEL TRONCO, SIN OTRA ESPECIFICACION"
C498,1001,LESION DE SITIOS CONTIGUOS DEL TEJIDO CONJUNTIVO Y DEL TEJIDO DEL BLANDO
C499,1002,"TUMOR MALIGNO DEL TEJIDO CONJUNTIVO Y TEJIDO BLANDO, DE SITIO NO ESPECIFICADO"
C500,1003,TUMOR MALIGNO DEL PEZON Y AREOLA MAMARIA
C501,1004,TUMOR MALIGNO DE LA PORCION CENTRAL DE LA MAMA
C502,1005,TUMOR MALIGNO DEL CUADRANTE SUPERIOR INTERNO DE LA MAMA
C503,1006,TUMOR MALIGNO DEL CUADRANTE INFERIOR INTERNO DE LA MAMA
C504,1007,TUMOR MALIGNO DEL CUADRANTE SUPERIOR EXTERNO DE LA MAMA
C505,1008,TUMOR MALIGNO DEL CUADRANTE INFERIOR EXTERNO DE LA MAMA
C506,1009,TUMOR MALIGNO DE LA PROLONGACION AXILAR DE LA MAMA
C508,1010,LESION DE SITIOS CONTIGUOS DE LA MAMA
C509,1011,"TUMOR MALIGNO DE LA MAMA, PARTE NO ESPECIFICADA"
C510,1012,TUMOR MALIGNO DEL LABIO MAYOR
C511,1013,TUMOR MALIGNO DEL LABIO MENOR
C512,1014,TUMOR MALIGNO DEL CLITORIS
C518,1015,LESION DE SITIOS CONTIGUOS DE LA VULVA
C519,1016,"TUMOR MALIGNO DE LA VULVA, PARTE NO ESPECIFICADA"
C52,1017,TUMOR MALIGNO DE LA VAGINA
C530,1018,TUMOR MALIGNO DEL ENDOCERVIX
C531,1019,TUMOR MALIGNO DE EXOCERVIX
C538,1020,LESION DE SITIOS CONTIGUOS DEL CUELLO DEL UTERO
C539,1021,"TUMOR MALIGNO DEL CUELLO DEL UTERO, SIN OTRA ESPECIFICACION"
C540,1022,TUMOR MALIGNO DEL ISTMO UTERINO
C541,1023,TUMOR MALIGNO DEL ENDOMETRIO
C542,1024,TUMOR MALIGNO DEL MIOMETRIO
C543,1025,TUMOR MALIGNO DEL FONDO DEL UTERO
C548,1026,LESION DE SITIOS CONTIGUOS DEL CUERPO DEL UTERO
C549,1027,"TUMOR MALIGNO DEL CUERPO DEL UTERO, PARTE NO ESPECIFICADA"
C55,1028,"TUMOR MALIGNO DEL UTERO, PARTE NO ESPECIFICADA"
C56,1029,TUMOR MALIGNO DEL OVARIO
C570,1030,TUMOR MALIGNO DE LA TROMPA DE FALOPIO
C571,1031,TUMOR MALIGNO DEL LIGAMENTO ANCHO
C572,1032,TUMOR MALIGNO DEL LIGAMENTO REDONDO
C573,1033,TUMOR MALIGNO DEL PARAMETRIO
C574,1034,"TUMOR MALIGNO DE LOS ANEXOS UTERINOS, SIN OTRA ESPECIFICACIÓN"
C577,1035,TUMOR MALIGNO DE OTRAS PARTES ESPECIFICADAS DE LOS ORGANOS GENITALES FEMENINOS
C578,1036,LESION DE SITIOS CONTIGUOS DE LOS ORGANOS GENITALES FEMENINOS
C579,1037,"TUMOR MALIGNO DE ORGANO GENITAL FEMENINO, PARTE NO ESPECIFICADA"
C58,1038,TUMOR MALIGNO DE LA PLACENTA
C600,1039,TUMOR MALIGNO DEL PREPUCIO
C601,1040,TUMOR MALIGNO DEL GLANDE
C602,1041,TUMOR MALIGNO DEL CUERPO DEL PENE
C608,1042,LESION DE SITIOS CONTIGUOS DEL PENE
C609,1043,"TUMOR MALIGNO DEL PENE, PARTE NO ESPECIFICADA"
C61,1044,TUMOR MALIGNO DE LA PROSTATA
C620,1045,TUMOR MALIGNO DEL TESTICULO NO DESCENDIDO
C621,1046,TUMOR MALIGNO DEL TESTICULO DESCENDIDO
C629,1047,"TUMOR MALIGNO DEL TESTICULO, NO ESPECIFICADO"
C630,1048,TUMOR MALIGNO DEL EPIDIDIMO
C631,1049,TUMOR MALIGNO DEL CORDON ESPERMATICO
C632,1050,TUMOR MALIGNO DEL ESCROTO
C637,1051,TUMOR MALIGNO DE OTRAS PARTES ESPECIFICADAS DE LOS ORGANOS GENITALES MASCULINOS
C638,1052,LESION DE SITIOS CONTIGUOS DE LOS ORGANOS GENITALES MASCULINOS
C639,1053,"TUMOR MALIGNO DE ORGANO GENITAL MASCULINO, PARTE NO ESPECIFICADA"
C64,1054,"TUMOR MALIGNO DEL RIÑON, EXCEPTO DE LA PELVIS RENAL"
C65,1055,TUMOR MALIGNO DE LA PELVIS RENAL
C66,1056,TUMOR MALIGNO DEL URETER
C670,1057,TUMOR MALIGNO DEL TRIGONO VESICAL
C671,1058,TUMOR MALIGNO DE LA CUPULA VESICAL
C672,1059,TUMOR MALIGNO DE LA PARED LATERAL DE LA VEJIGA
C673,1060,TUMOR MALIGNO DE LA PARED ANTERIOR DE LA VEJIGA
C674,1061,TUMOR MALIGNO DE LA PARED POSTERIOR DE LA VEJIGA
C675,1062,TUMOR MALIGNO DEL CUELLO DE LA VEJIGA
C676,1063,TUMOR MALIGNO DEL ORIFICIO URETERAL
C677,1064,TUMOR MALIGNO DEL URACO
C678,1065,LESION DE SITIOS CONTIGUOS DE LA VEJIGA
C679,1066,"TUMOR MALIGNO DE LA VEJIGA URINARIA, PARTE NO ESPECIFICADA"
C680,1067,TUMOR MALIGNO DE LA URETRA
C681,1068,TUMOR MALIGNO DE LAS GLANDULAS PARAURETRALES
C688,1069,LESION DE SITIOS CONTIGUOS DE LOS ORGANOS URINARIOS
C689,1070,TUMOR MALIGNO DE ORGANO URINARIO NO ESPECIFICADO
C690,1071,TUMOR MALIGNO DE LA CONJUNTIVA
C691,1072,TUMOR MALIGNO DE LA CORNEA
C692,1073,TUMOR MALIGNO DE LA RETINA
C693,1074,TUMOR MALIGNO DE LA COROIDES
C694,1075,TUMOR MALIGNO DEL CUERPO CILIAR
C695,1076,TUMOR MALIGNO DE LA GLANDULA Y CONDUCTO LAGRIMALES
C696,1077,TUMOR MALIGNO DE LA ORBITA
C698,1078,LESION DE SITIOS CONTIGUOS DEL OJO Y SUS ANEXOS
C699,1079,"TUMOR MALIGNO DEL OJO, PARTE NO ESPECIFICADA"
C700,1080,TUMOR MALIGNO DE LAS MENINGES CEREBRALES
C701,1081,TUMOR MALIGNO DE LAS MENINGES RAQUIDEAS
C709,1082,"TUMOR MALIGNO DE LAS MENINGES, PARTE NO ESPECIFICADA"
C710,1083,"TUMOR MALIGNO DEL CEREBRO, EXCEPTO LOBULOS Y VENTRICULOS"
C711,1084,TUMOR MALIGNO DEL LOBULO FRONTAL
C712,1085,TUMOR MALIGNO DEL LOBULO TEMPORAL
C713,1086,TUMOR MALIGNO DEL LOBULO PARIETAL
C714,1087,TUMOR MALIGNO DEL LOBULO OCCIPITAL
C715,1088,TUMOR MALIGNO DEL VENTRICULO CEREBRAL
C716,1089,TUMOR MALIGNO DEL CEREBELO
C717,1090,TUMOR MALIGNO DEL PEDUNCULO CEREBRAL
C718,1091,LESION DE SITIOS CONTIGUOS DEL ENCEFALO
C719,1092,"TUMOR MALIGNO DEL ENCEFALO, PARTE NO ESPECIFICADA"
C720,1093,TUMOR MALIGNO DE LA MEDULA ESPINAL
C721,1094,TUMOR MALIGNO DE LA COLA DE CABALLO
C722,1095,TUMOR MALIGNO DEL NERVIO OLFATORIO
C723,1096,TUMOR MALIGNO DEL NERVIO OPTICO
C724,1097,TUMOR MALIGNO DEL NERVIO ACUSTICO
C725,1098,TUMOR MALIGNO DE OTROS NERVIOS CRANEALES Y LOS NO ESPECIFICADOS
C728,1099,LESION DE SITIOS CONTIGUOS DEL ENCEFALO Y OTRAS PARTES DEL SISTEMA NERVIOSO CENTRAL
C729,1100,"TUMOR MALIGNO DEL SISTEMA NERVIOSO CENTRAL, SIN OTRA ESPECIFICACION"
C73,1101,TUMOR MALIGNO DE LA GLANDULA TIROIDES
C740,1102,TUMOR MALIGNO DE LA CORTEZA DE LA GLANDULA SUPRARRENAL
C741,1103,TUMOR MALIGNO DE LA MEDULA DE LA GLANDULA SUPRARRENAL
C749,1104,"TUMOR MALIGNO DE LA GLANDULA SUPRARRENAL, PARTE NO ESPECIFICADA"
C750,1105,TUMOR MALIGNO DE LA GLANDULA PARATIROIDES
C751,1106,TUMOR MALIGNO DE LA HIPOFISIS
C752,1107,TUMOR MALIGNO DEL CONDUCTO CRANEOFARINGEO
C753,1108,TUMOR MALIGNO DE LA GLANDULA PINEAL
C754,1109,TUMOR MALIGNO DEL CUERPO CAROTIDEO
C755,1110,TUMOR MALIGNO DEL CUERPO AORTICO Y OTROS CUERPOS CROMAFINES
C758,1111,"TUMOR MALIGNO PLURIGLANDULAR, NO ESPECIFICADO"
C759,1112,TUMOR MALIGNO DE GLANDULA ENDOCRINA NO ESPECIFICADA
C760,1113,"TUMOR MALIGNO DE LA CABEZA, CARA Y CUELLO"
C761,1114,TUMOR MALIGNO DEL TORAX
C762,1115,TUMOR MALIGNO DEL ABDOMEN
C763,1116,TUMOR MALIGNO DE LA PELVIS
C764,1117,TUMOR MALIGNO DEL MIEMBRO SUPERIOR
C765,1118,TUMOR MALIGNO DEL MIEMBRO INFERIOR
C767,1119,TUMOR MALIGNO DE OTROS SITIOS MAL DEFINIDOS
C768,1120,LESION DE SITIOS CONTIGUOS MAL DEFINIDOS
C770,1121,"TUMOR MALIGNO DE LOS GANGLIOS LINFATICOS DE LA CABEZA, CARA Y CUELLO"
C771,1122,TUMOR MALIGNO DE LOS GANGLIOS LINFATICOS INTRATORACICOS
C772,1123,TUMOR MALIGNO DE LOS GANGLIOS LINFATICOS INTRAABDOMINALES
C773,1124,TUMOR MALIGNO DE LOS GANGLIOS LINFATICOS DE LA AXILA Y DEL MIEMBRO SUPERIOR
C774,1125,TUMOR MALIGNO DE LOS GANGLIOS LINFATICOS DE LA REGION INGUINAL Y DEL MIEMBRO INFERIOR
C775,1126,TUMOR MALIGNO DE LOS GANGLIOS LINFATICOS DE LA PELVIS
C778,1127,TUMOR MALIGNO DE LOS GANGLIOS LINFATICOS DE REGIONES MULTIPLES
C779,1128,"TUMOR MALIGNO DEL GANGLIO LINFATICO, SITIO NO ESPECIFICADO"
C780,1129,TUMOR MALIGNO SECUNDARIO DEL PULMON
C781,1130,TUMOR MALIGNO SECUNDARIO DEL MEDIASTINO
C782,1131,TUMOR MALIGNO SECUNDARIO DE LA PLEURA
C783,1132,TUMOR MALIGNO SECUNDARIO DE OTROS ORGANOS RESPIRATORIOS Y DE LOS NO ESPECIFICADOS
C784,1133,TUMOR MALIGNO SECUNDARIO DEL INTESTINO DELGADO
C785,1134,TUMOR MALIGNO SECUNDARIO DEL INTESTINO GRUESO Y DEL RECTO
C786,1135,TUMOR MALIGNO SECUNDARIO DEL PERITONEO Y DEL RETROPERITONEO
C787,1136,TUMOR MALIGNO SECUNDARIO DEL HIGADO
C788,1137,TUMOR MALIGNO SECUNDARIO DE OTROS ORGANOS DIGESTIVOS Y DE LOS NO ESPECIFICADOS
C790,1138,TUMOR MALIGNO SECUNDARIO DEL RIÑON Y DE LA PELVIS RENAL
C791,1139,"TUMOR MALIGNO SECUNDARIO DE LA VEJIGA, Y DE OTROS ORGANOS Y LOS NO ESPECIFICADOS DE LAS VIAS URINARIAS"
C792,1140,TUMOR MALIGNO SECUNDARIO DE LA PIEL
C793,1141,TUMOR MALIGNO SECUNDARIO DEL ENCEFALO Y DE LAS MENINGES CEREBRALES
C794,1142,TUMOR MALIGNO SECUNDARIO DE OTRAS PARTES DEL SISTEMA NERVIOSO Y DE LAS NO ESPECIFICADAS
C795,1143,TUMOR MALIGNO SECUNDARIO DE LOS HUESOS Y DE LA MEDULA OSEA
C796,1144,TUMOR MALIGNO SECUNDARIO DEL OVARIO
C797,1145,TUMOR MALIGNO SECUNDARIO DE LA GLANDULA SUPRARRENAL
C798,1146,TUMOR MALIGNO SECUNDARIO DE OTROS SITIOS ESPECIFICADOS
C80,1147,TUMOR MALIGNO DE SITIOS NO ESPECIFICADOS
C810,1148,ENFERMEDAD DE HODGKIN CON PREDOMINIO LINFOCITICO
C811,1149,ENFERMEDAD DE HODGKIN CON ESCLEROSIS NODULAR
C812,1150,ENFERMEDAD DE HODGKIN CON CELULARIDAD MIXTA
C813,1151,ENFERMEDAD DE HODGKIN CON DEPLECION LINFOCITICA
C817,1152,OTROS TIPOS DE ENFERMEDAD DE HODGKIN
C819,1153,"ENFERMEDAD DE HODGKIN, NO ESPECIFICADA"
C820,1154,"LINFOMA NO HODGKIN DE CELULAS PEQUEÑAS HENDIDAS, FOLICULAR"
C821,1155,"LINFOMA NO HODGKIN MIXTO, DE PEQUEÑAS CELULAS HENDIDAS Y DE GRANDES CELULAS, FOLICULAR"
C822,1156,"LINFOMA NO HODGKIN DE CELULAS GRANDES, FOLICULAR"
C827,1157,OTROS TIPOS ESPECIFICADOS DE LINFOMA NO HODGKIN FOLICULAR
C829,1158,"LINFOMA NO HODGKIN FOLICULAR, SIN OTRA ESPECIFICACION"
C830,1159,LINFOMA NO HODGKIN DE CELULAS PEQUEÑAS (DIFUSO)
C831,1160,LINFOMA NO HODGKIN DE CELULAS PEQUEÑAS HENDIDAS (DIFUSO)
C832,1161,"LINFOMA NO HODGKIN MIXTO, DE CELULAS PEQUEÑAS Y GRANDES (DIFUSO)"
C833,1162,LINFOMA NO HODGKIN DE CELULAS GRANDES (DIFUSO)
C834,1163,LINFOMA NO HODGKIN INMUNOBLASTICO (DIFUSO)
C835,1164,LINFOMA NO HODGKIN LINFOBLASTICO (DIFUSO)
C836,1165,LINFOMA NO HODGKIN INDIFERENCIADO (DIFUSO)
C837,1166,TUMOR DE BURKITT
C838,1167,OTROS TIPOS ESPECIFICADOS DE LINFOMA NO HODGKIN DIFUSO
C839,1168,"LINFOMA NO HODGKIN DIFUSO, SIN OTRA ESPECIFICACION"
C840,1169,MICOSIS FUNGOIDE
C841,1170,ENFERMEDAD DE SEZARY
C842,1171,LINFOMA DE ZONA T
C843,1172,LINFOMA LINFOEPITELIOIDE
C844,1173,LINFOMA DE CELULAS T PERIFERICO
C845,1174,OTROS LINFOMAS DE CELULAS Y LOS NO ESPECIFICADOS
C850,1175,LINFOSARCOMA
C851,1176,"LINFOMA DE CELULAS B, SIN OTRA ESPECIFICACION"
C857,1177,OTROS TIPOS ESPECIFICADOS DE LINFOMA NO HODGKIN
C859,1178,"LINFOMA NO HODGKIN, NO ESPECIFICADO"
C880,1179,MACROGLOBULINEMIA DE WALDENSTROM
C881,1180,ENFERMEDAD DE CADENA PESADA ALFA
C882,1181,ENFERMEDAD DE CADENA PESADA GAMMA
C883,1182,ENFERMEDAD INMUNOPROLIFERATIVA DEL INTESTINO DELGADO
C887,1183,OTRAS ENFERMEDADES INMUNOPROLIFERATIVAS MALIGNAS
C889,1184,"ENFERMEDAD INMUNOPROLIFERATIVA MALIGNA, SIN OTRA ESPECIFICACION"
C900,1185,MIELOMA MULTIPLE
C901,1186,LEUCEMIA DE CELULAS PLASMATICAS
C902,1187,"PLASMOCITOMA, EXTRAMEDULAR"
C910,1188,LEUCEMIA LINFOBLASTICA AGUDA
C911,1189,LEUCEMIA LINFOCITICA CRONICA
C912,1190,LEUCEMIA LINFOCITICA SUBAGUDA
C913,1191,LEUCEMIA PROLINFOCITICA
C914,1192,LEUCEMIA DE CELULAS VELLOSAS
C915,1193,LEUCEMIA DE CELULAS T ADULTAS
C917,1194,OTRAS LEUCEMIAS LINFOIDES
C919,1195,"LEUCEMIA LINFOIDE, SIN OTRA ESPECIFICACION"
C920,1196,LEUCEMIA MIELOIDE AGUDA
C921,1197,LEUCEMIA MIELOIDE CRONICA
C922,1198,LEUCEMIA MIELOIDE SUBAGUDA
C923,1199,SARCOMA MIELOIDE
C924,1200,LEUCEMIA PROMIELOCITICA AGUDA
C925,1201,LEUCEMIA MIELOMONOCITICA AGUDA
C927,1202,OTRAS LEUCEMIAS MIELOIDES
C929,1203,"LEUCEMIA MIELOIDE, SIN OTRA ESPECIFICACION"
C930,1204,LEUCEMIA MONOCITICA AGUDA
C931,1205,LEUCEMIA MONOCITICA CRONICA
C932,1206,LEUCEMIA MONOCITICA SUBAGUDA
C937,1207,OTRAS LEUCEMIAS MONOCITICAS
C939,1208,"LEUCEMIA MONOCITICA, SIN OTRA ESPECIFICACION"
C940,1209,ERITREMIA AGUDA Y ERITROLEUCEMIA
C941,1210,ERITREMIA CRONICA
C942,1211,LEUCEMIA MEGACARIOBLASTICA AGUDA
C943,1212,LEUCEMIA DE MASTOCITOS
C944,1213,PANMIELOSIS AGUDA
C945,1214,MIELOFIBROSIS AGUDA
C947,1215,OTRAS LEUCEMIAS ESPECIFICADAS
C950,1216,"LEUCEMIA AGUDA, CELULAS DE TIPO NO ESPECIFICADO"
C951,1217,"LEUCEMIA CRONICA, CELULAS DE TIPO NO ESPECIFICADO"
C952,1218,"LEUCEMIA SUBAGUDA, CELULAS DE TIPO NO ESPECIFICADO"
C957,1219,OTRAS LEUCEMIAS DE CELULAS DE TIPO NO ESPECIFICADO
C959,1220,"LEUCEMIA, NO ESPECIFICADA"
C960,1221,ENFERMEDAD DE LETTERER-SIWE
C961,1222,HISTIOCITOSIS MALIGNA
C962,1223,TUMOR MALIGNO DE MASTOCITOS
C963,1224,LINFOMA HISTIOCITICO VERDADERO
C967,1225,"OTROS TUMORES MALIGNOS ESPECIFICADOS DEL TEJIDO LINFATICO, HEMATOPOYETICO Y TEJIDOS AFINES"
C969,1226,"TUMOR MALIGNO DEL TEJIDO LINFATICO, HEMATOPOYETICO Y TEJIDOS AFINES, SIN OTRA ESPECIFICACION"
C97,1227,TUMORES MALIGNO (PRIMARIOS) DE SITIOS MULTIPLES INDEPENDIENTES
D000,1228,"CARCINOMA IN SITU DEL LABIO, DE LA CAVIDAD BUCAL Y DE LA FARINGE"
D001,1229,CARCINOMA IN SITU DEL ESOFAGO
D002,1230,CARCINOMA IN SITU DEL ESTOMAGO
D010,1231,CARCINOMA IN SITU DEL COLON
D011,1232,CARCINOMA IN SITU DE LA UNION RECTOSIGMOIDEA
D012,1233,CARCINOMA IN SITU DEL RECTO
D013,1234,CARCINOMA IN SITU DEL ANO Y DEL CONDUCTO ANAL
D014,1235,CARCINOMA IN SITU DE OTRAS PARTES Y DE LAS NO ESPECIFICADAS DEL INTESTINO
D015,1236,"CARCINOMA IN SITU DEL HIGADO, DE LA VESICULA BILIAR Y DEL CONDUCTO BILIAR"
D017,1237,CARCINOMA IN SITU DE OTRAS PARTES ESPECIFICADAS DE ORGANOS DIGESTIVOS
D019,1238,CARCINOMA IN SITU DE ORGANOS DIGESTIVOS NO ESPECIFICADOS
D020,1239,CARCINOMA IN SITU DE LA LARINGE
D021,1240,CARCINOMA IN SITU DE LA TRAQUEA
D022,1241,CARCINOMA IN SITU DEL BRONQUIO Y DEL PULMON
D023,1242,CARCINOMA IN SITU DE OTRAS PARTES DEL SISTEMA RESPIRATORIO
D024,1243,CARCINOMA IN SITU DE ORGANOS RESPIRATORIOS NO ESPECIFICADOS
D030,1244,MELANOMA IN SITU DEL LABIO
D031,1245,MELANOMA IN SITU DEL PARPADO Y DE LA COMISURA PALPEBRAL
D032,1246,MELANOMA IN SITU DE LA OREJA Y DEL CONDUCTO AUDITIVO EXTERNO
D033,1247,MELANOMA IN SITU DE OTRAS PARTES Y DE LAS NO ESPECIFICADAS DE LA CARA
D034,1248,MELANOMA IN SITU DEL CUERO CABELLUDO Y DEL CUELLO
D035,1249,MELANOMA IN SITU DEL TRONCO
D036,1250,"MELANOMA IN SITU DEL MIEMBRO SUPERIOR, INCLUIDO EL HOMBRO"
D037,1251,"MELANOMA IN SITU DEL MIEMBRO INFERIOR, INCLUIDA LA CADERA"
D038,1252,MELANOMA IN SITU DE OTROS SITIOS
D039,1253,"MELANOMA IN SITU, SITIO NO ESPECIFICADO"
D040,1254,CARCINOMA IN SITU DE LA PIEL DEL LABIO
D041,1255,CARCINOMA IN SITU DE LA PIEL DEL PARPADO Y DE LA COMISURA PALPEBRAL
D042,1256,CARCINOMA IN SITU DE LA PIEL DE LA OREJA Y DEL CONDUCTO AUDITIVO EXTERNO
D043,1257,CARCINOMA IN SITU DE LA PIEL DE OTRAS PARTES Y DE LAS NO ESPECIFICADAS DE LA CARA
D044,1258,CARCINOMA IN SITU DE LA PIEL DEL CUERO CABELLUDO Y CUELLO
D045,1259,CARCINOMA IN SITU DE LA PIEL DEL TRONCO
D046,1260,"CARCINOMA IN SITU DE LA PIEL DEL MIEMBRO SUPERIOR, INCLUIDO EL HOMBRO"
D047,1261,"CARCINOMA IN SITU DE LA PIEL DEL MIEMBRO INFERIOR, INCLUIDA LA CADERA"
D048,1262,CARCINOMA IN SITU DE LA PIEL DE OTROS SITIOS ESPECIFICADOS
D049,1263,"CARCINOMA IN SITU DE LA PIEL, SITIO NO ESPECIFICADO"
D050,1264,CARCINOMA IN SITU LOBULAR
D051,1265,CARCINOMA IN SITU INTRACANALICULAR
D057,1266,OTROS CARCINOMAS IN SITU DE LA MAMA
D059,1267,"CARCINOMA IN SITU DE LA MAMA, PARTE NO ESPECIFICADA"
D060,1268,CARCINOMA IN SITU DEL ENDOCERVIX
D061,1269,CARCINOMA IN SITU DEL EXOCERVIX
D067,1270,CARCINOMA IN SITU DE OTRAS PARTES ESPECIFICADAS DEL CUELLO DEL UTERO
D069,1271,"CARCINOMA IN SITU DEL CUELLO DEL UTERO, PARTE NO ESPECIFICADA"
D070,1272,CARCINOMA IN SITU DEL ENDOMETRIO
D071,1273,CARCINOMA IN SITU DE LA VULVA
D072,1274,CARCINOMA IN SITU DE LA VAGINA
D073,1275,CARCINOMA IN SITU DE OTROS SITIOS DE ORGANOS GENITALES FEMENINOS Y DE LOS NO ESPECIFICADOS
D074,1276,CARCINOMA IN SITU DEL PENE
D075,1277,CARCINOMA IN SITU DE LA PROSTATA
D076,1278,CARCINOMA IN SITU DE OTROS ORGANOS GENITALES MASCULINOS Y DE LOS NO ESPECIFICADOS
D090,1279,CARCINOMA IN SITU DE LA VEJIGA
D091,1280,CARCINOMA IN SITU DE OTROS ORGANOS URINARIOS Y DE LOS NO ESPECIFICADOS
D092,1281,CARCINOMA IN SITU DEL OJO
D093,1282,CARCINOMA IN SITU DE LA GLANDULA TIROIDES Y DE OTRAS GLANDULAS ENDOCRINAS
D097,1283,CARCINOMA IN SITU DE OTROS SITIOS ESPECIFICADOS
D099,1284,"CARCINOMA IN SITU, SITIO NO ESPECIFICADO"
D100,1285,TUMOR BENIGNO DEL LABIO
D101,1286,TUMOR BENIGNO DE LA LENGUA
D102,1287,TUMOR BENIGNO DEL PISO DE LA BOCA
D103,1288,TUMOR BENIGNO DE OTRAS PARTES Y DE LAS NO ESPECIFICADAS DE LA BOCA
D104,1289,TUMOR BENIGNO DE LA AMIGDALA
D105,1290,TUMOR BENIGNO DE OTRAS PARTES DE LA OROFARINGE
D106,1291,TUMOR BENIGNO DE LA NASOFARINGE
D107,1292,TUMOR BENIGNO DE LA HIPOFARINGE
D109,1293,"TUMOR BENIGNO DE LA FARINGE, PARTE NO ESPECIFICADA"
D110,1294,TUMOR BENIGNO DE LA GLANDULA PAROTIDA
D117,1295,TUMOR BENIGNO DE OTRAS GLANDULAS SALIVALES MAYORES ESPECIFICADAS
D119,1296,"TUMOR BENIGNO DE LA GLANDULA SALIVAL MAYOR, SIN OTRA ESPECIFICACION"
D120,1297,TUMOR BENIGNO DEL CIEGO
D121,1298,TUMOR BENIGNO DEL APENDICE
D122,1299,TUMOR BENIGNO DEL COLON ASCENDENTE
D123,1300,TUMOR BENIGNO DEL COLON TRANSVERSO
D124,1301,TUMOR BENIGNO DEL COLON DESCENDENTE
D125,1302,TUMOR BENIGNO DEL COLON SIGMOIDE
D126,1303,"TUMOR BENIGNO DEL COLON, PARTE NO ESPECIFICADA"
D127,1304,TUMOR BENIGNO DE LA UNION RECTOSIGMOIDEA
D128,1305,TUMOR BENIGNO DEL RECTO
D129,1306,TUMOR BENIGNO DEL CONDUCTO ANAL Y DEL ANO
D130,1307,TUMOR BENIGNO DEL ESOFAGO
D131,1308,TUMOR BENIGNO DEL ESTOMAGO
D132,1309,TUMOR BENIGNO DEL DUODENO
D133,1310,TUMOR BENIGNO DE OTRAS PARTES Y DE LAS NO ESPECIFICADAS DEL INTESTINO DELGADO
D134,1311,TUMOR BENIGNO DEL HIGADO
D135,1312,TUMOR BENIGNO DE LAS VIAS BILIARES EXTRAHEPATICAS
D136,1313,TUMOR BENIGNO DEL PANCREAS
D137,1314,TUMOR BENIGNO DEL PANCREAS ENDOCRINO
D139,1315,TUMOR BENIGNO DE SITIOS MAL DEFINIDOS DEL SISTEMA DIGESTIVO
D140,1316,"TUMOR BENIGNO DEL OIDO MEDIO, DE LA CAVIDAD NASAL Y DE LOS SENOS PARANASALES"
D141,1317,TUMOR BENIGNO DE LA LARINGE
D142,1318,TUMOR BENIGNO DE LA TRAQUEA
D143,1319,TUMOR BENIGNO DE LOS BRONQUIOS Y DEL PULMON
D144,1320,"TUMOR BENIGNO DEL SISTEMA RESPIRATORIO, SITIO NO ESPECIFICADO"
D150,1321,TUMOR BENIGNO DEL TIMO
D151,1322,TUMOR BENIGNO DEL CORAZON
D152,1323,TUMOR BENIGNO DEL MEDIASTINO
D157,1324,TUMOR BENIGNO DE OTROS ORGANOS INTRATORACICOS ESPECIFICADOS
D159,1325,TUMOR BENIGNO DE ORGANO INTRATORACICO NO ESPECIFICADO
D160,1326,TUMOR BENIGNO DEL OMOPLATO Y HUESOS LARGOS DEL MIEMBRO SUPERIOR
D161,1327,TUMOR BENIGNO DE LOS HUESOS CORTOS DEL MIEMBRO SUPERIOR
D162,1328,TUMOR BENIGNO DE LOS HUESOS LARGOS DEL MIEMBRO INFERIOR
D163,1329,TUMOR BENIGNO DE LOS HUESOS CORTOS DEL MIEMBRO INFERIOR
D164,1330,TUMOR BENIGNO DE LOS HUESOS DEL CRANEO Y DE LA CARA
D165,1331,TUMOR BENIGNO DEL MAXILAR INFERIOR
D166,1332,TUMOR BENIGNO DE LA COLUMNA VERTEBRAL
D167,1333,"TUMOR BENIGNO DE LAS COSTILLAS, ESTERNON Y CLAVICULA"
D168,1334,"TUMOR BENIGNO DE LOS HUESOS PELVICOS, SACRO Y COCCIX"
D169,1335,"TUMOR BENIGNO DEL HUESOS Y DEL CARTILAGO ARTICULAR, SITIO NO ESPECIFICADO"
D170,1336,"TUMOR BENIGNO LIPOMATOSO DE PIEL Y DE TEJIDO SUBCUTANEO DE CABEZA, CARA Y CUELLO"
D171,1337,TUMOR BENIGNO LIPOMATOSO DE PIEL Y DE TEJIDO SUBCUTANEO DEL TRONCO
D172,1338,TUMOR BENIGNO LIPOMATOSO DE PIEL Y DE TEJIDO SUBCUTANEO DE MIEMBROS
D173,1339,TUMOR BENIGNO LIPOMATOSO DE PIEL Y DE TEJIDO SUBCUTANEO DE OTROS SITIOS Y DE LOS NO ESPECIFICADOS
D174,1340,TUMOR BENIGNO LIPOMATOSO DE LOS ORGANOS INTRATORACICOS
D175,1341,TUMOR BENIGNO LIPOMATOSO DE LOS ORGANOS INTRAABDOMINALES
D176,1342,TUMOR BENIGNO LIPOMATOSO DEL CORDON ESPERMATICO
D177,1343,TUMOR BENIGNO LIPOMATOSO DE OTROS SITIOS ESPECIFICADOS
D179,1344,"TUMOR BENIGNO LIPOMATOSO, DE SITIO NO ESPECIFICADO"
D180,1345,"HEMANGIOMA, DE CUALQUIER SITIO"
D181,1346,"LINFANGIOMA, DE CUALQUIER SITIO"
D190,1347,TUMOR BENIGNO DEL TEJIDO MESOTELIAL DE LA PLEURA
D191,1348,TUMOR BENIGNO DEL TEJIDO MESOTELIAL DEL PERITONEO
D197,1349,TUMOR BENIGNO DEL TEJIDO MESOTELIAL DE OTROS SITIOS ESPECIFICADOS
D199,1350,"TUMOR BENIGNO DEL TEJIDO MESOTELIAL, DE SITIO NO ESPECIFICADO"
D200,1351,TUMOR BENIGNO DEL RETROPERITONEO
D201,1352,TUMOR BENIGNO DEL PERITONEO
D210,1353,"TUMOR BENIGNO DEL TEJIDO CUNJUNTIVO Y DE OTROS TEJIDOS BLANDOS DE CABEZA, CARA Y CUELLO"
D211,1354,"TUMOR BENIGNO DEL TEJIDO CUNJUNTIVO Y DE OTROS TEJIDOS BLANDOS DEL MIEMBRO SUPERIOR, INCLUIDO EL HOMBRO"
D212,1355,"TUMOR BENIGNO DEL TEJIDO CUNJUNTIVO Y DE OTROS TEJIDOS BLANDOS DEL MIEMBRO INFERIOR, INCLUIDO LA CADERA"
D213,1356,TUMOR BENIGNO DEL TEJIDO CUNJUNTIVO Y DE OTROS TEJIDOS BLANDOS DEL TORAX
D214,1357,TUMOR BENIGNO DEL TEJIDO CUNJUNTIVO Y DE OTROS TEJIDOS BLANDOS DEL ABDOMEN
D215,1358,TUMOR BENIGNO DEL TEJIDO CUNJUNTIVO Y DE OTROS TEJIDOS BLANDOS DE LA PELVIS
D216,1359,"TUMOR BENIGNO DEL TEJIDO CUNJUNTIVO Y DE OTROS TEJIDOS BLANDOS DEL TRONCO, SIN OTRA ESPECIFICACION"
D219,1360,"TUMOR BENIGNO DEL TEJIDO CUNJUNTIVO Y DE OTROS TEJIDOS BLANDOS, DE SITIO NO ESPECIFICADO"
D220,1361,NEVO MELANOCITICO DEL LABIO
D221,1362,"NEVO MELANOCITICO DEL PARPADO, INCLUIDA LA COMISURA PALPEBRAL"
D222,1363,NEVO MELANOCITICO DE LA OREJA Y DEL CONDUCTO AUDITIVO EXTERNO
D223,1364,NEVO MELANOCITICO DE OTRAS PARTES DE LAS NO ESPECIFICADAS DE LA CARA
D224,1365,NEVO MELANOCITICO DEL CUERO CABELLUDO Y DEL CUELLO
D225,1366,NEVO MELANOCITICO DEL TRONCO
D226,1367,"NEVO MELANOCITICO DEL MIEMBRO SUPERIOR, INCLUIDO EL HOMBRO"
D227,1368,"NEVO MELANOCITICO DEL MIEMBRO INFERIOR, INCLUIDA LA CADERA"
D229,1369,"NEVO MELANOCITICO, SITIO NO ESPECIFICADO"
D230,1370,TUMOR BENIGNO DE LA PIEL DEL LABIO
D231,1371,"TUMOR BENIGNO DE LA PIEL DEL PARPADO, INCLUIDA LA COMISURA PALPEBRAL"
D232,1372,TUMOR BENIGNO DE LA PIEL DE LA OREJA Y DEL CONDUCTO AUDITIVO EXTERNO
D233,1373,TUMOR BENIGNO DE LA PIEL DE OTRAS PARTES Y DE LAS NO ESPECIFICADAS DE LA CARA
D234,1374,TUMOR BENIGNO DE LA PIEL DEL CUERO CABELLUDO Y DEL CUELLO
D235,1375,TUMOR BENIGNO DE LA PIEL DEL TRONCO
D236,1376,"TUMOR BENIGNO DE LA PIEL DEL MIEMBRO SUPERIOR, INCLUIDO EL HOMBRO"
D237,1377,"TUMOR BENIGNO DE LA PIEL DEL MIEMBRO INFERIOR, INCLUIDA LA CADERA"
D239,1378,"TUMOR BENIGNO DE LA PIEL, SITIO NO ESPECIFICADO"
D24,1379,TUMOR BENIGNO DE LA MAMA
D250,1380,LEIOMIOMA SUBMUCOSO DEL UTERO
D251,1381,LEIOMIOMA INTRAMURAL DEL UTERO
D252,1382,LEIOMIOMA SUBSEROSO DEL UTERO
D259,1383,"LEIOMIOMA DEL UTERO, SIN OTRA ESPECIFICACION"
D260,1384,TUMOR BENIGNO DEL CUELLO DEL UTERO
D261,1385,TUMOR BENIGNO DEL CUERPO DEL UTERO
D267,1386,TUMOR BENIGNO DE OTRAS PARTES ESPECIFICADAS DEL UTERO
D269,1387,"TUMOR BENIGNO DEL UTERO, PARTE NO ESPECIFICADA"
D27,1388,TUMOR BENIGNO DEL OVARIO
D280,1389,TUMOR BENIGNO DE LA VULVA
D281,1390,TUMOR BENIGNO DE LA VAGINA
D282,1391,TUMOR BENIGNO DE LA TROMPA DE FALOPIO Y DE LOS LIGAMENTOS UTERINOS
D287,1392,TUMOR BENIGNO DE OTROS SITIOS ESPECIFICADOS DE LOS ORGANOS GENITALES FEMENINOS
D289,1393,"TUMOR BENIGNO DE ORGANO GENITAL FEMENINO, SITIO NO ESPECIFICADO"
D290,1394,TUMOR BENIGNO DEL PENE
D291,1395,TUMOR BENIGNO DE LA PROSTATA
D292,1396,TUMOR BENIGNO DE LOS TESTICULOS
D293,1397,TUMOR BENIGNO DEL EPIDIDIMO
D294,1398,TUMOR BENIGNO DEL ESCROTO
D297,1399,TUMOR BENIGNO DE OTROS ORGANOS GENITALES MASCULINOS
D299,1400,"TUMOR BENIGNO DE ORGANO GENITAL MASCULINO, SITIO NO ESPECIFICADO"
D300,1401,TUMOR BENIGNO DEL RIÑON
D301,1402,TUMOR BENIGNO DE LA PELVIS RENAL
D302,1403,TUMOR BENIGNO DEL URETER
D303,1404,TUMOR BENIGNO DE LA VEJIGA
D304,1405,TUMOR BENIGNO DE LA URETRA
D307,1406,TUMOR BENIGNO DE OTROS ORGANOS URINARIOS
D309,1407,TUMOR BENIGNO DE ORGANO URINARIO NO ESPECIFICADO
D310,1408,TUMOR BENIGNO DE LA CONJUNTIVA
D311,1409,TUMOR BENIGNO DE LA CORNEA
D312,1410,TUMOR BENIGNO DE LA RETINA
D313,1411,TUMOR BENIGNO DE LA COROIDES
D314,1412,TUMOR BENIGNO DEL CUERPO CILIAR
D315,1413,TUMOR BENIGNO DE LAS GLANDULAS Y DE LOS CONDUCTOS LAGRIMALES
D316,1414,"TUMOR BENIGNO DE LA ORBITA, PARTE NO ESPECIFICADA"
D319,1415,"TUMOR BENIGNO DEL OJO, PARTE NO ESPECIFICADA"
D320,1416,TUMOR BENIGNO DE LAS MENINGES CEREBRALES
D321,1417,TUMOR BENIGNO DE LAS MENINGES RAQUIDEAS
D329,1418,"TUMOR BENIGNO DE LAS MENINGES, PARTE NO ESPECIFICADA"
D330,1419,"TUMOR BENIGNO DEL ENCEFALO, SUPRATENTORIAL"
D331,1420,"TUMOR BENIGNO DEL ENCEFALO, INFRATENTORIAL"
D332,1421,"TUMOR BENIGNO DE ENCEFALO, PARTE NO ESPECIFICADA"
D333,1422,TUMOR BENIGNO DE LOS NERVIOS CRANEALES
D334,1423,TUMOR BENIGNO DE LA MEDULA ESPINAL
D337,1424,TUMOR BENIGNO DE OTRAS PARTES ESPECIFICADAS DEL SISTEMA NERVIOSO CENTRAL
D339,1425,"TUMOR BENIGNO DEL SISTEMA NERVIOSO CENTRAL, SITIO NO ESPECIFICADO"
D34,1426,TUMOR BENIGNO DE LA GLANDULA TIROIDES
D350,1427,TUMOR BENIGNO DE LA GLANDULA SUPRARRENAL
D351,1428,TUMOR BENIGNO DE LA GLANDULA PARATIROIDES
D352,1429,TUMOR BENIGNO DE LA HIPOFISIS
D353,1430,TUMOR BENIGNO DEL CONDUCTO CRANEOFARINGEO
D354,1431,TUMOR BENIGNO DE LA GLANDULA PINEAL
D355,1432,TUMOR BENIGNO DEL CUERPO CAROTIDEO
D356,1433,TUMOR BENIGNO DEL CUERPO AORTICO Y DE OTROS CUERPOS CROMAFINES
D357,1434,TUMOR BENIGNO DE OTRAS GLANDULAS ENDOCRINAS ESPECIFICADAS
D358,1435,TUMOR BENIGNO DE PLURIGLANDULAR
D359,1436,TUMOR BENIGNO DE GLANDULA ENDOCRINA NO ESPECIFICADA
D360,1437,TUMOR BENIGNO DE LOS GANGLIOS LINFATICOS
D361,1438,TUMOR BENIGNO DE LOS NERVIOS PERIFERICOS Y DEL SISTEMA NERVIOSO AUTONOMO
D367,1439,TUMOR BENIGNO DE OTROS SITIOS ESPECIFICADOS
D369,1440,TUMOR BENIGNO DE SITIO NO ESPECIFICADO
D370,1441,"TUMOR DE COMPORTAMIENTO INCIERTO O DESCONOCIDO DEL LABIO, DE LA CAVIDAD BUCAL Y DE LA FARINGE"
D371,1442,TUMOR DE COMPORTAMIENTO INCIERTO O DESCONOCIDO DEL ESTOMAGO
D372,1443,TUMOR DE COMPORTAMIENTO INCIERTO O DESCONOCIDO DEL INTESTINO DELGADO
D373,1444,TUMOR DE COMPORTAMIENTO INCIERTO O DESCONOCIDO DEL APENDICE
D374,1445,TUMOR DE COMPORTAMIENTO INCIERTO O DESCONOCIDO DEL COLON
D375,1446,TUMOR DE COMPORTAMIENTO INCIERTO O DESCONOCIDO DEL RECTO
D376,1447,"TUMOR DE COMPORTAMIENTO INCIERTO O DESCONOCIDO DEL HIGADO, DE LA VESICULA BILIAR Y DEL CONDUCTO BILIAR"
D377,1448,TUMOR DE COMPORTAMIENTO INCIERTO O DESCONOCIDO DE OTROS ORGANOS DIGESTIVOS ESPECIFICADOS
D379,1449,"TUMOR DE COMPORTAMIENTO INCIERTO O DESCONOCIDO DE ORGANOS DIGESTIVOS, SITIO NO ESPECIFICADO"
D380,1450,TUMOR DE COMPORTAMIENTO INCIERTO O DESCONOCIDO DE LARINGE
D381,1451,"TUMOR DE COMPORTAMIENTO INCIERTO O DESCONOCIDO DE LA TRAQUEA, DE LOS BRONQUIOS Y DEL PULMON"
D382,1452,TUMOR DE COMPORTAMIENTO INCIERTO O DESCONOCIDO DE LA PLEURA
D383,1453,TUMOR DE COMPORTAMIENTO INCIERTO O DESCONOCIDO DEL MEDIASTINO
D384,1454,TUMOR DE COMPORTAMIENTO INCIERTO O DESCONOCIDO DEL TIMO
D385,1455,TUMOR DE COMPORTAMIENTO INCIERTO O DESCONOCIDO DE OTROS ORGANOS RESPIRATORIOS Y DEL OIDO MEDIO
D386,1456,"TUMOR DE COMPORTAMIENTO INCIERTO O DESCONOCIDO DE ORGANOS RESPIRATORIOS, SITIO NO ESPECIFICADO"
D390,1457,TUMOR DE COMPORTAMIENTO INCIERTO O DESCONOCIDO DEL UTERO
D391,1458,TUMOR DE COMPORTAMIENTO INCIERTO O DESCONOCIDO DEL OVARIO
D392,1459,TUMOR DE COMPORTAMIENTO INCIERTO O DESCONOCIDO DE LA PLACENTA
D397,1460,TUMOR DE COMPORTAMIENTO INCIERTO O DESCONOCIDO DE OTROS ORGANOS GENITALES FEMENINOS
D399,1461,TUMOR DE COMPORTAMIENTO INCIERTO O DESCONOCIDO DE ORGANO GENITAL FEMENINO NO ESPECIFICADO
D400,1462,TUMOR DE COMPORTAMIENTO INCIERTO O DESCONOCIDO DE LA PROSTATA
D401,1463,TUMOR DE COMPORTAMIENTO INCIERTO O DESCONOCIDO DEL TESTICULO
D407,1464,TUMOR DE COMPORTAMIENTO INCIERTO O DESCONOCIDO DE OTROS ORGANOS GENITALES MASCULINOS
D409,1465,TUMOR DE COMPORTAMIENTO INCIERTO O DESCONOCIDO DE ORGANO GENITAL MASCULINO NO ESPECIFICADO
D410,1466,TUMOR DE COMPORTAMIENTO INCIERTO O DESCONOCIDO DEL RIÑON
D411,1467,TUMOR DE COMPORTAMIENTO INCIERTO O DESCONOCIDO DEC LA PELVIS RENAL
D412,1468,TUMOR DE COMPORTAMIENTO INCIERTO O DESCONOCIDO DEL URETER
D413,1469,TUMOR DE COMPORTAMIENTO INCIERTO O DESCONOCIDO DE LA URETRA
D414,1470,TUMOR DE COMPORTAMIENTO INCIERTO O DESCONOCIDO DE LA VEJIGA
D417,1471,TUMOR DE COMPORTAMIENTO INCIERTO O DESCONOCIDO DE OTROS ORGANOS URINARIOS
D419,1472,TUMOR DE COMPORTAMIENTO INCIERTO O DESCONOCIDO DE ORGANO URINARIO NO ESPECIFICADO
D420,1473,TUMOR DE COMPORTAMIENTO INCIERTO O DESCONOCIDO DE LAS MENINGES CEREBRALES
D421,1474,TUMOR DE COMPORTAMIENTO INCIERTO O DESCONOCIDO DE LAS MENINGES RAQUIDEAS
D429,1475,"TUMOR DE COMPORTAMIENTO INCIERTO O DESCONOCIDO DE LAS MENINGES, PARTE NO ESPECIFICADA"
D430,1476,"TUMOR DE COMPORTAMIENTO INCIERTO O DESCONOCIDO DEL ENCEFALO, SUPRATENTORIAL"
D431,1477,"TUMOR DE COMPORTAMIENTO INCIERTO O DESCONOCIDO DEL ENCEFALO, INFRATENTORIAL"
D432,1478,"TUMOR DE COMPORTAMIENTO INCIERTO O DESCONOCIDO DEL ENCEFALO, PARTE NO ESPECIFICADA"
D433,1479,TUMOR DE COMPORTAMIENTO INCIERTO O DESCONOCIDO DE LOS NERVIOS CRANEALES
D434,1480,TUMOR DE COMPORTAMIENTO INCIERTO O DESCONOCIDO DE LA MEDULA ESPINAL
D437,1481,TUMOR DE COMPORTAMIENTO INCIERTO O DESCONOCIDO DE OTRAS PARTES ESPECIFICADAS DEL SISTEMA NERVIOSO CENTRAL
D439,1482,"TUMOR DE COMPORTAMIENTO INCIERTO O DESCONOCIDO DEL SISTEMA NERVIOSO CENTRAL, SITIO NO ESPECIFICADO"
D440,1483,TUMOR DE COMPORTAMIENTO INCIERTO O DESCONOCIDO DE LA GLANDULA TIROIDES
D441,1484,TUMOR DE COMPORTAMIENTO INCIERTO O DESCONOCIDO DE LA GLANDULA SUPRARRENAL
D442,1485,TUMOR DE COMPORTAMIENTO INCIERTO O DESCONOCIDO DE LA GLANDULA PARATIROIDES
D443,1486,TUMOR DE COMPORTAMIENTO INCIERTO O DESCONOCIDO DE LA GLANDULA HIPOFISIS
D444,1487,TUMOR DE COMPORTAMIENTO INCIERTO O DESCONOCIDO DEL CONDUCTO CRANEOFARINGEO
D445,1488,TUMOR DE COMPORTAMIENTO INCIERTO O DESCONOCIDO DE LA GLANDULA PINEAL
D446,1489,TUMOR DE COMPORTAMIENTO INCIERTO O DESCONOCIDO DEL CUERPO CAROTIDEO
D447,1490,TUMOR DE COMPORTAMIENTO INCIERTO O DESCONOCIDO DEL CUERPO AORTICO Y OTROS CROMAFINES
D448,1491,TUMOR DE COMPORTAMIENTO INCIERTO O DESCONOCIDO CON AFECTACION PLURIGLANDULAR
D449,1492,TUMOR DE COMPORTAMIENTO INCIERTO O DESCONOCIDO DE GLANDULA ENDOCRINA NO ESPECIFICADA
D45,1493,POLICITEMIA VERA
D460,1494,"ANEMIA REFRACTARIA SIN SIDEROBLASTOS, ASI DESCRITA"
D461,1495,ANEMIA REFRACTARIA CON SIDEROBLASTOS
D462,1496,ANEMIA REFRACTARIA CON EXCESO DE BLASTOS
D463,1497,ANEMIA REFRACTARIA CON EXCESO DE BLASTOS CON TRANSFORMACION
D464,1498,"ANEMIA REFRACTARIA, SIN OTRA ESPECIFICACION"
D467,1499,OTROS SINDROMES MIELODISPLASICOS
D469,1500,"SINDROME MIELODISPLASICO, SIN OTRA ESPECIFICACION"
D470,1501,TUMOR DE COMPORTAMIENTO INCIERTO O DESCONOCIDO DE LOS MASTOCITOS E HISTIOCITOS
D471,1502,ENFERMEDAD MIELOPROLIFERATIVA CRONICA
D472,1503,GAMMOPATIA MONOCLONAL
D473,1504,TROMBOCITOPENIA (HEMORRAGICA) ESENCIAL
D477,1505,"OTROS TUMORES ESPECIFICADOS DE COMPORTAMIENTO INCIERTO O DESCONOCIDO DEL TEJIDO LINFATICO, DE LOS ORGANOS HEMATOPOYETICOS Y DE TEJIDOS AFINES"
D479,1506,"TUMORES DE COMPORTAMIENTO INCIERTO O DESCONOCIDO DEL TEJIDO LINFATICO, DE LOS ORGANOS HEMATOPOYETICOS Y DE TEJIDOS AFINES, NO ESPECIFICADOS"
D480,1507,TUMOR DE COMPORTAMIENTO INCIERTO O DESCONOCIDO DEL HUESO Y CARTILAGO ARTICULAR
D481,1508,TUMOR DE COMPORTAMIENTO INCIERTO O DESCONOCIDO DEL TEJIDO CONJUNTIVO Y OTRO TEJIDO BLANDO
D482,1509,TUMOR DE COMPORTAMIENTO INCIERTO O DESCONOCIDO DE LOS NERVIOS PERIFERICOS Y DEL SISTEMA NERVIOSO AUTONOMO
D483,1510,TUMOR DE COMPORTAMIENTO INCIERTO O DESCONOCIDO DEL RETROPERITONEO
D484,1511,TUMOR DE COMPORTAMIENTO INCIERTO O DESCONOCIDO DEL PERITONEO
D485,1512,TUMOR DE COMPORTAMIENTO INCIERTO O DESCONOCIDO DE LA PIEL
D486,1513,TUMOR DE COMPORTAMIENTO INCIERTO O DESCONOCIDO DE LA MAMA
D487,1514,TUMOR DE COMPORTAMIENTO INCIERTO O DESCONOCIDO DE OTROS SITIOS ESPECIFICADOS
D489,1515,"TUMOR DE COMPORTAMIENTO INCIERTO O DESCONOCIDO, DE SITIO NO ESPECIFICADO"
D500,1516,ANEMIA POR DEFICIENCIA DE HIERRO SECUNDARIA A PERDIDA DE SANGRE (CRONICA)
D501,1517,DISFAGIA SIDEROPENICA
D508,1518,OTRAS ANEMIAS POR DEFICIENCIA DE HIERRO
D509,1519,ANEMIA POR DEFICIENCIA DE HIERRO SIN OTRA ESPECIFICACION
D510,1520,ANEMIA POR DEFICIENCIA DE VITAMINA B12 DEBIDA A DEFICIENCIA DEL FACTOR INTRINSECO
D511,1521,ANEMIA POR DEFICIENCIA DE VITAMINA B12 DEBIDA A MALA ABSORCION SELECTIVA DE VITAMINA B12 CON PROTEINURIA
D512,1522,DEFICIENCIA DE TRASCOBALAMINA II
D513,1523,OTRAS ANEMIAS POR DEFICIENCIA DIETETICA DE VITAMINA B12
D518,1524,OTRAS ANEMIAS POR DEFICIENCIA DE VITAMINA B12
D519,1525,"ANEMIA POR DEFICIENCIA DE VITAMINA B12, SIN OTRA ESPECIFICACION"
D520,1526,ANEMIA POR DEFICIENCIA DIETETICA DE FOLATOS
D521,1527,ANEMIA POR DEFICIENCIA DE FOLATOS INDUCIDA POR DROGAS
D528,1528,OTRAS ANEMIAS POR DEFICIENCIA DE FOLATOS
D529,1529,"ANEMIA POR DEFICIENCIA DE FOLATOS, SIN OTRA ESPECIFICACION"
D530,1530,ANEMIA POR DEFICIENCIA DE PROTEINAS
D531,1531,"OTRAS ANEMIAS MEGALOBLASTICAS, NO CLASIFICADAS EN OTRA PARTE"
D532,1532,ANEMIA ESCORBUTICA
D538,1533,OTRAS ANEMIAS NUTRICIONALES ESPECIFICADAS
D539,1534,"ANEMIA NUTRICIONAL, NO ESPECIFICADA"
D550,1535,ANEMIA DEBIDA A DEFICIENCIA DE GLUCOSA-6-FOSFATO DESHIDROGENASA (G6FD)
D551,1536,ANEMIA DEBIDA A OTROS TRASTORNOS DEL METABOLISMO DEL GLUTATION
D552,1537,ANEMIA DEBIDA A TRASTORNOS DE LAS ENZIMAS GLUCOLITICAS
D553,1538,ANEMIA DEBIDA A TRASTORNOS DEL METABOLISMO DE LOS NUCLEOTIDOS
D558,1539,OTRAS ANEMIAS DEBIDAS A TRASTORNOS ENZIMATICOS
D559,1540,"ANEMIA DEBIDA A TRASTORNOS ENZIMATICOS, SIN OTRA ESPECIFICACION"
D560,1541,ALFA TALASEMIA
D561,1542,BETA TALASEMIA
D562,1543,DELTA-BETA TALASEMIA
D563,1544,RASGO TALASEMICO
D564,1545,PERSISTENCIA HEREDITARIA DE LA HEMOGLOBINA FETAL (PHHF)
D568,1546,OTRAS TALASEMIAS
D569,1547,"TALASEMIA, NO ESPECIFICADA"
D570,1548,ANEMIA FALCIFORME CON CRISIS
D571,1549,ANEMIA FALCIFORME SIN CRISIS
D572,1550,TRASTORNOS FALCIFORMES HETEROCIGOTICOS DOBLES
D573,1551,RASGO DREPANOCITICO
D578,1552,OTROS TRASTORNOS FALCIFORMES
D580,1553,ESFEROCITOSIS HEREDITARIA
D581,1554,ELIPTOCITOSIS HEREDITARIA
D582,1555,OTRAS HEMOGLOBINOPATIAS
D588,1556,OTRAS ANEMIAS HEMOLITICAS HEREDITARIAS ESPECIFICADAS
D589,1557,"ANEMIA HEMOLITICA HEREDITARIA, SIN OTRA ESPECIFICACION"
D590,1558,ANEMIA HEMOLITICA AUTOINMUNE INDUCIDA POR DROGAS
D591,1559,OTRAS ANEMIAS HEMOLITICAS AUTOINMUNES
D592,1560,ANEMIA HEMOLITICA NO AUTOINMUNE INDUCIDA POR DROGAS
D593,1561,SINDROME HEMOLITICO-UREMICO
D594,1562,OTRAS ANEMIAS HEMOLITICAS NO AUTOINMUNES
D595,1563,HEMOGLOBINURIA PAROXISTICA NOCTURNA [MARCHIAFAVA-MICHELI]
D596,1564,HEMOGLOBINURIA DEBIDA A HEMOLISIS POR OTRAS CAUSAS EXTERNAS
D598,1565,OTRAS ANEMIAS HEMOLITICAS ADQUIRIDAS
D599,1566,"ANEMIAS HEMOLITICA ADQUIRIDA, SIN OTRA ESPECIFICACION"
D600,1567,"APLASIA CRONICA ADQUIRIDA, EXCLUSIVA DE LA SERIE ROJA"
D601,1568,"APLASIA TRANSITORIA ADQUIRIDA, EXCLUSIVA DE LA SERIE ROJA"
D608,1569,"OTRAS APLASIAS ADQUIRIDAS, EXCLUSIVAS DE LA SERIE ROJA"
D609,1570,"APLASIA ADQUIRIDA, EXCLUSIVA DE LA SERIE ROJA, NO ESPECIFICADA"
D610,1571,ANEMIA APLASTICA CONSTITUCIONAL
D611,1572,ANEMIA APLASTICA INDUCIDA POR DROGAS
D612,1573,ANEMIA APLASTICA DEBIDA A OTROS AGENTES EXTERNOS
D613,1574,ANEMIA APLASTICA IDIOPATICA
D618,1575,OTRAS ANEMIAS APLASTICAS ESPECIFICADAS
D619,1576,"ANEMIA APLASTICA, SIN OTRA ESPECIFICACION"
D62,1577,ANEMIA POSTHEMORRAGICA AGUDA
D630,1578,ANEMIA EN ENFERMEDAD NEOPLASICA (C00-D48)
D638,1579,ANEMIA EN OTRAS ENFERMEDADES CRONICAS CLASIFICADAS EN OTRA PARTE
D640,1580,ANEMIA SIDEROBLASTICA HEREDITARIA
D641,1581,ANEMIA SIDEROBLASTICA SECUNDARIA A OTRA ENFERMEDAD
D642,1582,"ANEMIA SIDEROBLASTICA SECUNDARIA, DEBIDA A DROGAS Y TOXINAS"
D643,1583,OTRAS ANEMIAS SIDEROBLASTICAS
D644,1584,ANEMIA DISERITROPOYETICA CONGENITA
D648,1585,OTRAS ANEMIAS ESPECIFICADAS
D649,1586,ANEMIA DE TIPO NO ESPECIFICADO
D65,1587,COAGULACION INTRAVASCULAR DISEMINADA [SINDROME DE DESFIBRINACION]
D66,1588,DEFICIENCIA HEREDITARIA DEL FACTOR VIII
D67,1589,DEFICIENCIA HEREDITARIA DEL FACTOR IX
D680,1590,ENFERMEDAD DE VON WILLEBRAND
D681,1591,DEFICIENCIA HEREDITARIA DEL FACTOR XI
D682,1592,DEFICIENCIA HEREDITARIA DE OTROS FACTORES DE LA COAGULACION
D683,1593,TRASTORNO HEMORRAGICO DEBIDO A ANTICOAGULANTES CIRCULANTES
D684,1594,DEFICIENCIA ADQUIRIDA DE FACTORES DE LA COAGULACION
D688,1595,OTROS DEFECTOS ESPECIFICADOS DE LA COAGULACION
D689,1596,"DEFECTO DE LA COAGULACION, NO ESPECIFICADO"
D690,1597,PURPURA ALERGICA
D691,1598,DEFECTOS CUALITATIVOS DE LAS PLAQUETAS
D692,1599,OTRAS PURPURAS NO TROMBOCITOPENICAS
D693,1600,PURPURA TROMBOCITOPENICA IDIOPATICA
D694,1601,OTRAS TROMBOCITOPENIAS PRIMARIAS
D695,1602,TROMBOCITOPENIA SECUNDARIA
D696,1603,TROMBOCITOPENIA NO ESPECIFICADA
D698,1604,OTRAS AFECCIONES HEMORRAGICAS ESPECIFICADAS
D699,1605,"AFECCION HEMORRAGICA, NO ESPECIFICADA"
D70,1606,AGRANULOCITOSIS
D71,1607,TRASTORNOS FUNCIONALES DE LOS POLIMORFONUCLEARES NEUTROFILOS
D720,1608,ANOMALIAS GENETICAS DE LOS LEUCOCITOS
D721,1609,EOSINOFILIA
D728,1610,OTROS TRASTORNOS ESPECIFICADOS DE LOS LEUCOCITOS
D729,1611,"TRASTORNOS DE LOS LEUCOCITOS, NO ESPECIFICADO"
D730,1612,HIPOESPLENISMO
D731,1613,HIPERESPLENISMO
D732,1614,ESPLENOMEGALIA CONGESTIVA CRONICA
D733,1615,ABSCESO DEL BAZO
D734,1616,QUISTE DEL BAZO
D735,1617,INFARTO DEL BAZO
D738,1618,OTRAS ENFERMEDADES DEL BAZO
D739,1619,"ENFERMEDAD DEL BAZO, NO ESPECIFICADA"
D740,1620,METAHEMOGLOBINEMIA CONGENITA
D748,1621,OTRAS METAHEMOGLOBINEMIAS
D749,1622,"METAHEMOGLOBINEMIA, NO ESPECIFICADA"
D750,1623,ERITROCITOSIS FAMILIAR
D751,1624,POLICITEMIA SECUNDARIA
D752,1625,TROMBOCITOSIS ESENCIAL
D758,1626,OTRAS ENFERMEDADES ESPECIFICADAS DE LA SANGRE Y DE LOS ORGANOS HEMATOPOYETICOS
D759,1627,"ENFERMEDAD DE LA SANGRE Y DE LOS ORGANOS HEMATOPOYETICOS, NO ESPECIFICADA"
D760,1628,"HISTIOCITOSIS DE LAS CELULAS DE LANGERHANS, NO CLASIFICADA EN OTRA PARTE"
D761,1629,LINFOHISTIOCITOSIS HEMOFAGOCITICA
D762,1630,SINDROME HEMOFAGOCITICO ASOCIADO A INFECCION
D763,1631,OTROS SINDROMES HISTIOCITICOS
D77,1632,OTROS TRASTORNOS DE LA SANGRE Y DE LOS ORGANOS HEMATOPOYETICOS EN ENFERMEDADES CLASIFICADAS EN OTRA PARTE
D800,1633,HIPOGAMMAGLOBULINEMIA HEREDITARIA
D801,1634,HIPOGAMMAGLOBULINEMIA NO FAMILIAR
D802,1635,DEFICIENCIA SELECTIVA DE INMUNOGLOBULINA A [IgA]
D803,1636,DEFICIENCIA SELECTIVA DE SUBCLASES DE LA INMUNOGLOBULINA G [IgG]
D804,1637,DEFICIENCIA SELECTIVA DE INMUNOGLOBULINA M [IgM]
D805,1638,INMUNODEFICIENCIA CON INCREMENTO DE INMUNOGLOBULINA M [IgM]
D806,1639,DEFICIENCIA DE ANTICUERPOS CON INMUNOGLOBULINAS CASI NORMALES O CON HIPERINMUNOGLOBULINEMIA
D807,1640,HIPOGAMMAGLOBULINEMIA TRANSITORIA DE LA INFANCIA
D808,1641,OTRAS INMUNODEFICIENCIAS CON PREDOMINIO DE DEFECTOS DE LOS ANTICUERPOS
D809,1642,"INMUNODEFICIENCIA CON PREDOMINIO DE DEFECTOS DE LOS ANTICUERPOS, NO ESPECIFICADA"
D810,1643,INMUNODEFICIENCIA COMBINADA SEVERA [IDCS] CON DISGENESIA RETICULAR
D811,1644,INMUNODEFICIENCIA COMBINADA SEVERA [IDCS] CON LINFOCITOPENIA T Y B
D812,1645,INMUNODEFICIENCIA COMBINADA SEVERA [IDCS] CON CIFRA BAJA O NORMAL DE LINFOCITOS B
D813,1646,DEFICIENCIA DE LA ADENOSINA DEAMINASA [ADA]
D814,1647,SINDROME DE NEZELOF
D815,1648,DEFICIENCIA DE LA FOSFORILASA PURINONUCLEOSIDA [FPN]
D816,1649,DEFICIENCIA DE LA CLASE I DEL COMPLEJO DE HISTOCOMPATIBILIDAD MAYOR
D817,1650,DEFICIENCIA DE LA CLASE II DEL COMPLEJO DE HISTOCOMPATIBILIDAD MAYOR
D818,1651,OTRAS INMUNODEFICIENCIAS COMBINADAS
D819,1652,"INMUNODEFICIENCIA COMBINADA, NO ESPECIFICADA"
D820,1653,SINDROME DE WISKOTT-ALDRICH
D821,1654,SINDROME DE DI GEORGE
D822,1655,INMUNODEFICIENCIA CON ENANISMO MICROMELICO [MIEMBROS CORTOS]
D823,1656,INMUNODEFICIENCIA CONSECUTIVA A RESPUESTA DEFECTUOSA HEREDITARIA CONTRA EL VIRUS DE EPSTEIN-BARR
D824,1657,SINDROME DE HIPERINMUNOGLOBULINA E [IgE]
D828,1658,INMUNODEFICIENCIA ASOCIADA CON OTROS DEFECTOS MAYORES ESPECIFICADOS
D829,1659,INMUNODEFICIENCIA ASOCIADA CON OTROS DEFECTOS MAYORES NO ESPECIFICADOS
D830,1660,INMUNODEFICIENCIA VARIABLE COMUN CON PREDOMINIO DE ANORMALIDADES EN EL NUMERO Y LA FUNCION DE LOS LINFOCITOS B
D831,1661,INMUNODEFICIENCIA VARIABLE COMUN CON PREDOMINIO DE TRASTORNOS INMUNORREGULADORES DE LOS LINFOCITOS T
D832,1662,INMUNODEFICIENCIA VARIABLE COMUN CON AUTOANTICUERPOS ANTI-B O ANTI-T
D838,1663,OTRAS INMUNODEFICIENCIAS VARIABLES COMUNES
D839,1664,"INMUNODEFICIENCIA VARIABLE COMUN, NO ESPECIFICADA"
D840,1665,DEFECTO DE LA FUNCION DEL ANTIGENO-1 DEL LINFOCITO [LFA-1]
D841,1666,DEFECTO DEL SISTEMA DEL COMPLEMENTO
D848,1667,OTRAS INMUNODEFICIENCIAS ESPECIFICADAS
D849,1668,"INMUNODEFICIENCIA, NO ESPECIFICADA"
D860,1669,SARCOIDOSIS DEL PULMON
D861,1670,SARCOIDOSIS DE LOS GANGLIOS LINFÁTICOS
D862,1671,SARCOIDOSIS DEL PULMON Y DE LOS GANGLIOS LINFATICOS
D863,1672,SARCOIDOSIS DE LA PIEL
D868,1673,SARCOIDOSIS DE OTROS SITIOS ESPECIFICADOS O DE SITIOS COMBINADOS
D869,1674,SARCOIDOSIS DE SITIO NO ESPECIFICADO
D890,1675,HIPERGAMMAGLOBULINEMIA POLICLONAL
D891,1676,CRIOGLOBULINEMIA
D892,1677,"HIPERGAMMAGLOBULINEMIA, NO ESPECIFICADA"
D898,1678,"OTROS TRASTORNOS ESPECIFICADOS QUE AFECTAN EL MECANISMO DE LA INMUNIDAD, NO CLASIFICADOS EN OTRA PARTE"
D899,1679,"TRASTORNO QUE AFECTA AL MECANISMO DE LA INMUNIDAD, NO ESPECIFICADO"
E000,1680,"SINDROME CONGENITO DE DEFICIENCIA DE YODO, TIPO NEUROLOGICO"
E001,1681,"SINDROME DE DEFICIENCIA CONGENITA DE YODO, TIPO MIXEDEMATOSO"
E002,1682,"SINDROME CONGENITO DE DEFICIENCIA DE YODO, TIPO MIXTO"
E009,1683,"SINDROME CONGENITO DE DEFICIENCIA DE YODO, NO ESPECIFICADO"
E010,1684,BOCIO DIFUSO (ENDEMICO) RELACIONADO CON DEFICIENCIA DE YODO
E011,1685,BOCIO MULTINODULAR (ENDEMICO) RELACIONADO CON DEFICIENCIA DE YODO
E012,1686,"BOCIO (ENDEMICO) RELACIONADO CON DEFICIENCIA DE YODO, NO ESPECIFICADO"
E018,1687,OTROS TRASTORNOS DE LA TIROIDES RELACIONADOS CON DEFICIENCIA DE YODO Y AFECCIONES SIMILARES
E02,1688,HIPOTIROIDISMO SUBCLINICO POR DEFICIENCIA DE YODO
E030,1689,HIPOTIROIDISMO CONGENITO CON BOCIO DIFUSO
E031,1690,HIPOTIROIDISMO CONGENITO SIN BOCIO
E032,1691,HIPOTIROIDISMO DEBIDO A MEDICAMENTOS Y A OTRAS SUSTANCIAS EXOGENAS
E033,1692,HIPOTIROIDISMO POSTINFECCIOSO
E034,1693,ATROFIA DE TIROIDES (ADQUIRIDA)
E035,1694,COMA MIXEDEMATOSO
E038,1695,OTROS HIPOTIROIDISMOS ESPECIFICADOS
E039,1696,"HIPOTIROIDISMO, NO ESPECIFICADO"
E040,1697,BOCIO DIFUSO NO TOXICO
E041,1698,NODULO TIROIDEO SOLITARIO NO TOXICO
E042,1699,BOCIO MULTINODULAR NO TOXICO
E048,1700,OTROS BOCIOS NO TOXICOS ESPECIFICADOS
E049,1701,"BOCIO NO TOXICO, NO ESPECIFICADO"
E050,1702,TIROTOXICOSIS CON BOCIO DIFUSO
E051,1703,TIROTOXICOSIS CON NODULO SOLITARIO TIROIDEO TOXICO
E052,1704,TIROTOXICOSIS CON BOCIO MULTINODULAR TOXICO
E053,1705,TIROTOXICOSIS POR TEJIDO TIROIDEO ECTOPICO
E054,1706,TIROTOXICOSIS FACTICIA
E055,1707,CRISIS O TORMENTA TIROTOXICA
E058,1708,OTRAS TIROTOXICOSIS
E059,1709,"TIROTOXICOSIS, NO ESPECIFICADA"
E060,1710,TIROIDITIS AGUDA
E061,1711,TIROIDITIS SUBAGUDA
E062,1712,TIROIDITIS CRONICA CON TIROTOXICOSIS TRANSITORIA
E063,1713,TIROIDITIS AUTOINMUNE
E064,1714,TIROIDITIS INDUCIDA POR DROGAS
E065,1715,OTRAS TIROIDITIS CRONICAS
E069,1716,"TIROIDITIS, NO ESPECIFICADA"
E070,1717,HIPERSECRECION DE CALCITONINA
E071,1718,BOCIO DISHORMOGENETICO
E078,1719,OTROS TRASTORNOS ESPECIFICADOS DE LA GLANDULA TIROIDES
E079,1720,"TRASTORNO DE LA GLANDULA TIROIDES, NO ESPECIFICADO"
E100,1721,DIABETES MELLITUS INSULINODEPENDIENTE CON COMA
E101,1722,DIABETES MELLITUS INSULINODEPENDIENTE CON CETOACIDOSIS
E102,1723,DIABETES MELLITUS INSULINODEPENDIENTE CON COMPLICACIONES RENALES
E103,1724,DIABETES MELLITUS INSULINODEPENDIENTE CON COMPLICACIONES OFTALMICAS
E104,1725,DIABETES MELLITUS INSULINODEPENDIENTE CON COMPLICACIONES NEUROLOGICAS
E105,1726,DIABETES MELLITUS INSULINODEPENDIENTE CON COMPLICACIONES CIRCULATORIAS PERIFERICAS
E106,1727,DIABETES MELLITUS INSULINODEPENDIENTE CON OTRAS COMPLICACIONES ESPECIFICADAS
E107,1728,DIABETES MELLITUS INSULINODEPENDIENTE CON COMPLICACIONES MULTIPLES
E108,1729,DIABETES MELLITUS INSULINODEPENDIENTE CON COMPLICACIONES NO ESPECIFICADAS
E109,1730,DIABETES MELLITUS INSULINODEPENDIENTE SIN MENCION DE COMPLICACION
E110,1731,DIABETES MELLITUS NO INSULINODEPENDIENTE CON COMA
E111,1732,DIABETES MELLITUS NO INSULINODEPENDIENTE CON CETOACIDOSIS
E112,1733,DIABETES MELLITUS NO INSULINODEPENDIENTE CON COMPLICACIONES RENALES
E113,1734,DIABETES MELLITUS NO INSULINODEPENDIENTE CON COMPLICACIONES OFTALMICAS
E114,1735,DIABETES MELLITUS NO INSULINODEPENDIENTE CON COMPLICACIONES NEUROLOGICAS
E115,1736,DIABETES MELLITUS NO INSULINODEPENDIENTE CON COMPLICACIONES CIRCULATORIAS PERIFERICAS
E116,1737,DIABETES MELLITUS NO INSULINODEPENDIENTE CON OTRAS COMPLICACIONES ESPECIFICADAS
E117,1738,DIABETES MELLITUS NO INSULINODEPENDIENTE CON COMPLICACIONES MULTIPLES
E118,1739,DIABETES MELLITUS NO INSULINODEPENDIENTE CON COMPLICACIONES NO ESPECIFICADAS
E119,1740,DIABETES MELLITUS NO INSULINODEPENDIENTE SIN MENCION DE COMPLICACION
E120,1741,DIABETES MELLITUS ASOCIADA CON DESNUTRICION CON COMA
E121,1742,DIABETES MELLITUS ASOCIADA CON DESNUTRICION CON CETOACIDOSIS
E122,1743,DIABETES MELLITUS ASOCIADA CON DESNUTRICION CON COMPLICACIONES RENALES
E123,1744,DIABETES MELLITUS ASOCIADA CON DESNUTRICION CON COMPLICACIONES OFTALMICAS
E124,1745,DIABETES MELLITUS ASOCIADA CON DESNUTRICION CON COMPLICACIONES NEUROLOGICAS
E125,1746,DIABETES MELLITUS ASOCIADA CON DESNUTRICION CON COMPLICACIONES CIRCULATORIAS PERIFERICAS
E126,1747,DIABETES MELLITUS ASOCIADA CON DESNUTRICION CON OTRAS COMPLICACIONES ESPECIFICADAS
E127,1748,DIABETES MELLITUS ASOCIADA CON DESNUTRICION CON COMPLICACIONES MULTIPLES
E128,1749,DIABETES MELLITUS ASOCIADA CON DESNUTRICION CON COMPLICACIONES NO ESPECIFICADAS
E129,1750,DIABETES MELLITUS ASOCIADA CON DESNUTRICION SIN MENCION DE COMPLICACION
E130,1751,OTRAS DIABETES MELLITUS ESPECIFICADAS CON COMA
E131,1752,OTRAS DIABETES MELLITUS ESPECIFICADAS CON CETOACIDOSIS
E132,1753,OTRAS DIABETES MELLITUS ESPECIFICADAS CON COMPLICACIONES RENALES
E133,1754,OTRAS DIABETES MELLITUS ESPECIFICADAS CON COMPLICACIONES OFTALMICAS
E134,1755,OTRAS DIABETES MELLITUS ESPECIFICADAS CON COMPLICACIONES NEUROLOGICAS
E135,1756,OTRAS DIABETES MELLITUS ESPECIFICADAS CON COMPLICACIONES CIRCULATORIAS PERIFERICAS
E136,1757,OTRAS DIABETES MELLITUS ESPECIFICADAS CON OTRAS COMPLICACIONES ESPECIFICADAS
E137,1758,OTRAS DIABETES MELLITUS ESPECIFICADAS CON COMPLICACIONES MULTIPLES
E138,1759,OTRAS DIABETES MELLITUS ESPECIFICADAS CON COMPLICACIONES NO ESPECIFICADAS
E139,1760,OTRAS DIABETES MELLITUS ESPECIFICADAS SIN MENCION DE COMPLICACION
E140,1761,"DIABETES MELLITUS, NO ESPECIFICADA CON COMA"
E141,1762,"DIABETES MELLITUS, NO ESPECIFICADA CON CETOACIDOSIS"
E142,1763,"DIABETES MELLITUS, NO ESPECIFICADA CON COMPLICACIONES RENALES"
E143,1764,"DIABETES MELLITUS, NO ESPECIFICADA CON COMPLICACIONES OFTALMICAS"
E144,1765,"DIABETES MELLITUS, NO ESPECIFICADA CON COMPLICACIONES NEUROLOGICAS"
E145,1766,"DIABETES MELLITUS, NO ESPECIFICADA CON COMPLICACIONES CIRCULATORIAS PERIFERICAS"
E146,1767,"DIABETES MELLITUS, NO ESPECIFICADA CON OTRAS COMPLICACIONES ESPECIFICADAS"
E147,1768,"DIABETES MELLITUS, NO ESPECIFICADA CON COMPLICACIONES MULTIPLES"
E148,1769,"DIABETES MELLITUS, NO ESPECIFICADA CON COMPLICACIONES NO ESPECIFICADAS"
E149,1770,"DIABETES MELLITUS, NO ESPECIFICADA SIN MENCION DE COMPLICACION"
E15,1771,COMA HIPOGLICEMICO NO DIABETICO
E160,1772,"HIPOGLICEMIA SIN COMA, INDUCIDA POR DROGAS"
E161,1773,OTRAS HIPOGLICEMIAS
E162,1774,"HIPOGLICEMIA , NO ESPECIFICADA"
E163,1775,SECRECION EXAGERADA DEL GLUCAGON
E164,1776,SECRECION ANORMAL DE GASTRINA
E168,1777,OTROS TRASTORNOS ESPECIFICADOS DE LA SECRECION INTERNA DEL PANCREAS
E169,1778,"TRASTORNOS DE LA SECRECION INTERNA DEL PANCREAS, SIN OTRA ESPECIFICACION"
E200,1779,HIPOPARATIROIDISMO IDIOPATICO
E201,1780,PSEUDOHIPOPARATIROIDISMO
E208,1781,OTROS TIPOS DE HIPOPARATIROIDISMO
E209,1782,"HIPOPARATIROIDISMO, NO ESPECIFICADO"
E210,1783,HIPERPARATIROIDISMO PRIMARIO
E211,1784,HIPERPARATIROIDISMO SECUNDARIO NO CLASIFICADO EN OTRA PARTE
E212,1785,OTROS TIPOS DE HIPERPARATIROIDISMO
E213,1786,"HIPERPARATIROIDISMO, SIN OTRA ESPECIFICACION"
E214,1787,OTROS TRASTORNOS ESPECIFICADOS DE LA GLANDULA PARATIROIDES
E215,1788,"TRASTORNO DE LA GLANDULA PARATIROIDES, NO ESPECIFICADO"
E220,1789,ACROMEGALIA Y GIGANTISMO HIPOFISARIO
E221,1790,HIPERPROLACTINEMIA
E222,1791,SINDROME DE SECRECION INAPROPIADA DE HORMONA ANTIDIURETICA
E228,1792,OTRAS HIPERFUNCIONES DE LA GLANDULA HIPOFISIS
E229,1793,"HIPERFUNCION DE LA GLANDULA HIPOFISIS, NO ESPECIFICADA"
E230,1794,HIPOPITUITARISMO
E231,1795,HIPOPITUITARISMO INDUCIDO POR DROGAS
E232,1796,DIABETES INSIPIDA
E233,1797,"DISFUNCION HIPOTALAMICA, NO CLASIFICADA EN OTRA PARTE"
E236,1798,OTROS TRASTORNOS DE LA GLANDULA HIPOFISIS
E237,1799,"TRASTORNO DE LA GLANDULA HIPOFISIS, NO ESPECIFICADO"
E240,1800,ENFERMEDAD DE CUSHING DEPENDIENTE DE LA HIPOFISIS
E241,1801,SINDROME DE NELSON
E242,1802,SINDROME DE CUSHING INDUCIDO POR DROGAS
E243,1803,SINDROME DE ACTH ECTOPICO
E244,1804,SINDROME DE SEUDO-CUSHING INDUCIDO POR ALCOHOL
E248,1805,OTROS TIPOS DE SINDROME DE CUSHING
E249,1806,"SINDROME DE CUSHING, NO ESPECIFICADO"
E250,1807,TRASTORNOS ADRENOGENITALES CONGENITOS CON DEFICIENCIA ENZIMATICA
E258,1808,OTROS TRASTORNOS ADRENOGENITALES
E259,1809,"TRASTORNO ADRENOGENITAL, NO ESPECIFICADO"
E260,1810,HIPERALDOSTERONISMO PRIMARIO
E261,1811,HIPERALDOSTERONISMO SECUNDARIO
E268,1812,OTROS TIPOS DE HIPERALDOSTERONISMO
E269,1813,"HIPERALDOSTERONISMO, NO ESPECIFICADO"
E270,1814,OTRA HIPERACTIVIDAD CORTICOSUPRARRENAL
E271,1815,INSUFICIENCIA CORTICOSUPRARRENAL PRIMARIA
E272,1816,CRISIS ADDISONIANA
E273,1817,INSUFICIENCIA CORTICOSUPRARRENAL INDUCIDA POR DROGAS
E274,1818,OTRAS INSUFICIENCIAS CORTICOSUPRARRENALES Y LAS NO ESPECIFICADAS
E275,1819,HIPERFUNCION DE LA MEDULA SUPRARRENAL
E278,1820,OTROS TRASTORNOS ESPECIFICADOS DE LA GLANDULA SUPRARRENAL
E279,1821,"TRASTORNO DE LA GLANDULA SUPRARRENAL, NO ESPECIFICADO"
E280,1822,EXCESO DE ESTROGENOS
E281,1823,EXCESO DE ANDROGENOS
E282,1824,SINDROME DE OVARIO POLIQUISTICO
E283,1825,INSUFICIENCIA OVARICA PRIMARIA
E288,1826,OTRAS DISFUNCIONES OVARICAS
E289,1827,"DISFUNCION OVARICA, NO ESPECIFICADA"
E290,1828,HIPERFUNCION TESTICULAR
E291,1829,HIPOFUNCION TESTICULAR
E298,1830,OTRAS DISFUNCIONES TESTICULARES
E299,1831,"DISFUNCION TESTICULAR, NO ESPECIFICADA"
E300,1832,PUBERTAD RETARDADA
E301,1833,PUBERTAD PRECOZ
E308,1834,OTROS TRASTORNOS DE LA PUBERTAD
E309,1835,"TRASTORNO DE LA PUBERTAD, NO ESPECIFICADO"
E310,1836,INSUFICIENCIA PILOGLANDULAR AUTOINMUNE
E311,1837,HIPERFUNCION POLIGLANDULAR
E318,1838,OTRAS DISFUNCIONES POLIGLANDULARES
E319,1839,"DISFUNCION POLIGLANDULAR, NO ESPECIFICADA"
E320,1840,HIPERPLASIA PERSISTENTE DEL TIMO
E321,1841,ABSCESO DEL TIMO
E328,1842,OTRAS ENFERMEDADES DEL TIMO
E329,1843,"ENFERMEDAD DEL TIMO, NO ESPECIFICADA"
E340,1844,SINDROME CARCINOIDE
E341,1845,OTRAS HIPERSECRECIONES DE HORMONAS INTESTINALES
E342,1846,"SECRECION HORMONAL ECTOPICA, NO CLASIFICADA EN OTRA PARTE"
E343,1847,"ENANISMO, NO CLASIFICADO EN OTRA PARTE"
E344,1848,ESTATURA ALTA CONSTITUCIONAL
E345,1849,SINDROME DE RESISTENCIA ANDROGENICA
E348,1850,OTROS TRASTORNOS ENDOCRINOS ESPECIFICADOS
E349,1851,"TRASTORNO ENDOCRINO, NO ESPECIFICADO"
E350,1852,TRASTORNOS DE LA GLANDULA TIROIDES EN ENFERMEDADES CLASIFICADAS EN OTRA PARTE
E351,1853,TRASTORNOS DE LA GLANDULAS SUPRARRENALES EN ENFERMEDADES CLASIFICADAS EN OTRA PARTE
E358,1854,TRASTORNOS DE OTRAS GLANDULAS ENDOCRINAS EN ENFERMEDADES CLASIFICADAS EN OTRA PARTE
E40,1855,KWASHIORKOR
E41,1856,MARASMO NUTRICIONAL
E42,1857,KWASHIORKOR MARASMATICO
E43,1858,"DESNUTRICION PROTEICOCALORICA SEVERA, NO ESPECIFICADA"
E440,1859,DESNUTRICION PROTEICOCALORICA MODERADA
E441,1860,DESNUTRICION PROTEICOCALORICA LEVE
E45,1861,RETARDO DEL DESARROLLO DEBIDO A DESNUTRICION PROTEICOCALORICA
E46,1862,"DESNUTRICION PROTEICOCALORICA , NO ESPECIFICADA"
E500,1863,DEFICIENCIA DE VITAMINA A CON XEROSIS CONJUNTIVAL
E501,1864,DEFICIENCIA DE VITAMINA A CON MANCHA DE BITOT Y XEROSIS CONJUNTIVAL
E502,1865,DEFICIENCIA DE VITAMINA A CON XEROSIS CORNEAL
E503,1866,DEFICIENCIA DE VITAMINA A CON ULCERACION CORNEAL Y XEROSIS
E504,1867,DEFICIENCIA DE VITAMINA A CON QUERATOMALACIA
E505,1868,DEFICIENCIA DE VITAMINA A CON CEGUERA NOCTURNA
E506,1869,DEFICIENCIA DE VITAMINA A CON CICATRICES XEROFTALMICAS DE LA CORNEA
E507,1870,OTRAS MANIFESTACIONES OCULARES DE DEFICIENCIA DE VITAMINA A
E508,1871,OTRAS MANIFESTACIONES DE DEFICIENCIA DE VITAMINA A
E509,1872,"DEFICIENCIA DE VITAMINA A, NO ESPECIFICADA"
E511,1873,BERIBERI
E512,1874,ENCEFALOPATIA DE WERNICKE
E518,1875,OTRAS MANIFESTACIONES DE LA DEFICIENCIA DE TIAMINA
E519,1876,"DEFICIENCIA DE TIAMINA, NO ESPECIFICADA"
E52,1877,DEFICIENCIA DE NIACINA [PELAGRA]
E530,1878,DEFICIENCIA DE RIBOFLAVINA
E531,1879,DEFICIENCIA DE PIRIDOXINA
E538,1880,DEFICIENCIA DE OTRAS VITAMINAS DEL GRUPO B
E539,1881,"DEFICIENCIA DE VITAMINA B, NO ESPECIFICADA"
E54,1882,DEFICIENCIA DE ACIDO ASCORBICO
E550,1883,RAQUITISMO ACTIVO
E559,1884,"DEFICIENCIA DE VITAMINA D, NO ESPECIFICADA"
E560,1885,DEFICIENCIA DE VITAMINA E
E561,1886,DEFICIENCIA DE VITAMINA K
E568,1887,DEFICIENCIA DE OTRAS VITAMINAS
E569,1888,"DEFICIENCIA DE VITAMINA, NO ESPECIFICADA"
E58,1889,DEFICIENCIA DIETETICA DE CALCIO
E59,1890,DEFICIENCIA DIETETICA DE SELENIO
E60,1891,DEFICIENCIA DIETETICA DE ZINC
E610,1892,DEFICIENCIA DE COBRE
E611,1893,DEFICIENCIA DE HIERRO
E612,1894,DEFICIENCIA DE MAGNESIO
E613,1895,DEFICIENCIA DE MANGANESO
E614,1896,DEFICIENCIA DE CROMO
E615,1897,DEFICIENCIA DE MOLIBDENO
E616,1898,DEFICIENCIA DE VANADIO
E617,1899,DEFICIENCIA DE MULTIPLES ELEMENTOS NUTRICIONALES
E618,1900,DEFICIENCIA DE OTROS ELEMENTOS NUTRICIONALES ESPECIFICADOS
E619,1901,"DEFICIENCIA DE OTRO ELEMENTO NUTRICIONAL, NO ESPECIFICADO"
E630,1902,DEFICIENCIA DE ACIDOS GRASOS ESENCIALES [AGE]
E631,1903,DESEQUILIBRIO DE LOS CONSTITUYENTES EN LA DIETA
E638,1904,OTRAS DEFICIENCIAS NUTRICIONALES ESPECIFICADAS
E639,1905,"DEFICIENCIA NUTRICIONAL, NO ESPECIFICADA"
E640,1906,SECUELAS DE LA DESNUTRICION PROTEICOCALORICA
E641,1907,SECUELAS DE LA DEFICIENCIA DE VITAMINA A
E642,1908,SECUELAS DE LA DEFICIENCIA DE VITAMINA C
E643,1909,SECUELAS DEL RAQUITISMO
E648,1910,SECUELAS DE OTRAS DEFICIENCIAS NUTRICIONALES
E649,1911,SECUELAS DE LA DEFICIENCIA NUTRICIONAL NO ESPECIFICADA
E65,1912,ADIPOSIDAD LOCALIZADA
E660,1913,OBESIDAD DEBIDA A EXCESO DE CALORIAS
E661,1914,OBESIDAD INDUCIDA POR DROGAS
E662,1915,OBESIDAD EXTREMA CON HIPOVENTILACION ALVEOLAR
E668,1916,OTROS TIPOS DE OBESIDAD
E669,1917,"OBESIDAD, NO ESPECIFICADA"
E670,1918,HIPERVITAMINOSIS A
E671,1919,HIPERCAROTINEMIA
E672,1920,SINDROME DE MEGAVITAMINA B6
E673,1921,HIPERVITAMINOSIS D
E678,1922,OTROS TIPOS DE HIPERALIMENTACION ESPECIFICADOS
E68,1923,SECUELAS DE HIPERALIMENTACION
E700,1924,FENILCETONURIA CLASICA
E701,1925,OTRAS HIPERFENILALANINEMIAS
E702,1926,TRASTORNOS DEL METABOLISMO DE LA TIROSINA
E703,1927,ALBINISMO
E708,1928,OTROS TRASTORNOS DEL METABOLISMO DE LOS AMINOACIDOS AROMATICOS
E709,1929,"TRASTORNO DEL METABOLISMO DE LOS AMINOACIDOS AROMATICOS, NO ESPECIFICADO"
E710,1930,ENFERMEDAD DE LA ORINA EN JARABE DE ARCE
E711,1931,OTROS TRASTORNOS DEL METABOLISMO DE LOS AMINOACIDOS DE CADENA RAMIFICADA
E712,1932,"OTROS TRASTORNOS DEL METABOLISMO DE LOS AMINOACIDOS DE CADENA RAMIFICADA, NO ESPECIFICADOS"
E713,1933,TRASTORNOS DEL METABOLISMO DE LOS ACIDOS GRASOS
E720,1934,TRASTORNOS DEL TRANSPORTE DE LOS AMINOACIDOS
E721,1935,TRASTORNO DEL METABOLISMO DE LOS AMINOACIDOS AZUFRADOS
E722,1936,TRASTORNOS DEL METABOLISMO DEL CICLO DE LA UREA
E723,1937,TRASTORNOS DEL METABOLISMO DE LA LISINA Y LA HIDROXILISINA
E724,1938,TRASTORNO DEL METABOLISMO DE LA ORNITINA
E725,1939,TRASTORNO DEL METABOLISMO DE LA GLICINA
E728,1940,OTROS TRASTORNOS ESPECIFICADOS DEL METABOLISMO DE LOS AMINOACIDOS
E729,1941,"TRASTORNO DEL METABOLISMO DE LOS AMINOACIDOS, NO ESPECIFICADO"
E730,1942,DEFICIENCIA CONGENITA DE LACTASA
E731,1943,DEFICIENCIA SECUNDARIA DE LACTASA
E738,1944,OTROS TIPOS DE INTOLERANCIA A LA LACTOSA
E739,1945,"INTOLERANCIA A LA LACTOSA, NO ESPECIFICADA"
E740,1946,ENFERMEDAD DEL ALMACENAMIENTO DE GLUCOGENO
E741,1947,TRASTORNOS DEL METABOLISMO DE LA FRUCTOSA
E742,1948,TRASTORNO DEL METABOLISMO DE LA GALACTOSA
E743,1949,OTROS TRASTORNOS DE LA ABSORCION INTESTINAL DE CARBOHIDRATOS
E744,1950,TRASTORNOS DEL METABOLISMO DEL PIRUVATO Y DE LAS GLUCONEOGENESIS
E748,1951,OTROS TRASTORNOS ESPECIFICADOS DEL METABOLISMO DE LOS CARBOHIDRATOS
E749,1952,"TRASTORNO DEL METABOLISMO DE LOS CARBOHIDRATOS, NO ESPECIFICADO"
E750,1953,GANGLIOSIDOSIS GM2
E751,1954,OTRAS GANGLIOSIDOSIS
E752,1955,OTRAS ESFINGOLIPIDOSIS
E753,1956,"ESFINGOLIPIDOSIS, NO ESPECIFICADA"
E754,1957,LIPOFUSCINOSIS CEROIDE NEURONAL
E755,1958,OTROS TRASTORNOS DEL ALMACENAMIENTO DE LIPIDOS
E756,1959,"TRASTORNOS DE ALMACENAMIENTO DE LIPIDOS, NO ESPECIFICADO"
E760,1960,MUCOPOLISACARIDOSIS TIPO I
E761,1961,MUCOPOLISACARIDOSIS TIPO II
E762,1962,OTRAS MUCOPOLISACARIDOSIS
E763,1963,MUCOPOLISACARIDOSIS NO ESPECIFICADA
E768,1964,OTRO TRASTORNOS DEL METABOLISMO DE LOS GLUCOSAMINOGLICANOS
E769,1965,"TRASTORNO DEL METABOLISMO DE LOS GLUCOSAMINOGLICANOS, NO ESPECIFICADO"
E770,1966,DEFECTOS EN LA MODIFICACION POSTRASLACIONAL DE ENZIMAS LISOSOMALES
E771,1967,DEFECTOS DE LA DEGRADACION DE GLUCOPROTEINAS
E778,1968,OTROS TRASTORNOS DEL METABOLISMO DE LAS GLUCOPROTEINAS
E779,1969,"TRASTORNO DEL METABOLISMO DE LAS GLUCOPROTEINAS, NO ESPECIFICADO"
E780,1970,HIPERCOLESTEROLEMIA PURA
E781,1971,HIPERGLICERIDEMIA PURA
E782,1972,HIPERLIPIDEMIA MIXTA
E783,1973,HIPERQUILOMICRONEMIA
E784,1974,OTRA HIPERLIPIDEMIA
E785,1975,HIPERLIPIDEMIA NO ESPECIFICADA
E786,1976,DEFICIENCIA DE LIPOPROTEINAS
E788,1977,OTROS TRASTORNOS DEL METABOLISMO DE LAS LIPOPROTEINAS
E789,1978,"TRASTORNO DEL METABOLISMO DE LAS LIPOPROTEINAS, NO ESPECIFICADO"
E790,1979,HIPERURICEMIA SIN SIGNOS DE ARTRITIS INFLAMATORIA Y ENFERMEDAD TOFACEA
E791,1980,SINDROME DE LESCH-NYHAN
E798,1981,OTROS TRASTORNOS DEL METABOLISMO DE LAS PURINAS Y DE LAS PIRIMIDINAS
E799,1982,"TRASTORNOS DEL METABOLISMO DE LAS PURINAS Y DE LAS PIRIMIDINAS, NO ESPECIFICADO"
E800,1983,PORFIRIA ERITROPOYETICA HEREDITARIA
E801,1984,PORFIRIA CUTANEA TARDIA
E802,1985,OTRAS PORFIRIAS
E803,1986,DEFECTOS DE CATALASA Y PEROXIDASA
E804,1987,SINDROME DE GILBERT
E805,1988,SINDROME DE CRIGLER-NAJJAR
E806,1989,OTROS TRASTORNOS DEL METABOLISMO DE LA BILIRRUBINA
E807,1990,"TRASTORNOS DEL METABOLISMO DE LA BILIRRUBINA, NO ESPECIFICADO"
E830,1991,TRASTORNOS DEL METABOLISMO DEL COBRE
E831,1992,TRASTORNOS DEL METABOLISMO DEL HIERRO
E832,1993,TRASTORNOS DEL METABOLISMO DEL ZINC
E833,1994,TRASTORNOS DEL METABOLISMO DEL FOSFORO
E834,1995,TRASTORNOS DEL METABOLISMO DEL MAGNESIO
E835,1996,TRASTORNOS DEL METABOLISMO DEL CALCIO
E838,1997,OTROS TRASTORNOS DEL METABOLISMO DE LOS MINERALES
E839,1998,"TRASTORNO DEL METABOLISMO DE LOS MINERALES, NO ESPECIFICADO"
E840,1999,FIBROSIS QUISTICA CON MANIFESTACIONES PULMONARES
E841,2000,FIBROSIS QUISTICA CON MANIFESTACIONES INTESTINALES
E848,2001,FIBROSIS QUISTICA CON OTRAS MANIFESTACIONES
E849,2002,"FIBROSIS QUISTICA, SIN OTRA ESPECIFICACION"
E850,2003,AMILOIDOSIS HEREDOFAMILIAR NO NEUROPATICA
E851,2004,AMILOIDOSIS HEREDOFAMILIAR NEUROPATICA
E852,2005,"AMILOIDOSIS HEREDOFAMILIAR, NO ESPECIFICADA"
E853,2006,AMILOIDOSIS SISTEMICA SECUNDARIA
E854,2007,AMILOIDOSIS LIMITADA A UN ORGANO
E858,2008,OTRAS AMILOIDOSIS
E859,2009,"AMILOIDOSIS, NO ESPECIFICADA"
E86,2010,DEPLECION DEL VOLUMEN
E870,2011,HIPEROSMOLARIDAD E HIPERNATREMIA
E871,2012,HIPOSMOLARIDAD E HIPERNATREMIA
E872,2013,ACIDOSIS
E873,2014,ALCALOSIS
E874,2015,TRASTORNOS MIXTOS DEL BALANCE ACIDO-BASICO
E875,2016,HIPERPOTASEMIA
E876,2017,HIPOPOTASMIA
E877,2018,SOBRECARGA DE LIQUIDOS
E878,2019,"OTROS TRASTORNOS DEL EQUILIBRIO DE LOS ELECTROLITOS Y DE LOS LIQUIDOS, NO CLASIFICADOS EN OTRA PARTE"
E880,2020,"TRASTORNOS DEL METABOLISMO DE LAS PROTEINAS PLASMATICAS, NO CLASIFICADOS EN OTRA PARTE"
E881,2021,"LIPODISTROFIA, NO CLASIFICADA EN OTRA PARTE"
E882,2022,"LIPOMATOSIS, NO CLASIFICADA EN OTRA PARTE"
E888,2023,OTROS TRASTORNOS ESPECIFICADOS DEL METABOLISMO
E889,2024,"TRASTORNO METABOLICO, NO ESPECIFICADO"
E890,2025,HIPOTIROIDISMO CONSECUTIVO A PROCEDIMIENTOS
E891,2026,HIPOINSULINEMIA CONSECUTIVA A PROCEDIMIENTOS
E892,2027,HIPOPARATIROIDISMO CONSECUTIVO A PROCEDIMIENTOS
E893,2028,HIPOPITUITARISMO CONSECUTIVO A PROCEDIMIENTOS
E894,2029,INSUFICIENCIA OVARICA CONSECUTIVA A PROCEDIMIENTOS
E895,2030,HIPOFUNCION TESTICULAR CONSECUTIVA A PROCEDIMIENTOS
E896,2031,HIPOFUNCION ADRENOCORTICAL [MEDULA SUPRARRENAL] CONSECUTIVA A PROCEDIMIENTOS
E898,2032,OTROS TRASTORNOS METABOLICOS Y ENDOCRINOS CONSECUTIVO A PROCEDIMIENTOS
E899,2033,"TRASTORNO ENDOCRINO Y METABOLICO CONSECUTIVO A PROCEDIMIENTOS, NO ESPECIFICADO"
E90,2034,TRASTORNOS NUTRICIONALES Y METABOLICOS EN ENFERMEDADES CLASIFICADAS EN OTRA PARTE
F000,2035,"DEMENCIA EN LA ENFERMEDAD DE ALZHEIMER, DE COMIENZO TEMPRANO (G30.0)"
F001,2036,"DEMENCIA EN LA ENFERMEDAD DE ALZHEIMER, DE COMIENZO TARDIO (G30.1)"
F002,2037,"DEMENCIA EN LA ENFERMEDAD DE ALZHEIMER, ATIPICA O DE TIPO MIXTO (G30.8)"
F009,2038,"DEMENCIA EN LA ENFERMEDAD DE ALZHEIMER, NO ESPECIFICADA (G30.9)"
F010,2039,DEMENCIA VASCULAR DE COMIENZO AGUDO
F011,2040,DEMENCIA VASCULAR POR INFARTOS MULTIPLES
F012,2041,DEMENCIA VASCULAR SUBCORTICAL
F013,2042,"DEMENCIA VASCULAR MIXTA, CORTICAL Y SUBCORTICAL"
F018,2043,OTRAS DEMENCIAS VASCULARES
F019,2044,"DEMENCIA VASCULAR, NO ESPECIFICADA"
F020,2045,DEMENCIA EN LA ENFERMEDAD DE PICK (G31.0)
F021,2046,DEMENCIA EN LA ENFERMEDAD DE CREUTZFELDT-JAKOB (A81.0)
F022,2047,DEMENCIA EN LA ENFERMEDAD DE HUNTINGTON (G10)
F023,2048,DEMENCIA EN LA ENFERMEDAD DE PARKINSON (G20)
F024,2049,DEMENCIA EN LA ENFERMEDAD POR VIRUS DE LA INMUNODEFICIENCIA HUMANA [VIH] (B22.0)
F028,2050,DEMENCIA EN OTRAS ENFERMEDADES ESPECIFICADAS CLASIFICADAS EN OTRA PARTE
F03,2051,"DEMENCIA , NO ESPECIFICADA"
F04,2052,"SINDROME AMNESICO ORGANICO, NO INDUCIDO POR ACOHOL O POR OTRAS SUSTANCIAS PSICOACTIVAS"
F050,2053,"DELIRIO NO SUPERPUESTO A UN CUADRO DE DEMENCIA, ASI DESCRITO"
F051,2054,DELIRIO SUPERPUESTO A UN CUADRO DE DEMENCIA
F058,2055,OTROS DELIRIOS
F059,2056,"DELIRIO, NO ESPECIFICADO"
F060,2057,ALUCINOSIS ORGANICA
F061,2058,"TRASTORNO CATATONICO, ORGANICO"
F062,2059,"TRASTORNO DELIRANTE [ESQUIZOFRENIFORME], ORGANICO"
F063,2060,"TRASTORNOS DEL HUMOR [AFECTIVOS], ORGANICOS"
F064,2061,"TRASTORNO DE ANSIEDAD, ORGANICO"
F065,2062,"TRASTORNO DISOCIATIVO, ORGANICO"
F066,2063,"TRASTORNO DE LABILIDAD EMOCIONAL [ASTENICO], ORGANICO"
F067,2064,TRASTORNO COGNOSCITIVO LEVE
F068,2065,OTROS TRASTORNOS MENTALES ESPECIFICADOS DEBIDOS A LESION Y DISFUNCION CEREBRAL Y A ENFERMEDAD FISICA
F069,2066,TRASTORNO MENTAL NO ESPECIFICADO DEBIDO A LESION Y DISFUNCION CEREBRAL Y A ENFERMEDAD FISICA
F070,2067,"TRASTORNO DE LA PERSONALIDAD, ORGANICO"
F071,2068,SINDROME POSTENCEFALITICO
F072,2069,SINDROME POSTCONCUSIONAL
F078,2070,"OTROS TRASTORNOS ORGANICOS DE LA PERSONALIDAD Y DEL COMPORTAMIENTO DEBIDOS A ENFERMEDAD, LESION Y DISFUNCION CEREBRALES"
F079,2071,"TRASTORNO ORGANICO DE LA PERSONALIDAD Y DEL COMPORTAMIENTO, NO ESPECIFICADO, DEBIDO A ENFERMEDAD, LESION Y DISFUNCION CEREBRAL"
F09,2072,"TRASTORNO MENTAL ORGANICO O SINTOMATICO, NO ESPECIFICADO"
F100,2073,TRASTORNOS MENTALES Y DEL COMPORTAMIENTO DEBIDOS AL USO DEL ALCOHOL: INTOXICACION AGUDA
F101,2074,TRASTORNOS MENTALES Y DEL COMPORTAMIENTO DEBIDOS AL USO DEL ALCOHOL: USO NOCIVO
F102,2075,TRASTORNOS MENTALES Y DEL COMPORTAMIENTO DEBIDOS AL USO DEL ALCOHOL: SINDROME DE DEPENDENCIA
F103,2076,TRASTORNOS MENTALES Y DEL COMPORTAMIENTO DEBIDOS AL USO DEL ALCOHOL: ESTADO DE ABSTINENCIA
F104,2077,TRASTORNOS MENTALES Y DEL COMPORTAMIENTO DEBIDOS AL USO DEL ALCOHOL: ESTADO DE ABSTINENCIA CON DELIRIO
F105,2078,TRASTORNOS MENTALES Y DEL COMPORTAMIENTO DEBIDOS AL USO DEL ALCOHOL: TRASTORNO PSICOTICO
F106,2079,TRASTORNOS MENTALES Y DEL COMPORTAMIENTO DEBIDOS AL USO DEL ALCOHOL: SINDROME AMNESICO
F107,2080,TRASTORNOS MENTALES Y DEL COMPORTAMIENTO DEBIDOS AL USO DEL ALCOHOL: TRASTORNO PSICOTICO RESIDUAL Y DE COMIENZO TARDIO
F108,2081,TRASTORNOS MENTALES Y DEL COMPORTAMIENTO DEBIDOS AL USO DEL ALCOHOL: OTROS TRASTORNOS MENTALES Y DEL COMPORTAMIENTO
F109,2082,"TRASTORNOS MENTALES Y DEL COMPORTAMIENTO DEBIDOS AL USO DEL ALCOHOL: TRASTORNO MENTAL Y DEL COMPORTAMIENTO, NO ESPECIFICADO"
F110,2083,TRASTORNOS MENTALES Y DEL COMPORTAMIENTO DEBIDOS AL USO DE OPIACEOS: INTOXICACION AGUDA
F111,2084,TRASTORNOS MENTALES Y DEL COMPORTAMIENTO DEBIDOS AL USO DE OPIACEOS: USO NOCIVO
F112,2085,TRASTORNOS MENTALES Y DEL COMPORTAMIENTO DEBIDOS AL USO DE OPIACEOS: SINDROME DE DEPENDENCIA
F113,2086,TRASTORNOS MENTALES Y DEL COMPORTAMIENTO DEBIDOS AL USO DE OPIACEOS: ESTADO DE ABSTINENCIA
F114,2087,TRASTORNOS MENTALES Y DEL COMPORTAMIENTO DEBIDOS AL USO DE OPIACEOS: ESTADO DE ABSTINENCIA CON DELIRIO
F115,2088,TRASTORNOS MENTALES Y DEL COMPORTAMIENTO DEBIDOS AL USO DE OPIACEOS: TRASTORNO PSICOTICO
F116,2089,TRASTORNOS MENTALES Y DEL COMPORTAMIENTO DEBIDOS AL USO DE OPIACEOS: SINDROME AMNESICO
F117,2090,TRASTORNOS MENTALES Y DEL COMPORTAMIENTO DEBIDOS AL USO DE OPIACEOS: TRASTORNO PSICOTICO RESIDUAL Y DE COMIENZO TARDIO
F118,2091,TRASTORNOS MENTALES Y DEL COMPORTAMIENTO DEBIDOS AL USO DE OPIACEOS: OTROS TRASTORNOS MENTALES Y DEL COMPORTAMIENTO
F119,2092,"TRASTORNOS MENTALES Y DEL COMPORTAMIENTO DEBIDOS AL USO DE OPIACEOS: TRASTORNO MENTAL Y DEL COMPORTAMIENTO, NO ESPECIFICADO"
F120,2093,TRASTORNOS MENTALES Y DEL COMPORTAMIENTO DEBIDOS AL USO DE CANNABINOIDES: INTOXICACION AGUDA
F121,2094,TRASTORNOS MENTALES Y DEL COMPORTAMIENTO DEBIDOS AL USO DE CANNABINOIDES: USO NOCIVO
F122,2095,TRASTORNOS MENTALES Y DEL COMPORTAMIENTO DEBIDOS AL USO DE CANNABINOIDES: SINDROME DE DEPENDENCIA
F123,2096,TRASTORNOS MENTALES Y DEL COMPORTAMIENTO DEBIDOS AL USO DE CANNABINOIDES: ESTADO DE ABSTINENCIA
F124,2097,TRASTORNOS MENTALES Y DEL COMPORTAMIENTO DEBIDOS AL USO DE CANNABINOIDES: ESTADO DE ABSTINENCIA CON DELIRIO
F125,2098,TRASTORNOS MENTALES Y DEL COMPORTAMIENTO DEBIDOS AL USO DE CANNABINOIDES: TRASTORNO PSICOTICO
F126,2099,TRASTORNOS MENTALES Y DEL COMPORTAMIENTO DEBIDOS AL USO DE CANNABINOIDES: SINDROME AMNESICO
F127,2100,TRASTORNOS MENTALES Y DEL COMPORTAMIENTO DEBIDOS AL USO DE CANNABINOIDES: TRASTORNO PSICOTICO RESIDUAL Y DE COMIENZO TARDIO
F128,2101,TRASTORNOS MENTALES Y DEL COMPORTAMIENTO DEBIDOS AL USO DE CANNABINOIDES: OTROS TRASTORNOS MENTALES Y DEL COMPORTAMIENTO
F129,2102,"TRASTORNOS MENTALES Y DEL COMPORTAMIENTO DEBIDOS AL USO DE CANNABINOIDES: TRASTORNO MENTAL Y DEL COMPORTAMIENTO, NO ESPECIFICADO"
F130,2103,TRASTORNOS MENTALES Y DEL COMPORTAMIENTO DEBIDOS AL USO DE SEDANTES O HIPNOTICOS: INTOXICACION AGUDA
F131,2104,TRASTORNOS MENTALES Y DEL COMPORTAMIENTO DEBIDOS AL USO DE SEDANTES O HIPNOTICOS: USO NOCIVO
F132,2105,TRASTORNOS MENTALES Y DEL COMPORTAMIENTO DEBIDOS AL USO DE SEDANTES O HIPNOTICOS: SINDROME DE DEPENDENCIA
F133,2106,TRASTORNOS MENTALES Y DEL COMPORTAMIENTO DEBIDOS AL USO DE SEDANTES O HIPNOTICOS: ESTADO DE ABSTINENCIA
F134,2107,TRASTORNOS MENTALES Y DEL COMPORTAMIENTO DEBIDOS AL USO DE SEDANTES O HIPNOTICOS: ESTADO DE ABSTINENCIA CON DELIRIO
F135,2108,TRASTORNOS MENTALES Y DEL COMPORTAMIENTO DEBIDOS AL USO DE SEDANTES O HIPNOTICOS: TRASTORNO PSICOTICO
F136,2109,TRASTORNOS MENTALES Y DEL COMPORTAMIENTO DEBIDOS AL USO DE SEDANTES O HIPNOTICOS: SINDROME AMNESICO
F137,2110,TRASTORNOS MENTALES Y DEL COMPORTAMIENTO DEBIDOS AL USO DE SEDANTES O HIPNOTICOS: TRASTORNO PSICOTICO RESIDUAL Y DE COMIENZO TARDIO
F138,2111,TRASTORNOS MENTALES Y DEL COMPORTAMIENTO DEBIDOS AL USO DE SEDANTES O HIPNOTICOS: OTROS TRASTORNOS MENTALES Y DEL COMPORTAMIENTO
F139,2112,"TRASTORNOS MENTALES Y DEL COMPORTAMIENTO DEBIDOS AL USO DE SEDANTES O HIPNOTICOS: TRASTORNO MENTAL Y DEL COMPORTAMIENTO, NO ESPECIFICADO"
F140,2113,TRASTORNOS MENTALES Y DEL COMPORTAMIENTO DEBIDOS AL USO DE COCAINA: INTOXICACION AGUDA
F141,2114,TRASTORNOS MENTALES Y DEL COMPORTAMIENTO DEBIDOS AL USO DE COCAINA: USO NOCIVO
F142,2115,TRASTORNOS MENTALES Y DEL COMPORTAMIENTO DEBIDOS AL USO DE COCAINA: SINDROME DE DEPENDENCIA
F143,2116,TRASTORNOS MENTALES Y DEL COMPORTAMIENTO DEBIDOS AL USO DE COCAINA: ESTADO DE ABSTINENCIA
F144,2117,TRASTORNOS MENTALES Y DEL COMPORTAMIENTO DEBIDOS AL USO DE COCAINA: ESTADO DE ABSTINENCIA CON DELIRIO
F145,2118,TRASTORNOS MENTALES Y DEL COMPORTAMIENTO DEBIDOS AL USO DE COCAINA: TRASTORNO PSICOTICO
F146,2119,TRASTORNOS MENTALES Y DEL COMPORTAMIENTO DEBIDOS AL USO DE COCAINA: SINDROME AMNESICO
F147,2120,TRASTORNOS MENTALES Y DEL COMPORTAMIENTO DEBIDOS AL USO DE COCAINA: TRASTORNO PSICOTICO RESIDUAL Y DE COMIENZO TARDIO
F148,2121,TRASTORNOS MENTALES Y DEL COMPORTAMIENTO DEBIDOS AL USO DE COCAINA: OTROS TRASTORNOS MENTALES Y DEL COMPORTAMIENTO
F149,2122,"TRASTORNOS MENTALES Y DEL COMPORTAMIENTO DEBIDOS AL USO DE COCAINA: TRASTORNO MENTAL Y DEL COMPORTAMIENTO, NO ESPECIFICADO"
F150,2123,"TRASTORNOS MENTALES Y DEL COMPORTAMIENTO DEBIDOS AL USO DE OTROS ESTIMULANTES, INCLUIDA LA CAFEINA: INTOXICACION AGUDA"
F151,2124,"TRASTORNOS MENTALES Y DEL COMPORTAMIENTO DEBIDOS AL USO DE OTROS ESTIMULANTES, INCLUIDA LA CAFEINA: USO NOCIVO"
F152,2125,"TRASTORNOS MENTALES Y DEL COMPORTAMIENTO DEBIDOS AL USO DE OTROS ESTIMULANTES, INCLUIDA LA CAFEINA: SINDROME DE DEPENDENCIA"
F153,2126,"TRASTORNOS MENTALES Y DEL COMPORTAMIENTO DEBIDOS AL USO DE OTROS ESTIMULANTES, INCLUIDA LA CAFEINA: ESTADO DE ABSTINENCIA"
F154,2127,"TRASTORNOS MENTALES Y DEL COMPORTAMIENTO DEBIDOS AL USO DE OTROS ESTIMULANTES, INCLUIDA LA CAFEINA:. ESTADO DE ABSTINENCIA CON DELIRIO"
F155,2128,"TRASTORNOS MENTALES Y DEL COMPORTAMIENTO DEBIDOS AL USO DE OTROS ESTIMULANTES, INCLUIDA LA CAFEINA: TRASTORNO PSICOTICO"
F156,2129,"TRASTORNOS MENTALES Y DEL COMPORTAMIENTO DEBIDOS AL USO DE OTROS ESTIMULANTES, INCLUIDA LA CAFEINA: SINDROME AMNESICO"
F157,2130,"TRASTORNOS MENTALES Y DEL COMPORTAMIENTO DEBIDOS AL USO DE OTROS ESTIMULANTES, INCLUIDA LA CAFEINA: TRASTORNO PSICOTICO RESIDUAL Y DE COMIENZO TARDIO"
F158,2131,"TRASTORNOS MENTALES Y DEL COMPORTAMIENTO DEBIDOS AL USO DE OTROS ESTIMULANTES, INCLUIDA LA CAFEINA: OTROS TRASTORNOS MENTALES Y DEL COMPORTAMIENTO"
F159,2132,"TRASTORNOS MENTALES Y DEL COMPORTAMIENTO DEBIDOS AL USO DE OTROS ESTIMULANTES, INCLUIDA LA CAFEINA: TRASTORNO MENTAL Y DEL COMPORTAMIENTO, NO ESPECIFICADO"
F160,2133,TRASTORNOS MENTALES Y DEL COMPORTAMIENTO DEBIDOS AL USO DE ALUCINOGENOS: INTOXICACION AGUDA
F161,2134,TRASTORNOS MENTALES Y DEL COMPORTAMIENTO DEBIDOS AL USO DE ALUCINOGENOS: USO NOCIVO
F162,2135,TRASTORNOS MENTALES Y DEL COMPORTAMIENTO DEBIDOS AL USO DE ALUCINOGENOS: SINDROME DE DEPENDENCIA
F163,2136,TRASTORNOS MENTALES Y DEL COMPORTAMIENTO DEBIDOS AL USO DE ALUCINOGENOS: ESTADO DE ABSTINENCIA
F164,2137,TRASTORNOS MENTALES Y DEL COMPORTAMIENTO DEBIDOS AL USO DE ALUCINOGENOS: ESTADO DE ABSTINENCIA CON DELIRIO
F165,2138,TRASTORNOS MENTALES Y DEL COMPORTAMIENTO DEBIDOS AL USO DE ALUCINOGENOS: TRASTORNO PSICOTICO
F166,2139,TRASTORNOS MENTALES Y DEL COMPORTAMIENTO DEBIDOS AL USO DE ALUCINOGENOS: SINDROME AMNESICO
F167,2140,TRASTORNOS MENTALES Y DEL COMPORTAMIENTO DEBIDOS AL USO DE ALUCINOGENOS: TRASTORNO PSICOTICO RESIDUAL Y DE COMIENZO TARDIO
F168,2141,TRASTORNOS MENTALES Y DEL COMPORTAMIENTO DEBIDOS AL USO DE ALUCINOGENOS: OTROS TRASTORNOS MENTALES Y DEL COMPORTAMIENTO
F169,2142,"TRASTORNOS MENTALES Y DEL COMPORTAMIENTO DEBIDOS AL USO DE ALUCINOGENOS: TRASTORNO MENTAL Y DEL COMPORTAMIENTO, NO ESPECIFICADO"
F170,2143,TRASTORNOS MENTALES Y DEL COMPORTAMIENTO DEBIDOS AL USO DE TABACO: INTOXICACION AGUDA
F171,2144,TRASTORNOS MENTALES Y DEL COMPORTAMIENTO DEBIDOS AL USO DE TABACO: USO NOCIVO
F172,2145,TRASTORNOS MENTALES Y DEL COMPORTAMIENTO DEBIDOS AL USO DE TABACO: SINDROME DE DEPENDENCIA
F173,2146,TRASTORNOS MENTALES Y DEL COMPORTAMIENTO DEBIDOS AL USO DE TABACO: ESTADO DE ABSTINENCIA
F174,2147,TRASTORNOS MENTALES Y DEL COMPORTAMIENTO DEBIDOS AL USO DE TABACO: ESTADO DE ABSTINENCIA CON DELIRIO
F175,2148,TRASTORNOS MENTALES Y DEL COMPORTAMIENTO DEBIDOS AL USO DE TABACO: TRASTORNO PSICOTICO
F176,2149,TRASTORNOS MENTALES Y DEL COMPORTAMIENTO DEBIDOS AL USO DE TABACO: SINDROME AMNESICO
F177,2150,TRASTORNOS MENTALES Y DEL COMPORTAMIENTO DEBIDOS AL USO DE TABACO: TRASTORNO PSICOTICO RESIDUAL Y DE COMIENZO TARDIO
F178,2151,TRASTORNOS MENTALES Y DEL COMPORTAMIENTO DEBIDOS AL USO DE TABACO: OTROS TRASTORNOS MENTALES Y DEL COMPORTAMIENTO
F179,2152,"TRASTORNOS MENTALES Y DEL COMPORTAMIENTO DEBIDOS AL USO DE TABACO: TRASTORNO MENTAL Y DEL COMPORTAMIENTO, NO ESPECIFICADO"
F180,2153,TRASTORNOS MENTALES Y DEL COMPORTAMIENTO DEBIDOS AL USO DE DISOLVENTES VOLATILES: INTOXICACION AGUDA
F181,2154,TRASTORNOS MENTALES Y DEL COMPORTAMIENTO DEBIDOS AL USO DE DISOLVENTES VOLATILES: USO NOCIVO
F182,2155,TRASTORNOS MENTALES Y DEL COMPORTAMIENTO DEBIDOS AL USO DE DISOLVENTES VOLATILES: SINDROME DE DEPENDENCIA
F183,2156,TRASTORNOS MENTALES Y DEL COMPORTAMIENTO DEBIDOS AL USO DE DISOLVENTES VOLATILES: ESTADO DE ABSTINENCIA
F184,2157,TRASTORNOS MENTALES Y DEL COMPORTAMIENTO DEBIDOS AL USO DE DISOLVENTES VOLATILES: ESTADO DE ABSTINENCIA CON DELIRIO
F185,2158,TRASTORNOS MENTALES Y DEL COMPORTAMIENTO DEBIDOS AL USO DE DISOLVENTES VOLATILES: TRASTORNO PSICOTICO
F186,2159,TRASTORNOS MENTALES Y DEL COMPORTAMIENTO DEBIDOS AL USO DE DISOLVENTES VOLATILES: SINDROME AMNESICO
F187,2160,TRASTORNOS MENTALES Y DEL COMPORTAMIENTO DEBIDOS AL USO DE DISOLVENTES VOLATILES: TRASTORNO PSICOTICO RESIDUAL Y DE COMIENZO TARDIO
F188,2161,TRASTORNOS MENTALES Y DEL COMPORTAMIENTO DEBIDOS AL USO DE DISOLVENTES VOLATILES: OTROS TRASTORNOS MENTALES Y DEL COMPORTAMIENTO
F189,2162,"TRASTORNOS MENTALES Y DEL COMPORTAMIENTO DEBIDOS AL USO DE DISOLVENTES VOLATILES: TRASTORNO MENTAL Y DEL COMPORTAMIENTO, NO ESPECIFICADO"
F190,2163,TRASTORNOS MENTALES Y DEL COMPORTAMIENTO DEBIDOS AL USO DE MULTIPLES DROGAS Y AL USO DE OTRAS SUSTANCIAS PSICOACTIVAS: INTOXICACION AGUDA
F191,2164,TRASTORNOS MENTALES Y DEL COMPORTAMIENTO DEBIDOS AL USO DE MULTIPLES DROGAS Y AL USO DE OTRAS SUSTANCIAS PSICOACTIVAS: USO NOCIVO
F192,2165,TRASTORNOS MENTALES Y DEL COMPORTAMIENTO DEBIDOS AL USO DE MULTIPLES DROGAS Y AL USO DE OTRAS SUSTANCIAS PSICOACTIVAS: SINDROME DE DEPENDENCIA
F193,2166,TRASTORNOS MENTALES Y DEL COMPORTAMIENTO DEBIDOS AL USO DE MULTIPLES DROGAS Y AL USO DE OTRAS SUSTANCIAS PSICOACTIVAS: ESTADO DE ABSTINENCIA
F194,2167,TRASTORNOS MENTALES Y DEL COMPORTAMIENTO DEBIDOS AL USO DE MULTIPLES DROGAS Y AL USO DE OTRAS SUSTANCIAS PSICOACTIVAS: ESTADO DE ABSTINENCIA CON DELIRIO
F195,2168,TRASTORNOS MENTALES Y DEL COMPORTAMIENTO DEBIDOS AL USO DE MULTIPLES DROGAS Y AL USO DE OTRAS SUSTANCIAS PSICOACTIVAS: TRASTORNO PSICOTICO
F196,2169,TRASTORNOS MENTALES Y DEL COMPORTAMIENTO DEBIDOS AL USO DE MULTIPLES DROGAS Y AL USO DE OTRAS SUSTANCIAS PSICOACTIVAS: SINDROME AMNESICO
F197,2170,TRASTORNOS MENTALES Y DEL COMPORTAMIENTO DEBIDOS AL USO DE MULTIPLES DROGAS Y AL USO DE OTRAS SUSTANCIAS PSICOACTIVAS: TRASTORNO PSICOTICO RESIDUAL Y DE COMIENZO TARDIO
F198,2171,TRASTORNOS MENTALES Y DEL COMPORTAMIENTO DEBIDOS AL USO DE MULTIPLES DROGAS Y AL USO DE OTRAS SUSTANCIAS PSICOACTIVAS: OTROS TRASTORNOS MENTALES Y DEL COMPORTAMIENTO
F199,2172,"TRASTORNOS MENTALES Y DEL COMPORTAMIENTO DEBIDOS AL USO DE MULTIPLES DROGAS Y AL USO DE OTRAS SUSTANCIAS PSICOACTIVAS: TRASTORNO MENTAL Y DEL COMPORTAMIENTO, NO ESPECIFICADO"
F200,2173,ESQUIZOFRENIA PARANOIDE
F201,2174,ESQUIZOFRENIA HEBEFRENICA
F202,2175,ESQUIZOFRENIA CATATONICA
F203,2176,ESQUIZOFRENIA INDIFERENCIADA
F204,2177,DEPRESION POSTESQUIZOFRENICA
F205,2178,ESQUIZOFRENIA RESIDUAL
F206,2179,ESQUIZOFRENIA SIMPLE
F208,2180,OTRAS ESQUIZOFRENIAS
F209,2181,"ESQUIZOFRENIA, NO ESPECIFICADA"
F21,2182,TRASTORNO ESQUIZOTIPICO
F220,2183,TRASTORNO DELIRANTE
F228,2184,OTROS TRASTORNOS DELIRANTES PERSISTENTES
F229,2185,"TRASTORNO DELIRANTE PERSISTENTE, NO ESPECIFICADO"
F230,2186,"TRASTORNO PSICOTICO AGUDO POLIMORFO, SIN SINTOMAS DE ESQUIZOFRENIA"
F231,2187,"TRASTORNO PSICOTICO AGUDO POLIMORFO, CON SINTOMAS DE ESQUIZOFRENIA"
F232,2188,TRASTORNO PSICOTICO AGUDO DE TIPO ESQUIZOFRENICO
F233,2189,"OTRO TRASTORNO PSICOTICO AGUDO, CON PREDOMINIO DE IDEAS DELIRANTES"
F238,2190,OTROS TRASTORNOS PSICOTICOS AGUDOS Y TRANSITORIOS
F239,2191,"TRASTORNO PSICOTICO AGUDO Y TRANSITORIO, NO ESPECIFICADO DE TIPO ESQUIZOFRENICO"
F24,2192,TRASTORNO DELIRANTE INDUCIDO
F250,2193,TRASTORNO ESQUIZOAFECTIVO DE TIPO MANIACO
F251,2194,TRASTORNO ESQUIZOAFECTIVO DE TIPO DEPRESIVO
F252,2195,TRASTORNO ESQUIZOAFECTIVO DE TIPO MIXTO
F258,2196,OTROS TRASTORNOS ESQUIZOAFECTIVOS
F259,2197,"TRASTORNO ESQUIZOAFECTIVO, NO ESPECIFICADO"
F28,2198,OTROS TRASTORNOS PSICOTICOS DE ORIGEN NO ORGANICO
F29,2199,"PSICOSIS DE ORIGEN NO ORGANICO, NO ESPECIFICADA"
F300,2200,HPOMANIA
F301,2201,MANIA SIN SINTOMAS PSICOTICOS
F302,2202,MANIA CON SINTOMAS PSICOTICOS
F308,2203,OTROS EPISODIOS MANIACOS
F309,2204,"EPISODIO MANIACO, NO ESPECIFICADO"
F310,2205,"TRASTORNO AFECTIVO BIPOLAR, EPISODIO HIPOMANIACO PRESENTE"
F311,2206,"TRASTORNO AFECTIVO BIPOLAR, EPISODIO MANIACO PRESENTE SIN SINTOMAS PSICOTICOS"
F312,2207,"TRASTORNO AFECTIVO BIPOLAR, EPISODIO MANIACO PRESENTE CON SINTOMAS PSICOTICOS"
F313,2208,"TRASTORNO AFECTIVO BIPOLAR, EPISODIO DEPRESIVO PRESENTE LEVE O MODERADO"
F314,2209,"TRASTORNO AFECTIVO BIPOLAR, EPISODIO DEPRESIVO GRAVE PRESENTE SIN SINTOMAS PSICOTICOS"
F315,2210,"TRASTORNO AFECTIVO BIPOLAR, EPISODIO DEPRESIVO GRAVE PRESENTE CON SINTOMAS PSICOTICOS"
F316,2211,"TRASTORNO AFECTIVO BIPOLAR, EPISODIO MIXTO PRESENTE"
F317,2212,"TRASTORNO AFECTIVO BIPOLAR, ACTUALMENTE EN REMISION"
F318,2213,OTROS TRASTORNOS AFECTIVOS BIPOLARES
F319,2214,"TRASTORNO AFECTIVO BIPOLAR, NO ESPECIFICADO"
F320,2215,EPISODIO DEPRESIVO LEVE
F321,2216,EPISODIO DEPRESIVO MODERADO
F322,2217,EPISODIO DEPRESIVO GRAVE SIN SINTOMAS PSICOTICOS
F323,2218,EPISODIO DEPRESIVO GRAVE CON SINTOMAS PSICOTICOS
F328,2219,OTROS EPISODIOS DEPRESIVOS
F329,2220,"EPISODIO DEPRESIVO, NO ESPECIFICADO"
F330,2221,"TRASTORNO DEPRESIVO RECURRENTE, EPISODIO LEVE PRESENTE"
F331,2222,"TRASTORNO DEPRESIVO RECURRENTE, EPISODIO MODERADO PRESENTE"
F332,2223,"TRASTORNO DEPRESIVO RECURRENTE, EPISODIO DEPRESIVO GRAVE PRESENTE SIN SINTOMAS PSICOTICOS"
F333,2224,"TRASTORNO DEPRESIVO RECURRENTE, EPISODIO DEPRESIVO GRAVE PRESENTE, CON SINTOMAS PSICOTICOS"
F334,2225,TRASTORNO DEPRESIVO RECURRENTE ACTUALMENTE EN REMISION
F338,2226,OTROS TRASTORNOS DEPRESIVOS RECURRENTES
F339,2227,"TRASTORNO DEPRESIVO RECURRENTE, NO ESPECIFICADO"
F340,2228,CICLOTIMIA
F341,2229,DISTIMIA
F348,2230,OTROS TRASTORNOS DEL HUMOR [AFECTIVOS] PERSISTENTES
F349,2231,"TRASTORNO PERSISTENTE DEL HUMOR [AFECTIVO], NO ESPECIFICADO"
F380,2232,"OTROS TRASTORNOS DEL HUMOR [AFECTIVOS], AISLADOS"
F381,2233,"OTROS TRASTORNOS DEL HUMOR [AFECTIVOS], RECURRENTES"
F388,2234,"OTROS TRASTORNOS DEL HUMOR [AFECTIVOS], ESPECIFICADOS"
F39,2235,"TRASTORNO DEL HUMOR [AFECTIVO], NO ESPECIFICADO"
F400,2236,AGORAFOBIA
F401,2237,FOBIAS SOCIALES
F402,2238,FOBIAS ESPECIFICADAS [AISLADAS]
F408,2239,OTROS TRASTORNOS FOBICOS DE ANSIEDAD
F409,2240,"TRASTORNO FOBICO DE ANSIEDAD, NO ESPECIFICADO"
F410,2241,TRASTORNO DE PANICO [ANSIEDAD PAROXISTICA EPISODICA]
F411,2242,TRASTORNO DE ANSIEDAD GENERALIZADA
F412,2243,TRASTORNO MIXTO DE ANSIEDAD Y DEPRESION
F413,2244,OTROS TRASTORNOS DE ANSIEDAD MIXTOS
F418,2245,OTROS TRASTORNOS DE ANSIEDAD ESPECIFICADOS
F419,2246,"TRASTORNO DE ANSIEDAD , NO ESPECIFICADO"
F420,2247,PREDOMINIO DE PENSAMIENTOS O RUMIACIONES OBSESIVAS
F421,2248,PREDOMINIO DE ACTOS COMPULSIVOS [RITUALES OBSESIVOS]
F422,2249,ACTOS E IDEAS OBSESIVAS MIXTOS
F428,2250,OTROS TRASTORNOS OBSESIVO-COMPULSIVOS
F429,2251,"TRASTORNO OBSESIVO-COMPULSIVO, NO ESPECIFICADO"
F430,2252,REACCION AL ESTRÉS AGUDO
F431,2253,TRASTORNO DE ESTRÉS POSTRAUMATICO
F432,2254,TRASTORNOS DE ADAPTACION
F438,2255,OTRAS REACCIONES AL ESTRÉS GRAVE
F439,2256,"REACCION AL ESTRÉS GRAVE, NO ESPECIFICADA"
F440,2257,AMNESIA DISOCIATIVA
F441,2258,FUGA DISOCIATIVA
F442,2259,ESTUPOR DISOCIATIVO
F443,2260,TRASTORNOS DE TRANCE Y DE POSESION
F444,2261,TRASTORNOS DISOCIATIVOS DEL MOVIMIENTO
F445,2262,CONVULSIONES DISOCIATIVAS
F446,2263,ANESTESIA DISOCIATIVA Y PERDIDA SENSORIAL
F447,2264,TRASTORNOS DISOCIATIVOS MIXTOS [Y DE CONVERSION]
F448,2265,OTROS TRASTORNOS DISOCIATIVOS [DE CONVERSION]
F449,2266,"TRASTORNO DISOCIATIVO [DE CONVERSION], NO ESPECIFICADO"
F450,2267,TRASTORNO DE SOMATIZACION
F451,2268,TRASTORNO SOMATOMORFO INDIFERENCIADO
F452,2269,TRASTORNO HIPOCONDRIACO
F453,2270,DISFUNCION AUTONOMICA SOMATOMORFA
F454,2271,TRASTORNO DE DOLOR PERSISTENTE SOMATOMORFO
F458,2272,OTROS TRASTORNOS SOMATOMORFOS
F459,2273,"TRASTORNO SOMATOMORFO, NO ESPECIFICADO"
F480,2274,NEURASTENIA
F481,2275,SINDROME DE DESPERSONALIZACION Y DESVINCULACION DE LA REALIDAD
F488,2276,OTROS TRASTORNOS NEUROTICOS ESPECIFICADOS
F489,2277,"TRASTORNO NEUROTICO, NO ESPECIFICADO"
F500,2278,ANOREXIA NERVIOSA
F501,2279,ANOREXIA NERVIOSA ATIPICA
F502,2280,BULIMIA NERVIOSA
F503,2281,BULIMIA NERVIOSA ATIPICA
F504,2282,HIPERFAGIA ASOCIADA CON OTRAS ALTERACIONES PSICOLOGICAS
F505,2283,VOMITOS ASOCIADOS CON OTRAS ALTERACIONES PSICOLOGICAS
F508,2284,OTROS TRASTORNOS DE LA INGESTION DE ALIMENTOS
F509,2285,"TRASTORNO DE LA INGESTION DE ALIMENTOS, NO ESPECIFICADO"
F510,2286,INSOMNIO NO ORGANICO
F511,2287,HIPERSOMNIO NO ORGANICO
F512,2288,TRASTORNO NO ORGANICO DEL CICLO SUEÑO-VIGILIA
F513,2289,SONAMBULISMO
F514,2290,TERRORES DEL SUEÑO [TERRORES NOCTURNOS]
F515,2291,PESADILLAS
F518,2292,OTROS TRASTORNOS NO ORGANICOS DEL SUEÑO
F519,2293,"TRASTORNO NO ORGANICO DEL SUEÑO, NO ESPECIFICADO"
F520,2294,FALTA O PERDIDA DEL DESEO SEXUAL
F521,2295,AVERSION AL SEXO Y FALTA DE GOCE SEXUAL
F522,2296,FALLA DE LA RESPUESTA GENITAL
F523,2297,DISFUNCION ORGASMICA
F524,2298,EYACULACION PRECOZ
F525,2299,VAGINISMO NO ORGANICO
F526,2300,DISPAREUNIA NO ORGANICA
F527,2301,IMPULSO SEXUAL EXCESIVO
F528,2302,"OTRAS DISFUNCIONES SEXUALES, NO OCASIONADAS POR TRASTORNO NI POR ENFERMEDAD ORGANICOS"
F529,2303,"DISFUNCION SEXUAL, NO OCASIONADA POR TRASTORNO NI POR ENFERMEDAD ORGANICOS, NO ESPECIFICADA"
F530,2304,"TRASTORNOS MENTALES Y DEL COMPORTAMIENTO LEVES, ASOCIADOS CON EL PUERPERIO, NO CLASIFICADOS EN OTRA PARTE"
F531,2305,"TRASTORNOS MENTALES Y DEL COMPORTAMIENTO GRAVES, ASOCIADOS CON EL PUERPERIO, NO CLASIFICADOS EN OTRA PARTE"
F538,2306,"TRASTORNOS MENTALES Y DEL COMPORTAMIENTO ASOCIADOS CON EL PUERPERIO, NO CLASIFICADOS EN OTRA PARTE"
F539,2307,"TRASTORNO MENTAL PUERPERAL, NO ESPECIFICADO"
F54,2308,FACTORES PSICOLOGICOS Y DEL COMPORTAMIENTO ASOCIADOS CON TRASTORNOS O ENFERMEDADES CLASIFICADOS EN OTRA PARTE
F55,2309,ABUSO DE SUSTANCIAS QUE NO PRODUCEN DEPENDENCIA
F59,2310,"SINDROMES DEL COMPORTAMIENTO ASOCIADOS CON ALTERACIONES FISIOLOGICAS Y FACTORES FISICOS, NO ESPECIFICADOS"
F600,2311,TRASTORNO PARANOIDE DE LA PERSONALIDAD
F601,2312,TRASTORNO ESQUIZOIDE DE LA PERSONALIDAD
F602,2313,TRASTORNO ASOCIAL DE LA PERSONALIDAD
F603,2314,TRASTORNO DE LA PERSONALIDAD EMOCIONALMENTE INESTABLE
F604,2315,TRASTORNO HISTRIONICO DE LA PERSONALIDAD
F605,2316,TRASTORNO ANANCASTICO DE LA PERSONALIDAD
F606,2317,"TRASTORNO DE LA PERSONALIDAD ANSIOSA (EVASIVA, ELUSIVA)"
F607,2318,TRASTORNO DE LA PERSONALIDAD DEPENDIENTE
F608,2319,OTROS TRASTORNOS ESPECIFICOS DE LA PERSONALIDAD
F609,2320,"TRASTORNO DE LA PERSONALIDAD, NO ESPECIFICADO"
F61,2321,TRASTORNOS MIXTOS Y OTROS TRASTORNOS DE LA PERSONALIDAD
F620,2322,CAMBIO PERDURABLE DE LA PERSONALIDAD DESPUES DE UNA EXPERIENCIA CATASTROFICA
F621,2323,CAMBIO PERDURABLE DE LA PERSONALIDAD CONSECUTIVO A UNA ENFERMEDAD PSIQUIATRICA
F628,2324,OTROS CAMBIOS PERDURABLES DE LA PERSONALIDAD
F629,2325,"CAMBIO PERDURABLE DE LA PERSONALIDAD, NO ESPECIFICADO"
F630,2326,JUEGO PATOLOGICO
F631,2327,PIROMANIA
F632,2328,HURTO PATOLOGICO (CLEPTOMANIA)
F633,2329,TRICOTILOMANIA
F638,2330,OTROS TRASTORNOS DE LOS HABITOS Y DE LOS IMPULSOS
F639,2331,"TRASTORNO DE LOS HABITOS Y DE LOS IMPULSOS, NO ESPECIFICADO"
F640,2332,TRANSEXUALISMO
F641,2333,TRANSVESTISMO DE ROL DUAL
F642,2334,TRASTORNO DE LA IDENTIDAD DE GENERO EN LA NIÑEZ
F648,2335,OTROS TRASTORNOS DE LA IDENTIDAD DE GENERO
F649,2336,"TRASTORNO DE LA IDENTIDAD DE GENERO, NO ESPECIFICADO"
F650,2337,FETICHISMO
F651,2338,TRANSVESTISMO FETICHISTA
F652,2339,EXHIBICIONISMO
F653,2340,VOYEURISMO
F654,2341,PEDOFILIA
F655,2342,SADOMASOQUISMO
F656,2343,TRASTORNOS MULTIPLES DE LA PREFERENCIA SEXUAL
F658,2344,OTROS TRASTORNOS DE LA PREFERENCIA SEXUAL
F659,2345,"TRASTORNO DE LA PREFERENCIA SEXUAL, NO ESPECIFICADO"
F660,2346,TRASTORNO DE LA MADURACION SEXUAL
F661,2347,ORIENTACION SEXUAL EGODISTONICA
F662,2348,TRASTORNO DE LA RELACION SEXUAL
F668,2349,OTROS TRASTORNOS DEL DESARROLLO PSICOSEXUAL
F669,2350,"TRASTORNO DEL DESARROLLO PSICOSEXUAL, NO ESPECIFICADO"
F680,2351,ELABORACION DE SINTOMAS FISICOS POR CAUSAS PSICOLOGICAS
F681,2352,"PRODUCCION INTENCIONAL O SIMULACION DE SINTOMAS O DE INCAPACIDADES, TANTO FISICAS COMO PSICOLOGICAS [TRASTORNO FACTICIO]"
F688,2353,OTROS TRASTORNOS ESPECIFICADOS DE LA PERSONALIDAD Y DEL COMPORTAMIENTO EN ADULTOS
F69,2354,"TRASTORNO DE LA PERSONALIDAD Y DEL COMPORTAMIENTO EN ADULTOS, NO ESPECIFICADO"
F700,2355,RETRASO MENTAL LEVE: DETERIORO DEL COMPORTAMIENTO NULO O MINIMO
F701,2356,"RETRASO MENTAL LEVE: DETERIORO DEL COMPORTAMIENTO SIGNIFICATIVO, QUE REQUIERE ATENCION O TRATAMIENTO"
F708,2357,RETRASO MENTAL LEVE: OTROS DETERIOROS DEL COMPORTAMIENTO
F709,2358,RETRASO MENTAL LEVE: DETERIORO DEL COMPORTAMIENTO DE GRADO NO ESPECIFICADO
F710,2359,RETRASO MENTAL MODERADO: DETERIORO DEL COMPORTAMIENTO NULO O MINIMO
F711,2360,"RETRASO MENTAL MODERADO: DETERIORO DEL COMPORTAMIENTO SIGNIFICATIVO, QUE REQUIERE ATENCION O TRATAMIENTO"
F718,2361,RETRASO MENTAL MODERADO: OTROS DETERIOROS DEL COMPORTAMIENTO
F719,2362,RETRASO MENTAL MODERADO: DETERIORO DEL COMPORTAMIENTO DE GRADO NO ESPECIFICADO
F720,2363,RETRASO MENTAL GRAVE: DETERIORO DEL COMPORTAMIENTO NULO O MINIMO
F721,2364,"RETRASO MENTAL GRAVE: DETERIORO DEL COMPORTAMIENTO SIGNIFICATIVO, QUE REQUIERE ATENCION O TRATAMIENTO"
F728,2365,RETRASO MENTAL GRAVE: OTROS DETERIOROS DEL COMPORTAMIENTO
F729,2366,RETRASO MENTAL GRAVE: DETERIORO DEL COMPORTAMIENTO DE GRADO NO ESPECIFICADO
F730,2367,RETRASO MENTAL PROFUNDO: DETERIORO DEL COMPORTAMIENTO NULO O MINIMO
F731,2368,"RETRASO MENTAL PROFUNDO: DETERIORO DEL COMPORTAMIENTO SIGNIFICATIVO, QUE REQUIERE ATENCION O TRATAMIENTO"
F738,2369,RETRASO MENTAL PROFUNDO: OTROS DETERIOROS DEL COMPORTAMIENTO
F739,2370,RETRASO MENTAL PROFUNDO: DETERIORO DEL COMPORTAMIENTO DE GRADO NO ESPECIFICADO
F780,2371,OTROS TIPOS DE RETRASO MENTAL PROFUNDO: DETERIORO DEL COMPORTAMIENTO NULO O MINIMO
F781,2372,"OTROS TIPOS DE RETRASO MENTAL PROFUNDO: DETERIORO DEL COMPORTAMIENTO SIGNIFICATIVO, QUE REQUIERE ATENCION O TRATAMIENTO"
F788,2373,OTROS TIPOS DE RETRASO MENTAL PROFUNDO: OTROS DETERIOROS DEL COMPORTAMIENTO
F789,2374,OTROS TIPOS DE RETRASO MENTAL PROFUNDO: DETERIORO DEL COMPORTAMIENTO DE GRADO NO ESPECIFICADO
F790,2375,"RETRASO MENTAL, NO ESPECIFICADO: DETERIORO DEL COMPORTAMIENTO NULO O MINIMO"
F791,2376,"RETRASO MENTAL, NO ESPECIFICADO: DETERIORO DEL COMPORTAMIENTO SIGNIFICATIVO, QUE REQUIERE ATENCION O TRATAMIENTO"
F798,2377,"RETRASO MENTAL, NO ESPECIFICADO: OTROS DETERIOROS DEL COMPORTAMIENTO"
F799,2378,"RETRASO MENTAL, NO ESPECIFICADO: DETERIORO DEL COMPORTAMIENTO DE GRADO NO ESPECIFICADO"
F800,2379,TRASTORNO ESPECIFICO DE LA PRONUNCIACION
F801,2380,TRASTORNO DEL LENGUAJE EXPRESIVO
F802,2381,TRASTORNO DE LA RECEPCION DEL LENGUAJE
F803,2382,AFASIA ADQUIRIDA CON EPILEPSIA [LANDAU-KLEFFNER]
F808,2383,OTROS TRASTORNOS DEL DESARROLLO DEL HABLA Y DEL LENGUAJE
F809,2384,TRASTORNO DEL DESARROLLO DEL HABLA Y DEL LENGUAJE NO ESPECIFICADO
F810,2385,TRASTORNO ESPECIFICO DE LA LECTURA
F811,2386,TRASTORNO ESPECIFICO DEL DELETREO (ORTOGRAFIA)
F812,2387,TRASTORNO ESPECIFICO DE LAS HABILIDADES ARITMETICAS
F813,2388,TRASTORNO MIXTO DE LAS HABILIDADES ESCOLARES
F818,2389,OTROS TRASTORNOS DEL DESARROLLO DE LAS HABILIDADES ESCOLARES
F819,2390,"TRASTORNO DEL DESARROLLO DE LAS HABILIDADES ESCOLARES, NO ESPECIFICADO"
F82,2391,TRASTORNO ESPECIFICO DEL DESARROLLO DE LA FUNCION MOTRIZ
F83,2392,TRASTORNOS ESPECIFICOS MIXTOS DEL DESARROLLO
F840,2393,AUTISMO EN LA NIÑEZ
F841,2394,AUTISMO ATIPICO
F842,2395,SINDROME DE RETT
F843,2396,OTRO TRASTORNO DESINTEGRATIVO DE LA NIÑEZ
F844,2397,TRASTORNO HIPERACTIVO ASOCIADO CON RETRASO MENTAL Y MOVIMIENTOS ESTEREOTIPADOS
F845,2398,SINDROME DE ASPERGER
F848,2399,OTROS TRASTORNOS GENERALIZADOS DEL DESARROLLO
F849,2400,TRASTORNO GENERALIZADO DEL DESARROLLO NO ESPECIFICADO
F88,2401,OTROS TRASTORNOS DEL DESARROLLO PSICOLOGICO
F89,2402,"TRASTORNO DEL DESARROLLO PSICOLOGICO, NO ESPECIFICADO"
F900,2403,PERTURBACION DE LA ACTIVIDAD Y DE LA ATENCION
F901,2404,TRASTORNO HIPERCINETICO DE LA CONDUCTA
F908,2405,OTROS TRASTORNOS HIPERCINETICOS
F909,2406,"TRASTORNO HIPERCINETICO, NO ESPECIFICADO"
F910,2407,TRASTORNO DE LA CONDUCTA LIMITADO AL CONTEXTO FAMILIAR
F911,2408,TRASTORNO DE LA CONDUCTA INSOCIABLE
F912,2409,TRASTORNO DE LA CONDUCTA SOCIABLE
F913,2410,TRASTORNO OPOSITOR DESAFIANTE
F918,2411,OTROS TRASTORNOS DE LA CONDUCTA
F919,2412,"TRASTORNO DE LA CONDUCTA, NO ESPECIFICADO"
F920,2413,TRASTORNO DEPRESIVO DE LA CONDUCTA
F928,2414,OTROS TRASTORNOS MIXTOS DE LA CONDUCTA Y DE LAS EMOCIONES
F929,2415,"TRASTORNO MIXTO DE LA CONDUCTA Y DE LAS EMOCIONES, NO ESPECIFICADO"
F930,2416,TRASTORNO DE ANSIEDAD DE SEPARACION EN LA NIÑEZ
F931,2417,TRASTORNO DE ANSIEDAD FOBICA EN LA NIÑEZ
F932,2418,TRASTORNO DE ANSIEDAD SOCIAL EN LA NIÑEZ
F933,2419,TRASTORNO DE RIVALIDAD ENTRE HERMANOS
F938,2420,OTROS TRASTORNOS EMOCIONALES EN LA NIÑEZ
F939,2421,"TRASTORNO EMOCIONAL EN LA NIÑEZ, NO ESPECIFICADO"
F940,2422,MUTISMO ELECTIVO
F941,2423,TRASTORNO DE VINCULACION REACTIVA EN LA NIÑEZ
F942,2424,TRASTORNO DE VINCULACION DESINHIBIDA EN LA NIÑEZ
F948,2425,OTROS TRASTORNOS DEL COMPORTAMIENTO SOCIAL EN LA NIÑEZ
F949,2426,"TRASTORNO DEL COMPORTAMIENTO SOCIAL EN LA NIÑEZ, NO ESPECIFICADO"
F950,2427,TRASTORNO POR TIC TRANSITORIO
F951,2428,TRASTORNO POR TIC MOTOR O VOCAL CRONICO
F952,2429,TRASTORNOS POR TICS MOTORES Y VOCALES MULTIPLES COMBINADOS [DE LA TOURETTE]
F958,2430,OTROS TRASTORNOS POR TIC
F959,2431,"TRASTORNO POR TIC, NO ESPECIFICADO"
F980,2432,ENURESIS NO ORGANICA
F981,2433,ECOPRESIS NO ORGANICA
F982,2434,TRASTORNO DE LA INGESTION ALIMENTARIA EN LA INFANCIA Y EN LA NIÑEZ
F983,2435,PICA EN LA INFANCIA Y LA NIÑEZ
F984,2436,TRASTORNOS DE LOS MOVIMIENTOS ESTEREOTIPADOS
F985,2437,TARTAMUDEZ [ESPASMOFEMIA]
F986,2438,FARFULLEO
F988,2439,OTROS TRASTORNOS EMOCIONALES Y DEL COMPORTAMIENTO QUE APARECEN HABITUALMENTE EN LA NIÑEZ Y EN LA ADOLESCENCIA
F989,2440,"TRASTORNOS NO ESPECIFICADOS, EMOCIONALES Y DEL COMPORTAMIENTO, QUE APARECEN HABITUALMENTE EN LA NIÑEZ Y EN LA ADOLESCENCIA"
F99,2441,"TRASTORNO MENTAL, NO ESPECIFICADO"
G000,2442,MENINGITIS POR HEMOFILOS
G001,2443,MENINGITIS NEUMOCOCICA
G002,2444,MENINGITIS ESTREPTOCOCICA
G003,2445,MENINGITIS ESTAFILOCOCICA
G008,2446,OTRAS MENINGITIS BACTERIANAS
G009,2447,"MENINGITIS BACTERIANA, NO ESPECIFICADA"
G01,2448,MENINGITIS EN ENFERMEDADES BACTERIANAS CLASIFICADAS EN OTRA PARTE
G020,2449,MENINGITIS EN ENFERMEDADES VIRALES CLASIFICADAS EN OTRA PARTE
G021,2450,MENINGITIS EN MICOSIS
G028,2451,MENINGITIS EN OTRAS ENFERMEDADES INFECCIOSAS Y PARASITARIAS ESPECIFICADAS CLASIFICADAS EN OTRA PARTE
G030,2452,MENINGITIS APIOGENA
G031,2453,MENINGITIS CRONICA
G032,2454,MENINGITIS RECURRENTE BENIGNA [MOLLARET]
G038,2455,MENINGITIS DEBIDAS A OTRAS CAUSAS ESPECIFICADAS
G039,2456,"MENINGITIS, NO ESPECIFICADA"
G040,2457,ENCEFALITIS AGUDA DISEMINADA
G041,2458,PARAPLEJÍA ESPASTICA TROPICAL
G042,2459,"MENINGOENCEFALITIS Y MENINGOMIELITIS BACTERIANAS, NO CLASIFICADAS EN OTRA PARTE"
G048,2460,"OTRAS ENCEFALITIS, MIELITIS Y ENCEFALOMIELITIS"
G049,2461,"ENCEFALITIS, MIELITIS Y ENCEFALOMIELITIS, NO ESPECIFICADAS"
G050,2462,"ENCEFALITIS, MIELITIS Y ENCEFALOMIELITIS EN ENFERMEDADES BACTERIANAS CLASIFICADAS EN OTRA PARTE"
G051,2463,"ENCEFALITIS, MIELITIS Y ENCEFALOMIELITIS EN ENFERMEDADES VIRALES CLASIFICADAS EN OTRA PARTE"
G052,2464,"ENCEFALITIS, MIELITIS Y ENCEFALOMIELITIS EN OTRAS ENFERMEDADES INFECCIOSAS Y PARASITARIAS CLASIFICADAS EN OTRA PARTE"
G058,2465,"ENCEFALITIS, MIELITIS Y ENCEFALOMIELITIS EN ENFERMEDADES CLASIFICADAS EN OTRA PARTE"
G060,2466,ABSCESO Y GRANULOMA INTRACRANEAL
G061,2467,ABSCESO Y GRANULOMA INTRARRAQUIDEO
G062,2468,"ABSCESO EXTRADURAL Y SUBDURAL, NO ESPECIFICADO"
G07,2469,ABSCESO Y GRANULOMA INTRACRANEAL E INTRARRAQUIDEO EN ENFERMEDADES CLASIFICADAS EN OTRA PARTE
G08,2470,FLEBITIS Y TROMBOFLEBITIS INTRACRANEAL E INTRARRAQUIDEA
G09,2471,SECUELAS DE ENFERMEDADES INFLAMATORIAS DEL SISTEMA NERVIOSO CENTRAL
G10,2472,ENFERMEDAD DE HUNTINGTON
G110,2473,ATAXIA CONGENITA NO PROGRESIVA
G111,2474,ATAXIA CEREBELOSA DE INICIACION TEMPRANA
G112,2475,ATAXIA CEREBELOSA DE INICIACION TARDIA
G113,2476,ATAXIA CEREBELOSA CON REPARACION DEFECTUOSA DEL ADN
G114,2477,PARAPLEJÍA ESPASTICA HEREDITARIA
G118,2478,OTRAS ATAXIAS HEREDITARIAS
G119,2479,"ATAXIA HEREDITARIA, NO ESPECIFICADA"
G120,2480,"ATROFIA MUSCULAR ESPINAL INFANTIL, TIPO I [WERDNIG-HOFFMAN]"
G121,2481,OTRAS ATROFIAS MUSCULARES ESPINALES HEREDITARIAS
G122,2482,ENFERMEDADES DE LAS NEURONAS MOTORAS
G128,2483,OTRAS ATROFIAS MUSCULARES ESPINALES Y SINDROMES AFINES
G129,2484,"ATROFIA MUSCULAR ESPINAL, SIN OTRA ESPECIFICACION"
G130,2485,NEUROMIOPATIA Y NEUROPATIA PARANEOPLASICA
G131,2486,OTRAS ATROFIAS SISTEMICAS QUE AFECTAN EL SISTEMA NERVIOSO CENTRAL EN ENFERMEDAD NEOPLASICA
G132,2487,"ATROFIA SISTEMICA QUE AFECTA PRIMARIAMENTE EL SISTEMA NERVIOSO CENTRAL EN EL MIXEDEMA (E00.1, E03.-)"
G138,2488,ATROFIA SISTEMICA QUE AFECTA PRIMARIAMENTE EL SISTEMA NERVIOSO CENTRAL EN OTRAS ENFERMEDADES CLASIFICADAS EN OTRA PARTE
G20,2489,ENFERMEDAD DE PARKINSON
G210,2490,SINDROME NEUROLEPTICO MALIGNO
G211,2491,OTRO PARKINSONISMO SECUNDARIO INDUCIDO POR DROGAS
G212,2492,PARKINSONISMO SECUNDARIO DEBIDO A OTROS AGENTES EXTERNOS
G213,2493,PARKINSONISMO POSTENCEFALITICO
G218,2494,OTROS TIPOS DE PARKINSONISMO SECUNDARIO
G219,2495,"PARKINSONISMO SECUNDARIO, NO ESPECIFICADO"
G22,2496,PARKINSONISMO EN ENFERMEDADES CLASIFICADAS EN OTRA PARTE
G230,2497,ENFERMEDAD DE HALLERVORDEN-SPATZ
G231,2498,OFTALMOPLEJIA SUPRANUCLEAR PROGRESIVA [STEELE-RICHARDSON-OLSZEWSKI]
G232,2499,DESGENERACION NIGROESTRIADA
G238,2500,OTRAS ENFERMEDADES DEGENERATIVAS ESPECIFICADAS DE LOS NUCLEOS DE LA BASE
G239,2501,"ENFERMEDAD DEGENERATIVA DE LOS NUCLEOS DE LA BASE, NO ESPECIFICADA"
G240,2502,DISTONIA INDUCIDA POR DROGAS
G241,2503,DISTONIA IDIOPATICA FAMILIAR
G242,2504,DISTONIA IDIOPATICA NO FAMILIAR
G243,2505,TORTICOLIS ESPASMODICA
G244,2506,DISTONIA BUCOFACIAL IDIOPATICA
G245,2507,BLEFAROSPASMO
G248,2508,OTRAS DISTONIAS
G249,2509,"DISTONIA, NO ESPECIFICADA"
G250,2510,TEMBLOR ESENCIAL
G251,2511,TEMBLOR INDUCIDO POR DROGAS
G252,2512,OTRAS FORMAS ESPECIFICADAS DE TEMBLOR
G253,2513,MIOCLONIA
G254,2514,COREA INDUCIDA POR DROGAS
G255,2515,OTRAS COREAS
G256,2516,TIC INDUCIDOS POR DROGAS Y OTROS TICS DE ORIGEN ORGANICO
G258,2517,OTROS TRASTORNOS EXTRAPIRAMIDALES Y DEL MOVIMIENTO
G259,2518,"TRASTORNO EXTRAPIRAMIDAL Y DEL MOVIMIENTO, NO ESPECIFICADO"
G26,2519,TRASTORNOS EXTRAPIRAMIDALES Y DEL MOVIMIENTO EN ENFERMEDADES CLASIFICADAS EN OTRA PARTE
G300,2520,ENFERMEDAD DE ALZHEIMER DE COMIENZO TEMPRANO
G301,2521,ENFERMEDAD DE ALZHEIMER COMIENZO TARDIO
G308,2522,OTROS TIPOS DE ENFERMEDAD DE ALZHEIMER
G309,2523,"ENFERMEDAD DE ALZHEIMER, NO ESPECIFICADA"
G310,2524,ATROFIA CEREBRAL CIRCUNSCRITA
G311,2525,DEGENERACION CEREBRAL SENIL NO CLASIFICADA EN OTRA PARTE
G312,2526,DEGENERACION DEL SISTEMA NERVIOSO DEBIDA A EL ALCOHOL
G318,2527,OTRAS ENFERMEDADES DEGENERATIVAS ESPECIFICADAS DEL SISTEMA NERVIOSO
G319,2528,"DEGENERACION DEL SISTEMA NERVIOSO, NO ESPECIFICADA"
G320,2529,DEGENERACION COMBINADA SUBAGUDA DE LA MEDULA ESPINAL EN ENFERNEDADES CLASIFICADAS EN OTRA PARTE
G328,2530,OTROS TRASTORNOS DEGENERATIVOS ESPECIFICADOS DEL SISTEMA NERVIOSO EN ENFERMEDADES CLASIFICADAS EN OTRA PARTE
G35,2531,ESCLEROSIS MULTIPLE
G360,2532,NEUROMIELITIS OPTICA [DEVIC]
G361,2533,LEUCOENCEFALITIS HEMORRAGICA AGUDA Y SUBAGUDA [HURST]
G368,2534,OTRAS DESMIELINIZACIONES AGUDAS DISEMINADAS ESPECIFICADAS
G369,2535,DESMIELINIZACION DISEMINADA AGUDA SIN OTRA ESPECIFICACION
G370,2536,ESCLEROSIS DIFUSA
G371,2537,DESMIELINIZACION CENTRAL DEL CUERPO CALLOSO
G372,2538,MIELINOLISIS CENTRAL PONTINA
G373,2539,MIELITIS TRANSVERSA AGUDA EN ENFERMEDAD DESMIELINIZANTE DEL SISTEMA NERVIOSO CENTRAL
G374,2540,MIELITIS NECROTIZANTE SUBAGUDA
G375,2541,ESCLEROSIS CONCENTRICA (BALO)
G378,2542,"OTRAS ENFERMEDADES DESMIELINIZANTES DEL SISTEMA NERVIOSO CENTRAL, ESPECIFICADAS"
G379,2543,"ENFERMEDAD DESMIELINIZANTE DEL SISTEMA NERVIOSO CENTRAL, NO ESPECIFICADA"
G400,2544,EPILEPSIA Y SINDROMES EPILEPTICOS IDIOPATICOS RELACIONADOS CON LOCALIZACIONES (FOCALES) (PARCIALES) Y CON ATAQUES DE INICIO LOCALIZADO
G401,2545,EPILEPSIA Y SINDROMES EPILEPTICOS SINTOMATICOS RELACIONADOS CON LOCALIZACIONES (FOCALES) (PARCIALES) Y CON ATAQUES PARCIALES SIMPLES
G402,2546,EPILEPSIA Y SINDROMES EPILEPTICOS SINTOMATICOS RELACIONADOS CON LOCALIZACIONES (FOCALES) (PARCIALES) Y CON ATAQUES PARCIALES COMPLEJOS
G403,2547,EPILEPSIA Y SINDROMES EPILEPTICOS IDIOPATICOS GENERALIZADOS
G404,2548,OTRAS EPILEPSIAS Y SINDROMES EPILEPTICOS GENERALIZADOS
G405,2549,SINDROMES EPILEPTICOS ESPECIALES
G406,2550,"ATAQUES DE GRAN MAL, NO ESPECIFICADOS (CON O SIN PEQUEÑO MAL)"
G407,2551,"PEQUEÑO MAL, NO ESPECIFICADO (SIN ATAQUE DE GRAN MAL)"
G408,2552,OTRAS EPILEPSIAS
G409,2553,"EPILEPSIA, TIPO NO ESPECIFICADO"
G410,2554,ESTADO DE GRAN MAL EPILEPTICO
G411,2555,ESTADO DE PEQUEÑO MAL EPILEPTICO
G412,2556,ESTADO DE MAL EPILEPTICO PARCIAL COMPLEJO
G418,2557,OTROS ESTADOS EPILÉPTICOS
G419,2558,ESTADO DE MAL EPILEPTICO DE TIPO NO ESPECIFICADO
G430,2559,MIGRAÑA SIN AURA [MIGRAÑA COMUN]
G431,2560,MIGRAÑA CON AURA [MIGRAÑA CLASICA]
G432,2561,ESTADO MIGRAÑOSO
G433,2562,MIGRAÑA COMPLICADA
G438,2563,OTRAS MIGRAÑAS
G439,2564,"MIGRAÑA, NO ESPECIFICADA"
G440,2565,SINDROME DE CEFALEA EN RACIMOS
G441,2566,"CEFALEA VASCULAR, NCOP"
G442,2567,CEFALEA DEBIDA A TENSION
G443,2568,CEFALEA POSTRAUMATICA CRONICA
G444,2569,"CEFALEA INDUCIDA POR DROGAS, NO CLASIFICADA EN OTRA PARTE"
G448,2570,OTROS SINDROMES DE CEFALEA ESPECIFICADOS
G450,2571,SINDROME ARTERIAL VERTEBRO-BASILAR
G451,2572,SINDROME DE LA ARTERIA CAROTIDA (HEMISFÉRICO)
G452,2573,SINDROMES ARTERIALES PRECEREBRALES BILATERALES Y MULTIPLES
G453,2574,AMAUROSIS FUGAZ
G454,2575,AMNESIA GLOBAL TRANSITORIA
G458,2576,OTRAS ISQUEMIAS CEREBRALES TRANSITORIAS Y SINDROMES AFINES
G459,2577,"ISQUEMIA CEREBRAL TRANSITORIA, SIN OTRA ESPECIFICACION"
G460,2578,CEREBRAL MEDIA (I66.0)
G461,2579,SINDROME DE LA ARTERIA CEREBRAL ANTERIOR (I66.1)
G462,2580,SINDROME DE LA ARTERIA CEREBRAL POSTERIOR (I66.2)
G463,2581,SINDROMES APOPLETICOS DEL TALLO ENCEFALICO (I60-I67)
G464,2582,SINDROME DE INFARTO CEREBELOSO (I60-I67)
G465,2583,SINDROME LACUNAR MOTOR PURO (I60-I67)
G466,2584,SINDROME LACUNAR SENSORIAL PURO (I60-I67)
G467,2585,OTROS SINDROMES LACUNARES (I60-I67)
G468,2586,OTROS SINDROMES VASCULARES ENCEFALICOS EN ENFERMEDADES CEREBROVASCULARES (I60-I67)
G470,2587,TRASTORNOS DEL INICIO Y DEL MANTENIMIENTO DEL SUEÑO [INSOMNIOS]
G471,2588,TRASTORNOS DE SOMNOLENCIA EXCESIVA [HIPERSOMNIOS]
G472,2589,TRASTORNOS DEL RITMO NICTAMERAL
G473,2590,APNEA DEL SUEÑO
G474,2591,NARCOLEPSIA Y CATAPLEXIA
G478,2592,OTROS TRASTORNOS DEL SUEÑO
G479,2593,"TRASTORNO DEL SUEÑO, NO ESPECIFICADO"
G500,2594,NEURALGIA DEL TRIGEMINO
G501,2595,DOLOR FACIAL ATIPICO
G508,2596,OTROS TRASTORNOS DEL TRIGEMINO
G509,2597,"TRASTORNOS DEL TRIGEMINO, NO ESPECIFICADO"
G510,2598,PARALISIS DE BELL
G511,2599,GANGLIONITIS GENICULADA
G512,2600,SINDROME DE MELKERSSON
G513,2601,ESPASMO HEMIFACIAL CLONICO
G514,2602,MIOQUIMIA FACIAL
G518,2603,OTROS TRASTORNOS DEL NERVIO FACIAL
G519,2604,"TRASTORNOS DEL NERVIO FACIAL, NO ESPECIFICADO"
G520,2605,TRASTORNOS DEL NERVIO OLFATORIO
G521,2606,TRASTORNOS DEL NERVIO GLOSOFARINGEO
G522,2607,TRASTORNOS DEL NERVIO VAGO
G523,2608,TRASTORNOS DEL NERVIO HIPOGLOSO
G527,2609,TRASTORNOS DE MULTIPLES NERVIOS CRANEALES
G528,2610,TRASTORNOS DE OTROS NERVIOS CRANEALES ESPECIFICADOS
G529,2611,"TRASTORNO DE NERVIO CRANEAL, NO ESPECIFICADO"
G530,2612,NEURALGIA POSTHERPES ZOSTER (B02.2)
G531,2613,PARALISIS MULTIPLE DE LOS NERVIOS CRANEALES EN ENFERMEDADES INFECCIOSAS Y PARASITARIAS CLASIFICADAS EN OTRA PARTE (A00-B99)
G532,2614,"PARALISIS MULTIPLE DE LOS NERVIOS CRANEALES, EN LA SARCOIDOSIS (D86.8)"
G533,2615,"PARALISIS MULTIPLE DE LOS NERVIOS CRANEALES, EN ENFERMEDADES NEOPLASICAS (C00-D48)"
G538,2616,OTROS TRASTORNOS DE LOS NERVIOS CRANEALES EN OTRAS ENFERMEDADES CLASIFICADAS EN OTRA PARTE
G540,2617,TRASTORNOS DEL PLEXO BRAQUIAL
G541,2618,TRASTORNOS DEL PLEXO LUMBOSACRO
G542,2619,"TRASTORNOS DE LA RAIZ CERVICAL, NO CLASIFICADOS EN OTRA PARTE"
G543,2620,"TRASTORNOS DE LA RAIZ TORACICA, NO CLASIFICADOS EN OTRA PARTE"
G544,2621,"TRASTORNOS DE LA RAIZ LUMBOSACRA, NO CLASIFICADOS EN OTRA PARTE"
G545,2622,AMIOTROFIA NEURALGICA
G546,2623,SINDROME DEL MIEMBRO FANTASMA CON DOLOR
G547,2624,SINDROME DEL MIEMBRO FANTASMA SIN DOLOR
G548,2625,OTROS TRASTORNOS DE LAS RAICES Y PLEXOS NERVIOSOS
G549,2626,"TRASTORNO DE LA RAIZ Y PLEXOS NERVIOSOS, NO ESPECIFICADO"
G550,2627,COMPRESIONES DE LAS RAICES Y PLEXOS NERVIOSOS EN ENFERMEDADES NEOPLASICAS (C00-D48)
G551,2628,COMPRESIONES DE LAS RAICES Y PLEXOS NERVIOSOS EN TRASTORNOS DE LOS DISCOS INTERVERTEBRALES (M50-M51)
G552,2629,COMPRESIONES DE LAS RAICES Y PLEXOS NERVIOSOS EN LA ESPONDILOSIS (M47.-)
G553,2630,"COMPRESIONES DE LAS RAICES Y PLEXOS NERVIOSOS EN OTRAS DORSOPATIAS (M45-M46, M48.-, M53-M54)"
G558,2631,COMPRESIONES DE LAS RAICES Y PLEXOS NERVIOSOS EN OTRAS ENFERMEDADES CLASIFICADAS EN OTRA PARTE
G560,2632,SINDROME DEL TUNEL CARPIANO
G561,2633,OTRAS LESIONES DEL NERVIO MEDIANO
G562,2634,LESION DEL NERVIO CUBITAL
G563,2635,LESION DEL NERVIO RADIAL
G564,2636,CAUSALGIA
G568,2637,OTRAS MONONEUROPATIAS DEL MIEMBRO SUPERIOR
G569,2638,MONONEUROPATIA DEL MIEMBRO SUPERIOR SIN OTRA ESPECIFICACION
G570,2639,LESION DEL NERVIO CIATICO
G571,2640,MERALGIA PARESTESICA
G572,2641,LESION DEL NERVIO CRURAL
G573,2642,LESION DEL NERVIO CIATICO POPLITEO EXTERNO
G574,2643,LESION DEL NERVIO CIATICO POPLITEO INTERNO
G575,2644,SINDROME DEL TUNEL CALCANEO
G576,2645,LESION DEL NERVIO PLANTAR
G578,2646,OTRAS MONONEUROPATIAS DEL MIEMBRO INFERIOR
G579,2647,"MONONEUROPATIA DEL MIEMBRO INFERIOR, SIN OTRA ESPECIFICACION"
G580,2648,NEUROPATIA INTERCOSTAL
G587,2649,MONONEURITIS MULTIPLE
G588,2650,OTRAS MONONEUROPATIAS ESPECIFICADAS
G589,2651,"MONONEUROPATIA, NO ESPECIFICADA"
G590,2652,MONONEUROPATIA DIABETICA (E10-E14 COMO CUARTO CARACTER COMUN .4)
G598,2653,OTRAS MONONEUROPATIAS EN ENFERMEDADES CLASIFICADAS EN OTRA PARTE
G600,2654,NEUROPTIA HEREDITARIA MOTORA Y SENSORIAL
G601,2655,ENFERMEDAD DE REFSUM
G602,2656,NEUROPATIA ASOCIADA CON ATAXIA HEREDITARIA
G603,2657,NEUROPATIA PROGRESIVA IDIOPATICA
G608,2658,OTRAS NEUROPATIAS HEREDITARIAS E IDIOPATICAS
G609,2659,"NEUROPATIA HEREDITARIA E IDIOPATICA, SIN OTRA ESPECIFICACION"
G610,2660,SINDROME DE GUILLAIN-BARRE
G611,2661,NEUROPATIA AL SUERO
G618,2662,OTRAS POLINEUROPATIAS INFLAMATORIAS
G619,2663,"POLINEUROPATIA INFLAMATORIA, NO ESPECIFICADA"
G620,2664,POLINEUROPATIA INDUCIDA POR DROGAS
G621,2665,POLINEUROPATIA ALCOHOLICA
G622,2666,POLINEUROPATIA DEBIDA A OTRO AGENTE TOXICO
G628,2667,OTRAS POLINEUROPATIAS ESPECIFICADAS
G629,2668,"POLINEUROPATIA, NO ESPECIFICADA"
G630,2669,POLINEUROPATIA EN ENFERMEDADES INFECCIOSAS Y PARASITARIAS CLASIFICADAS EN OTRA PARTE
G631,2670,POLINEUROPATIA EN ENFERMEDAD NEOPLASICA (C00-D48)
G632,2671,POLINEUROPATIA DIABETICA (E10-E14 CON CUARTO CARACTER COMUN .4)
G633,2672,"POLINEUROPATIA EN OTRAS ENFERMEDADES ENDOCRINAS Y METABOLICAS (E00-E07, E15-E16, E20-E34, E70-E89)"
G634,2673,POLINEUROPATIA EN DEFICIENCIA NUTRICIONAL (E40-E64)
G635,2674,POLINEUROPATIA EN TRASTORNOS DEL TEJIDO CONECTIVO SISTEMICO (M30-M35)
G636,2675,"POLINEUROPATIA EN OTROS TRASTORNOS OSTEOMUSCULARES (M00-M25, M40-M96)"
G638,2676,POLINEUROPATIA EN OTRAS ENFERMEDADES CLASIFICADAS EN OTRA PARTE
G64,2677,OTROS TRASTORNOS DEL SISTEMA NERVIOSO PERIFERICO
G700,2678,MIASTENIA GRAVIS
G701,2679,TRASTORNOS TOXICOS NEUROMUSCULARES
G702,2680,MIASTENIA CONGENITA O DEL DESARROLLO
G708,2681,OTROS TRASTORNOS NEUROMUSCULARES ESPECIFICADOS
G709,2682,"TRASTORNO NEUROMUSCULAR, NO ESPECIFICADO"
G710,2683,DISTROFIA MUSCULAR
G711,2684,TRASTORNOS MIOTONICOS
G712,2685,MIOPATIAS CONGENITAS
G713,2686,"MIOPATIA MITOCONDRICA, NO CLASIFICADA EN OTRA PARTE"
G718,2687,OTROS TRASTORNOS PRIMARIOS DE LOS MUSCULOS
G719,2688,"TRASTORNO PRIMARIO DEL MUSCULO, TIPO NO ESPECIFICADO"
G720,2689,MIOPATIA INDUCIDA POR DROGAS
G721,2690,MIOPATIA ALCOHOLICA
G722,2691,MIOPATIA DEBIDA A OTROS AGENTES TOXICOS
G723,2692,PARALISIS PERIODICA
G724,2693,"MIOPATIA INFLAMATORIA, NO CLASIFICADA EN OTRA PARTE"
G728,2694,OTRAS MIOPATIAS ESPECIFICADAS
G729,2695,"MIOPATIA, NO ESPECIFICADA"
G730,2696,SINDROMES MIASTENICOS EN ENFERMEDADES ENDOCRINAS
G731,2697,SINDROME DE EATON-LAMBERT (C80)
G732,2698,OTROS SINDROMES MIASTENICOS EN ENFERMEDAD NEOPLASICA (C00-D48)
G733,2699,SINDROMES MIASTENICOS EN OTRAS ENFERMEDADES CLASIFICADAS EN OTRA PARTE
G734,2700,MIOPATIA EN ENFERMEDADES INFECCIOSAS Y PARASITARIAS CLASIFICADAS EN OTRA PARTE
G735,2701,MIOPATIA EN ENFERMEDADES ENDOCRINAS
G736,2702,MIOPATIA EN ENFERMEDADES METABOLICAS
G737,2703,MIOPATIA EN OTRAS ENFERMEDADES CLASIFICADAS EN OTRA PARTE
G800,2704,PARALISIS CEREBRAL ESPASTICA
G801,2705,DIPLEJIA ESPASTICA
G802,2706,HEMIPLEJIA INFANTIL
G803,2707,PARALISIS CEREBRAL DISCINETICA
G804,2708,PARALISIS CEREBRAL ATAXICA
G808,2709,OTROS TIPOS DE PARALISIS CEREBRAL INFANTIL
G809,2710,"PARALISIS CEREBRAL INFANTIL, SIN OTRA ESPECIFICACION"
G810,2711,HEMIPLEJIA FLACIDA
G811,2712,HEMIPLEJIA ESPASTICA
G819,2713,"HEMIPLEJIA, NO ESPECIFICADA"
G820,2714,PARAPLEJIA FLACIDA
G821,2715,PARAPLEJIA ESPASTICA
G822,2716,"PARAPLEJIA, NO ESPECIFICADA"
G823,2717,CUADRIPLEJIA FLACIDA
G824,2718,CUADRIPLEJIA ESPASTICA
G825,2719,"CUADRIPLEJIA, NO ESPECIFICADA"
G830,2720,DIPLEJIA DE LOS MIEMBROS SUPERIORES
G831,2721,MONOPLEJIA DEL MIEMBRO INFERIOR
G832,2722,MONOPLEJIA DEL MIEMBRO SUPERIOR
G833,2723,"MONOPLEJIA, NO ESPECIFICADA"
G834,2724,SINDROME DE LA COLA DE CABALLO
G838,2725,OTROS SINDROMES PARALITICOS ESPECIFICADOS
G839,2726,"SINDROME PARALITICO, NO ESPECIFICADO"
G900,2727,NEUROPATIA AUTONOMA PERIFERICA IDIOPATICA
G901,2728,DISAUTONOMIA FAMILIAR [SINDROME DE RILEY-DAY]
G902,2729,SINDROME DE HORNER
G903,2730,DEGENERACION DE SISTEMAS MULTIPLES
G908,2731,OTROS TRASTORNOS DEL SISTEMA NERVIOSO AUTONOMO
G909,2732,"TRASTORNO DEL SISTEMA NERVIOSO AUTONOMO, NO ESPECIFICADO"
G910,2733,HIDROCEFALO COMUNICANTE
G911,2734,HIDROCEFALO OBSTRUCTIVO
G912,2735,HIDROCEFALO DE PRESION NORMAL
G913,2736,"HIDROCEFALO POSTRAUMATICO, SIN OTRA ESPECIFICACION"
G918,2737,OTROS TIPOS DE HIDROCEFALO
G919,2738,"HIDROCEFALO, NO ESPECIFICADO"
G92,2739,ENCEFALOPATIA TOXICA
G930,2740,QUISTE CEREBRAL
G931,2741,"LESION CEREBRAL ANOXICA, NO CLASIFICADA EN OTRA PARTE"
G932,2742,HIPERTENSION INTRACRANEAL BENIGNA
G933,2743,SINDROME DE FATIGA POSTVIRAL
G934,2744,ENCEFALOPATIA NO ESPECIFICADA
G935,2745,COMPRESION DEL ENCEFALO
G936,2746,EDEMA CEREBRAL
G937,2747,SINDROME DE REYE
G938,2748,OTROS TRASTORNOS ESPECIFICADOS DEL ENCEFALO
G939,2749,"TRASTORNO DEL ENCEFALO, NO ESPECIFICADO"
G940,2750,HIDROCEFALO EN ENFERMEDADES INFECCIOSAS Y PARASITARIAS CLASIFICADAS EN OTRA PARTE (A00-B99)
G941,2751,HIDROCEFALO EN ENFERMEDAD NEOPLASICA (C00-D48)
G942,2752,HIDROCEFALO EN OTRAS ENFERMEDADES CLASIFICADAS EN OTRA PARTE
G948,2753,OTROS TRASTORNOS ENCEFALITICOS ESPECIFICADOS EN ENFERMEDADES CLASIFICADAS EN OTRA PARTE
G950,2754,SIRINGOMIELIA Y SIRINGOBULBIA
G951,2755,MIELOPATIAS VASCULARES
G952,2756,"COMPRESION MEDULAR, NO ESPECIFICADA"
G958,2757,OTRAS ENFERMEDADES ESPECIFICADAS DE LA MEDULA ESPINAL
G959,2758,"ENFERMEDAD DE LA MEDULA ESPINAL, NO ESPECIFICADA"
G960,2759,PERDIDA DE LIQUIDO CEFALORRAQUIDEO
G961,2760,"TRASTORNOS DE LA MENINGES, NO CLASIFICADOS EN OTRA PARTE"
G968,2761,OTROS TRASTORNOS ESPECIFICADOS DEL SISTEMA NERVIOSO CENTRAL
G969,2762,"TRASTORNO DEL SISTEMA NERVIOSO CENTRAL, NO ESPECIFICADO"
G970,2763,PERDIDA DE LIQUIDO CEFALORRAQUIDEO POR PUNCION ESPINAL
G971,2764,OTRA REACCION A LA PUNCION ESPINAL Y LUMBAR
G972,2765,HIPOTENSION INTRACRANEAL POSTERIOR A ANASTOMOSIS VENTRICULAR
G978,2766,OTROS TRASTORNOS DEL SISTEMA NERVIOSO CONSECUTIVOS A PROCEDIMIENTOS
G979,2767,"TRASTORNOS NO ESPECIFICADOS DEL SISTEMA NERVIOSO, CONSECUTIVOS A PROCEDIMIENTOS"
G98,2768,"OTROS TRASTORNOS DEL SISTEMA NERVIOSO, NO CLASIFICADOS EN OTRA PARTE"
G990,2769,NEUROPATIA AUTONOMICA EN ENFERNEDADES METABOLICAS Y ENDOCRINAS
G991,2770,OTROS TRASTORNOS DEL SISTEMA NERVIOSO AUTONOMO EN OTRAS ENFERMEDADES CLASIFICADAS EN OTRA PARTE
G992,2771,MIELOPATIA EN ENFERMEDADES CLASIFICADAS EN OTRA PARTE
G998,2772,OTROS TRASTORNOS ESPECIFICADOS DEL SISTEMA NERVIOSO EN ENFERMEDADES CLASIFICADAS EN OTRA PARTE
H000,2773,ORZUELO Y OTRAS INFLAMACIONES PROFUNDAS DEL PARPADO
H001,2774,CALACIO [CHALAZION]
H010,2775,BLEFARITIS
H011,2776,DERMATOSIS NO INFECCIOSA DEL PARPADO
H018,2777,OTRAS INFLAMACIONES ESPECIFICADAS DEL PARPADO
H019,2778,"INFLAMACION DEL PARPADO, NO ESPECIFICADA"
H020,2779,ENTROPION Y TRIQUIASIS PALPEBRAL
H021,2780,ECTROPION DEL PARPADO
H022,2781,LAGOFTALMOS
H023,2782,BLEFAROCALASIA
H024,2783,BLEFAROPTOSIS
H025,2784,OTROS TRASTORNOS FUNCIONALES DEL PARPADO
H026,2785,XANTELASMA DEL PARPADO
H027,2786,OTROS TRASTORNOS DEGENERATIVOS DEL PARPADO Y DEL AREA PERIOCULAR
H028,2787,OTROS TRASTORNOS ESPECIFICADOS DEL PARPADO
H029,2788,"TRASTORNOS DEL PARPADO, NO ESPECIFICADO"
H030,2789,INFECCION E INFESTACION PARASITARIAS DEL PARPADO EN ENFERMEDADES CLASIFICADAS EN OTRA PARTE
H031,2790,COMPROMISO DEL PARPADO EN ENFERMEDADES INFECCIOSAS CLASIFICADAS EN OTRA PARTE
H038,2791,COMPROMISO DEL PARPADO EN ENFERMEDADES CLASIFICADAS EN OTRA PARTE
H040,2792,DACRIOADENITIS
H041,2793,OTROS TRASTORNOS DE LA GLANDULA LAGRIMAL
H042,2794,EPIFORA
H043,2795,INFLAMACION AGUDA Y LA NO ESPECIFICADA DE LAS VIAS LAGRIMALES
H044,2796,INFLAMACION CRONICA DE LAS VIAS LAGRIMALES
H045,2797,ESTENOSIS E INSUFICIENCIA DE LAS VIAS LAGRIMALES
H046,2798,OTROS CAMBIOS DE LAS VIAS LAGRIMALES
H048,2799,OTROS TRASTORNOS ESPECIFICADOS DEL APARATO LAGRIMAL
H049,2800,"TRASTORNO DEL APARATO LAGRIMAL, NO ESPECIFICADO"
H050,2801,INFLAMACION AGUDA DE LA ORBITA
H051,2802,TRASTORNOS INFLAMATORIOS CRONICOS DE LA ORBITA
H052,2803,AFECCIONES EXOFTALMICAS
H053,2804,DEFORMIDAD DE LA ORBITA
H054,2805,ENOFTALMIA
H055,2806,"RETENCION DE CUERPO EXTRAÑO (ANTIGUO), CONSECUTIVA A HERIDA PENETRANTE DE LA ORBITA"
H058,2807,OTROS TRASTORNOS DE LA ORBITA
H059,2808,"TRASTORNO DE LA ORBITA, NO ESPECIFICADO"
H060,2809,TRASTORNOS DEL APARATO LAGRIMAL EN ENFERMEDADES CLASIFICADAS EN OTRA PARTE
H061,2810,INFECCION O INFESTACION PARASITARIA DE LA ORBITA EN ENFERMEDADES CLASIFICADAS EN OTRA PARTE
H062,2811,EXOFTALMIA HIPERTIROIDEA (E05.-)
H063,2812,OTROS TRASTORNOS DE LA ORBITA EN ENFERMEDADES CLASIFICADAS EN OTRA PARTE
H100,2813,CONJUNTIVITIS MUCOPURULENTA
H101,2814,CONJUNTIVITIS ATOPICA AGUDA
H102,2815,OTRAS CONJUNTIVITIS AGUDAS
H103,2816,"CONJUNTIVITIS AGUDA, NO ESPECIFICADA"
H104,2817,CONJUNTIVITIS CRONICA
H105,2818,BLEFAROCONJUNTIVITIS
H108,2819,OTRAS CONJUNTIVITIS
H109,2820,"CONJUNTIVITIS, NO ESPECIFICADA"
H110,2821,PTERIGION
H111,2822,DEGENERACIONES Y DEPOSITOS CONJUNTIVALES
H112,2823,CICATRICES CONJUNTIVALES
H113,2824,HEMORRAGIA CONJUNTIVAL
H114,2825,OTROS TRASTORNOS VASCULARES Y QUISTES CONJUNTIVALES
H118,2826,OTROS TRASTORNOS ESPECIFICADOS DE LA CONJUNTIVA
H119,2827,"TRASTORNO DE LA CONJUNTIVA, NO ESPECIFICADO"
H130,2828,INFECCION FILARICA DE LA CONJUNTIVA (B74.-)
H131,2829,CONJUNTIVITIS EN ENFERMEDADES INFECCIOSAS Y PARASITARIAS CLASIFICADAS EN OTRA PARTE
H132,2830,CONJUNTIVITIS EN OTRAS ENFERMEDADES CLASIFICADAS EN OTRA PARTE
H133,2831,PENFIGOIDE OCULAR (L12.-)
H138,2832,OTROS TRASTORNOS DE LA CONJUNTIVA EN ENFERMEDADES CLASIFICADAS EN OTRA PARTE
H150,2833,ESCLERITIS
H151,2834,EPISCLERITIS
H158,2835,OTROS TRASTORNOS DE LA ESCLEROTICA
H159,2836,"TRASTORNOS DE LA ESCLEROTICA, NO ESPECIFICADO"
H160,2837,ULCERA DE LA CORNEA
H161,2838,OTRAS QUERATITIS SUPERFICIALES SIN CUNJUNTIVITIS
H162,2839,QUERATOCONJUNTIVITIS
H163,2840,QUERATITIS INTERSTICIAL Y PROFUNDA
H164,2841,NEOVASCULARIZACION DE LA CORNEA
H168,2842,OTRAS QUERATITIS
H169,2843,"QUERATITIS, NO ESPECIFICADA"
H170,2844,LEUCOMA ADHERENTE
H171,2845,OTRAS OPACIDADES CENTRALES DE LA CORNEA
H178,2846,OTRAS OPACIDADES O CICATRICES DE LA CORNEA
H179,2847,"CICATRIZ U OPACIDAD DE LA CORNEA, NO ESPECIFICADA"
H180,2848,PIGMENTACIONES Y DEPOSITOS EN LA CORNEA
H181,2849,QUERATOPATIA VESICULAR
H182,2850,OTROS EDEMAS DE LA CORNEA
H183,2851,CAMBIOS EN LAS MEMBRANAS DE LA CORNEA
H184,2852,DEGENERACION DE LA CORNEA
H185,2853,DISTROFIA HEREDITARIA DE LA CORNEA
H186,2854,QUERATOCONO
H187,2855,OTRAS DEFORMIDADES DE LA CORNEA
H188,2856,OTROS TRASTORNOS ESPECIFICADOS DE LA CORNEA
H189,2857,"TRASTORNO DE LA CORNEA, NO ESPECIFICADO"
H190,2858,ESCLERITIS Y EPISCLERITIS EN ENFERMEDADES CLASIFICADAS EN OTRA PARTE
H191,2859,QUERATITIS Y QUERATOCONJUNTIVITIS POR HERPES SIMPLE (B00.5)
H192,2860,"QUERATITIS Y QUERATOCONJUNTIVITIS EN ENFERMEDADES INFECCIOSAS Y PARASITARIAS, CLASIFICADAS EN OTRA PARTE"
H193,2861,QUERATITIS Y QUERATOCONJUNTIVITIS EN OTRAS ENFERMEDADES CLASIFICADAS EN OTRA PARTE
H198,2862,OTROS TRASTORNOS DE LA ESCLEROTICA Y DE LA CORNEA EN ENFERMEDADES CLASIFICADAS EN OTRA PARTE
H200,2863,IRIDOCICLITIS AGUDA Y SUBAGUDA
H201,2864,IRIDOCICLITIS CRONICA
H202,2865,IRIDOCICLITIS INDUCIDA POR TRASTORNO DEL CRISTALINO
H208,2866,OTRAS IRIDOCICLITIS ESPECIFICADAS
H209,2867,"IRIDOCICLITIS, NO ESPECIFICADA"
H210,2868,HIFEMA
H211,2869,OTROS TRASTORNOS VASCULARES DEL IRIS Y DEL CUERPO CILIAR
H212,2870,DEGENERACION DEL IRIS Y DEL CUERPO CILIAR
H213,2871,"QUISTE DEL IRIS, DEL CUERPO CILIAR Y DE LA CAMARA ANTERIOR"
H214,2872,MEMBRANAS PUPILARES
H215,2873,OTRAS ADHERENCIAS Y DESGARROS DEL IRIS Y DEL CUERPO CILIAR
H218,2874,OTROS TRASTORNOS ESPECIFICADOS DEL IRIS Y DEL CUERPO CILIAR
H219,2875,"DEL IRIS Y DEL CUERPO CILIAR, NO ESPECIFICADO"
H220,2876,IRIDOCICLITIS EN ENFERMEDADES INFECCIOSAS Y PARASITARIAS CLASIFICADAS EN OTRA PARTE
H221,2877,IRIDOCICLITIS EN OTRAS ENFERMEDADES CLASIFICADAS EN OTRA PARTE
H228,2878,OTROS TRASTORNOS DEL IRIS Y DEL CUERPO CILIAR EN ENFERMEDADES CLASIFICADAS EN OTRA PARTE
H250,2879,CATARATA SENIL INCIPIENTE
H251,2880,CATARATA SENIL NUCLEAR
H252,2881,"CATARATA SENIL, TIPO MORGAGNIAN"
H258,2882,OTRAS CATARATAS SENILES
H259,2883,"CATARATA SENIL, NO ESPECIFICADA"
H260,2884,"CATARATA INFANTIL, JUVENIL Y PRESENIL"
H261,2885,CATARATA TRAUMATICA
H262,2886,CATARATA COMPLICADA
H263,2887,CATARATA INDUCIDA POR DROGAS
H264,2888,CATARATA RESIDUAL
H268,2889,OTRAS FORMAS ESPECIFICADAS DE CATARATA
H269,2890,"CATARATA, NO ESPECIFICADA"
H270,2891,AFAQUIA
H271,2892,LUXACION DEL CRISTALINO
H278,2893,OTROS TRASTORNOS ESPECIFICADOS DEL CRISTALINO
H279,2894,"TRASTORNO DEL CRISTALINO, NO ESPECIFICADO"
H280,2895,CATARATA DIABETICA (E10-E14 CON CUARTO CARACTER COMUN .3)
H281,2896,"CATARATA EN OTRAS ENFERMEDADES ENDOCRINAS, NUTRICIONALES Y METABOLICAS CLASIFICADAS EN OTRA PARTE"
H282,2897,CATARATA EN OTRAS ENFERMEDADES CLASIFICADAS EN OTRA PARTE
H288,2898,OTROS TRASTORNOS DEL CRISTALINO EN ENFERMEDADES CLASIFICADAS EN OTRA PARTE
H300,2899,CORIORRETINITIS FOCAL
H301,2900,CORIORRETINITIS DISEMINADA
H302,2901,CICLITIS POSTERIOR
H308,2902,OTRAS CORIORRETINITIS
H309,2903,"CORIORRETINITIS, NO ESPECIFICADA"
H310,2904,CICATRICES CORIORRETINIANAS
H311,2905,DESGENERACION COROIDEA
H312,2906,DISTROFIA COROIDEA HEREDITARIA
H313,2907,HEMORRAGIA Y RUPTURA DE LA COROIDES
H314,2908,DESPRENDIMIENTO DE LA COROIDES
H318,2909,OTROS TRASTORNOS ESPECIFICADOS DE LA COROIDES
H319,2910,"TRASTORNO DE LA COROIDES, NO ESPECIFICADO"
H320,2911,INFLAMACION CORIORRETINIANA EN ENFERMEDADES INFECCIOSAS Y PARASITARIAS CLASIFICADAS EN OTRA PARTE
H328,2912,OTROS TRASTORNOS CORIORRETINIANOS EN ENFERMEDADES CLASIFICADAS EN OTRA PARTE
H330,2913,DESPRENDIMIENTO DE LA RETINA CON RUPTURA
H331,2914,RETINOSQUISIS Y QUISTES DE LA RETINA
H332,2915,DESPRENDIMIENTO SEROSO DE LA RETINA
H333,2916,DESGARRO DE LA RETINA SIN DESPRENDIMIENTO
H334,2917,DESPRENDIMIENTO DE LA RETINA POR TRACCION
H335,2918,OTROS DESPRENDIMIENTO DE LA RETINA
H340,2919,OCLUSION ARTERIAL TRANSITORIA DE LA RETINA
H341,2920,OCLUSION DE LA ARTERIA CENTRAL DE LA RETINA
H342,2921,OTRAS FORMAS DE OCLUSION DE LA ARTERIA DE LA RETINA
H348,2922,OTRAS OCLUSIONES VASCULARES RETINIANAS
H349,2923,"OCLUSION VASCULAR RETINIANA, SIN OTRA ESPECIFICACION"
H350,2924,RETINOPATIAS DEL FONDO Y CAMBIOS VASCULARES RETINIANOS
H351,2925,RETINOPATIA DE LA PREMATURIDAD
H352,2926,OTRAS RETINOPATIAS PROLIFERATIVAS
H353,2927,DEGENERACION DE LA MACULA Y DEL POLO POSTERIOR DEL OJO
H354,2928,DEGENERACION PERIFERICA DE LA RETINA
H355,2929,DISTROFIA HEREDITARIA DE LA RETINA
H356,2930,HEMORRAGIA RETINIANA
H357,2931,SEPARACION DE LAS CASPAS DE LA RETINA
H358,2932,OTROS TRASTORNOS ESPECIFICADOS DE LA RETINA
H359,2933,"TRASTORNO DE LA RETINA, NO ESPECIFICADO"
H360,2934,RETINOPATIA DIABETICA (E10-E14 CON CUARTO CARACTER COMUN .3)
H368,2935,OTROS TRASTORNOS DE LA RETINA EN ENFERMEDADES CLASIFICADAS EN OTRA PARTE
H400,2936,SOSPECHA DE GLAUCOMA
H401,2937,GLAUCOMA PRIMARIO DE ANGULO ABIERTO
H402,2938,GLAUCOMA PRIMARIO DE ANGULO CERRADO
H403,2939,GLAUCOMA SECUNDARIO A TRAUMATISMO OCULAR
H404,2940,GLAUCOMA SECUNDARIO A INFLAMACION OCULAR
H405,2941,GLAUCOMA SECUNDARIO A OTROS TRASTORNOS DEL OJO
H406,2942,GLAUCOMA SECUNDARIO A DROGAS
H408,2943,OTROS GLAUCOMAS
H409,2944,"GLAUCOMA, NO ESPECIFICADO"
H420,2945,"GLAUCOMA EN ENFERMEDADES ENDOCRINAS, NUTRICIONALES Y METABOLICAS, CLASIFICADAS EN OTRA PARTE"
H428,2946,GLAUCOMA EN OTRAS ENFERMEDADES CLASIFICADAS EN OTRA PARTE
H430,2947,PROLAPSO DEL VITREO
H431,2948,HEMORRAGIA DEL VITREO
H432,2949,DEPOSITOS CRISTALINOS EN EL CUERPO VITREO
H433,2950,OTRAS OPACIDADES VITREAS
H438,2951,OTROS TRASTORNOS DEL CUERPO VITREO
H439,2952,"TRASTORNOS DEL CUERPO VITREO, NO ESPECIFICADO"
H440,2953,ENDOFTALMITIS PURULENTA
H441,2954,OTRAS ENDOFTALMITIS
H442,2955,MIOPIA DEGENERATIVA
H443,2956,OTROS TRASTORNOS DEGENERATIVOS DEL GLOBO OCULAR
H444,2957,HIPOTONIA OCULAR
H445,2958,AFECCIONES DEGENERATIVAS DEL GLOBO OCULAR
H446,2959,RETENCION INTRAOCULAR DE CUERPO EXTRAÑO MAGNETICO (ANTIGUO)
H447,2960,RETENCION INTRAOCULAR DE CUERPO EXTRAÑO NO MAGNETICO (ANTIGUO)
H448,2961,OTROS TRASTORNOS DEL GLOBO OCULAR
H449,2962,"TRASTORNO DEL GLOBO OCULAR, NO ESPECIFICADO"
H450,2963,HEMORRAGIA DEL VITREO EN ENFERMEDADES CLASIFICADAS EN OTRA PARTE
H451,2964,ENDOFTALMITIS EN ENFERNEDADES CLASIFICADAS EN OTRA PARTE
H458,2965,OTROS TRASTORNOS DEL CUERPO VITREO Y DEL GLOBO OCULAR EN ENFERMEDADES CLASIFICADAS EN OTRA PARTE
H46,2966,NEURITIS OPTICA
H470,2967,"TRASTORNOS DEL NERVIO OPTICO, NO CLASIFICADOS EN OTRA PARTE"
H471,2968,"PAPILEDEMA, NO ESPECIFICADO"
H472,2969,ATROFIA OPTICA
H473,2970,OTROS TRASTORNOS DEL DISCO OPTICO
H474,2971,TRASTORNOS DEL QUIASMA OPTICO
H475,2972,TRASTORNOS DE OTRAS VIAS OPTICAS
H476,2973,TRASTORNOS DE LA CORTEZA VISUAL
H477,2974,"TRASTORNOS DE LAS VIAS OPTICAS, NO ESPECIFICADO"
H480,2975,ATROFIA OPTICA EN ENFERMEDADES CLASIFICADAS EN OTRA PARTE
H481,2976,NEURITIS RETROBULBAR EN ENFERMEDADES CLASIFICADAS EN OTRA PARTE
H488,2977,OTROS TRASTORNOS DEL NERVIO OPTICO Y DE LAS VIAS OPTICAS EN ENFERMEDADES CLASIFICADAS EN OTRA PARTE
H490,2978,PARALISIS DEL NERVIO MOTOR OCULAR COMUN [III PAR]
H491,2979,PARALISIS DEL NERVIO PATETICO [IV PAR]
H492,2980,PARALISIS DEL NERVIO MOTOR OCULAR EXTERNO [VI PAR]
H493,2981,OFTALMOPLEJIA TOTAL (EXTERNA)
H494,2982,OFTALMOPLEJIA EXTERNA PROGRESIVA
H498,2983,OTROS ESTRABISMOS PARALITICOS
H499,2984,"ESTRABISMO PARALITICO, NO ESPECIFICADO"
H500,2985,ESTRABISMO CONCOMITANTE CONVERGENTE
H501,2986,ESTRABISMO CONCOMITANTE DIVERGENTE
H502,2987,ESTRABISMO VERTICAL
H503,2988,HETEROTROPIA INTERMITENTE
H504,2989,OTRAS HETEROTROPIAS O LAS NO ESPECIFICADAS
H505,2990,HETEROFORIA
H506,2991,ESTRABISMO MECANICO
H508,2992,OTROS ESTRABISMOS ESPECIFICADOS
H509,2993,"ESTRABISMO, NO ESPECIFICADO"
H510,2994,PARALISIS DE LA CONJUGACION DE LA MIRADA
H511,2995,EXCESO E INSUFICIENCIA DE LA CONVERGENCIA OCULAR
H512,2996,OFTALMOPLEJIA INTERNUCLEAR
H518,2997,OTROS TRASTORNOS ESPECIFICADOS DE LOS MOVIMIENTOS BINOCULARES
H519,2998,"TRASTORNOS DEL MOVIMIENTO BINOCULAR, NO ESPECIFICADO"
H520,2999,HIPERMETROPIA
H521,3000,MIOPIA
H522,3001,ASTIGMATISMO
H523,3002,ANISOMETROPIA Y ANISEICONIA
H524,3003,PRESBICIA
H525,3004,TRASTORNOS DE LA ACOMODACION
H526,3005,OTROS TRASTORNOS DE LA REFRACCION
H527,3006,"TRASTORNO DE LA REFRACCION, NO ESPECIFICADO"
H530,3007,AMBLIOPIA EX ANOPSIA
H531,3008,ALTERACIONES VISUALES SUBJETIVAS
H532,3009,DIPLOPIA
H533,3010,OTROS TRASTORNOS DE LA VISION BINOCULAR
H534,3011,DEFECTOS DEL CAMPO VISUAL
H535,3012,DEFICIENCIAS DE LA VISION CROMATICA
H536,3013,CEGUERA NOCTURNA
H538,3014,OTRAS ALTERACIONES VISUALES
H539,3015,"ALTERACION VISUAL, NO ESPECIFICADA"
H540,3016,CEGUERA DE AMBOS OJOS
H541,3017,"CEGUERA DE UN OJO, VISION SUBNORMAL DEL OTRO"
H542,3018,VISION SUBNORMAL DE AMBOS OJOS
H543,3019,DISMINUCION INDETERMINADA DE LA AGUDEZA VISUAL EN AMBOS OJOS
H544,3020,CEGUERA DE UN OJO
H545,3021,VISION SUBNORMAL DE UN OJO
H546,3022,DISMINUCION INDETERMINADA DE LA AGUDEZA VISUAL DE UN OJO
H547,3023,"DISMINUCION DE LA AGUDEZA VISUAL, SIN ESPECIFICACION"
H55,3024,NISTAGMO Y OTROS MOVIMIENTOS OCULARES IRREGULARES
H570,3025,ANOMALIAS DE LA FUNCION PUPILAR
H571,3026,DOLOR OCULAR
H578,3027,OTROS TRASTORNOS ESPECIFICADOS DEL OJO Y SUS ANEXOS
H579,3028,"TRASTORNO DEL OJO Y SUS ANEXOS, NO ESPECIFICADO"
H580,3029,ANOMALIAS DE LA FUNCION PUPILAR EN ENFERMEDADES CLASIFICADAS EN OTRA PARTE
H581,3030,ALTERACIONES DE LA VISION EN ENFERMEDADES CLASIFICADAS EN OTRA PARTE
H588,3031,OTROS TRASTORNOS ESPECIFICADOS DEL OJO EN ENFERMEDADES CLASIFICADAS EN OTRA PARTE
H590,3032,SINDROME VITREO CONSECUTIVO A CIRUGIA DE CATARATA
H598,3033,"OTROS TRASTORNOS DEL OJO Y SUS ANEXOS, CONSECUTIVOS A PROCEDIMIENTOS"
H599,3034,"TRASTORNO NO ESPECIFICADO DEL OJO Y SUS ANEXOS, CONSECUTIVO A PROCEDIMIENTOS"
H600,3035,ABSCESO DEL OIDO EXTERNO
H601,3036,CELULITIS DEL OIDO EXTERNO
H602,3037,OTITIS EXTERNA MALIGNA
H603,3038,OTRAS OTITIS EXTERNAS INFECCIOSAS
H604,3039,COLESTEATOMA DEL OIDO EXTERNO
H605,3040,"OTITIS EXTERNA AGUDA, NO INFECCIOSA"
H608,3041,OTRAS OTITIS EXTERNAS
H609,3042,"OTITIS EXTERNA, SIN OTRA ESPECIFICACION"
H610,3043,PERICONDRITIS DEL OIDO EXTERNO
H611,3044,AFECCIONES NO INFECCIOSAS DEL PABELLON AUDITIVO
H612,3045,CERUMEN IMPACTADO
H613,3046,ESTENOSIS ADQUIRIDA DEL CONDUCTO AUDITIVO EXTERNO
H618,3047,OTROS TRASTORNOS ESPECIFICADOS DEL OIDO EXTERNO
H619,3048,"TRASTORNO DEL OIDO EXTERNO, NO ESPECIFICADO"
H620,3049,OTITIS EXTERNA EN ENFERMEDADES BACTERIANAS CLASIFICADAS EN OTRA PARTE
H621,3050,OTITIS EXTERNA EN ENFERMEDADES VIRALES CLASIFICADAS EN OTRA PARTE
H622,3051,OTITIS EXTERNA EN MICOSIS
H623,3052,OTITIS EXTERNA EN OTRAS ENFERMEDADES INFECCIOSAS Y PARASITARIAS CLASIFICADAS EN OTRA PATE
H624,3053,OTITIS EXTERNA EN OTRAS ENFERMEDADES CLASIFICADAS EN OTRA PATE
H628,3054,OTROS TRASTORNOS DEL OIDO EXTERNO EN ENFERMEDADES CLASIFICADAS EN OTRA PARTE
H650,3055,OTITIS MEDIA AGUDA SEROSA
H651,3056,"OTRA OTITIS MEDIA AGUDA, NO SUPURATIVA"
H652,3057,OTITIS MEDIA CRONICA SEROSA
H653,3058,OTITIS MEDIA CRONICA MUCOIDE
H654,3059,OTRAS OTITIS MEDIAS CRONICAS NO SUPURATIVAS
H659,3060,"OTITIS MEDIA NO SUPURATIVA, SIN OTRA ESPECIFICACION"
H660,3061,OTITIS MEDIA SUPURATIVA AGUDA
H661,3062,OTITIS MEDIA TUBOTIMPANICA SUPURATIVA CRONICA
H662,3063,OTITIS MEDIA SUPURATIVA CRONICA ATICOANTRAL
H663,3064,OTRAS OTITIS MEDIAS CRONICAS SUPURATIVAS
H664,3065,"OTITIS MEDIA SUPURATIVA, SIN OTRA ESPECIFICACION"
H669,3066,"OTITIS MEDIA, NO ESPECIFICADA"
H670,3067,OTITIS MEDIA EN ENFERMEDADES BACTERIANAS CLASIFICADAS EN OTRA PARTE
H671,3068,OTITIS MEDIA EN ENFERMEDADES VIRALES CLASIFICADAS EN OTRA PARTE
H678,3069,OTITIS MEDIA EN OTRAS ENFERMEDADES CLASIFICADAS EN OTRA PARTE
H680,3070,SALPINGITIS EUSTAQUIANA
H681,3071,OBSTRUCCION DE LA TROMPA DE EUSTAQUIO
H690,3072,DISTENSION DE LA TROMPA DE EUSTAQUIO
H698,3073,OTROS TRASTORNOS ESPECIFICADOS DE LA TROMPA DE EUSTAQUIO
H699,3074,"TRASTORNO DE LA TROMPA DE EUSTAQUIO, NO ESPECIFICADO"
H700,3075,MASTOIDITIS AGUDA
H701,3076,MASTOIDITIS CRONICA
H702,3077,PETROSITIS
H708,3078,OTRAS MASTOIDITIS Y AFECCIONES RELACIONADAS
H709,3079,"MASTOIDITIS, NO ESPECIFICADA"
H71,3080,COLESTEATOMA DEL OIDO MEDIO
H720,3081,PERFORACION CENTRAL DE LA MEMBRANA TIMPANICA
H721,3082,PERFORACION ATICA DE LA MEMBRANA TIMPANICA
H722,3083,OTRAS PERFORACIONES MARGINALES DE LA MEMBRANA TIMPANICA
H728,3084,OTRAS PERFORACIONES DE LA MEMBRANA TIMPANICA
H729,3085,"PERFORACION DE LA MEMBRANA TIMPANICA, SIN OTRA ESPECIFICACION"
H730,3086,MIRINGITIS AGUDA
H731,3087,MIRINGITIS CRONICA
H738,3088,OTROS TRASTORNOS ESPECIFICADOS DE LA MEMBRANA TIMPANICA
H739,3089,"TRASTORNO DE LA MEMBRANA TIMPANICA, NO ESPECIFICADO"
H740,3090,TIMPANOSCLEROSIS
H741,3091,ENFERMEDAD ADHESIVA DEL OIDO MEDIO
H742,3092,DISCONTINUIDAD Y DISLOCACION DE LOS HUESECILLOS DEL OIDO
H743,3093,OTRAS ANORMALIDADES ADQUIRIDAS DE LOS HUESECILLOS DEL OIDO
H744,3094,POLIPO DEL OIDO MEDIO
H748,3095,OTROS TRASTORNOS ESPECIFICADOS DEL OIDO MEDIO Y DE LA APOFISIS MASTOIDES
H749,3096,"TRASTORNO DEL OIDO MEDIO Y DE LA APOFISIS MASTOIDES, NO ESPECIFICADO"
H750,3097,MASTOIDITIS EN ENFERMEDADES INFECCIOSAS Y PARASITARIAS CLASIFICADAS EN OTRA PARTE
H758,3098,OTROS TRASTORNOS ESPECIFICADOS DEL OIDO MEDIO Y DE LA APOFISIS MASTOIDES EN ENFERMEDADES CLASIFICADAS EN OTRA PARTE
H800,3099,"OTOSCLEROSIS QUE AFECTA LA VENTANA OVAL, NO OBLITERANTE"
H801,3100,"OTOSCLEROSIS QUE AFECTA LA VENTANA OVAL, OBLITERANTE"
H802,3101,OSTOSCLEROSIS COCLEAR
H808,3102,OTRAS OTOSCLEROSIS
H809,3103,"OTOSCLEROSIS, NO ESPECIFICADA"
H810,3104,ENFERMEDAD DE MENIERE
H811,3105,VERTIGO PAROXISTICO BENIGNO
H812,3106,NEURONITIS VESTIBULAR
H813,3107,OTROS VERTIGOS PERIFERICOS
H814,3108,VERTIGO DE ORIGEN CENTRAL
H818,3109,OTROS TRASTORNOS DE LA FUNCION VESTIBULAR
H819,3110,"TRASTORNO DE LA FUNCION VESTIBULAR, NO ESPECIFICADO"
H82,3111,SINDROMES VERTIGINOSOS EN ENFERMEDADES CLASIFICADAS EN OTRA PARTE
H830,3112,LABERINTITIS
H831,3113,FISTULA DEL LABERINTO
H832,3114,DISFUNCION DEL LABERINTO
H833,3115,EFECTOS DEL RUIDO SOBRE EL OIDO INTERNO
H838,3116,OTROS TRASTORNOS ESPECIFICADOS DEL OIDO INTERNO
H839,3117,"TRASTORNO DEL OIDO INTERNO, NO ESPECIFICADO"
H900,3118,HIPOACUSIA CONDUCTIVA BILATERAL
H901,3119,"HIPOACUSIA CONDUCTIVA, UNILATERAL CON AUDICION IRRESTRICTA CONTRALATERAL"
H902,3120,"HIPOACUSIA CONDUCTIVA, SIN OTRA ESPECIFICACION"
H903,3121,"HIPOACUSIA NEUROSENSORIAL, BILATERAL"
H904,3122,"HIPOACUSIA NEUROSENSORIAL, UNILATERAL CON AUDICION IRRESTRICTA CONTRALATERAL"
H905,3123,"HIPOACUSIA NEUROSENSORIAL, SIN OTRA ESPECIFICACION"
H906,3124,"HIPOACUSIA MIXTA CONDUCTIVA Y NEUROSENSORIAL, BILATERAL"
H907,3125,"HIPOACUSIA MIXTA CONDUCTIVA Y NEUROSENSORIAL, UNILATERAL CON AUDICION IRRESTRICTA CONTRALATERAL"
H908,3126,"HIPOACUSIA MIXTA CONDUCTIVA Y NEUROSENSORIAL, NO ESPECIFICADA"
H910,3127,HIPOACUSIA OTOTOXICA
H911,3128,PRESBIACUSIA
H912,3129,HIPOACUSIA SUBIDA IDIOPATICA
H913,3130,"SORDOMUDEZ, NO CLASIFICADA EN OTRA PARTE"
H918,3131,OTRAS HIPOACUSIAS ESPECIFICADAS
H919,3132,"HIPOACUSIA, NO ESPECIFICADA"
H920,3133,OTALGIA
H921,3134,OTORREA
H922,3135,OTORRAGIA
H930,3136,TRASTORNOS DEGENERATIVOS Y VASCULARES DEL OIDO
H931,3137,TINNITUS
H932,3138,OTRAS PERCEPCIONES AUDITIVAS ANORMALES
H933,3139,TRASTORNOS DEL NERVIO AUDITIVO
H938,3140,OTROS TRASTORNOS ESPECIFICADOS DEL OIDO
H939,3141,"TRASTORNO DEL OIDO, NO ESPECIFICADO"
H940,3142,NEURITIS DEL NERVIO AUDITIVO EN ENFERMEDADES INFECCIOSAS Y PARASITARIAS CLASIFICADAS EN OTRA PARTE
H948,3143,OTROS TRASTORNOS DEL OIDO EN ENFERMEDADES CLASIFICADAS EN OTRA PARTE
H950,3144,COLESTEATOMA RECURRENTE DE LA CAVIDAD RESULTANTE DE LA MASTOIDECTOMIA
H951,3145,OTROS TRASTORNOS POSTERIORES A LA MASTOIDECTOMIA
H958,3146,"OTROS TRASTORNOS DEL OIDO Y DE LA APOFISIS MASTOIDES, CONSECUTIVOS A PROCEDIMIENTOS"
H959,3147,"TRASTORNOS NO ESPECIFICADOS DEL OIDO Y DE LA APOFISIS MASTOIDES, CONSECUTIVOS A PROCEDIMIENTOS"
I00,3148,FIEBRE REUMATICA SIN MENCION DE COMPLICACION CARDIACA
I010,3149,PERICARDITIS REUMATICA AGUDA
I011,3150,ENDOCARDITIS REUMATICA AGUDA
I012,3151,MIOCARDITIS REUMATICA AGUDA
I018,3152,OTRAS ENFERMEDADES REUMATICAS AGUDAS DEL CORAZON
I019,3153,"ENFERMEDAD REUMATICA AGUDA DEL CORAZON, NO ESPECIFICADA"
I020,3154,COREA REUMATICA CON COMPLICACION CARDIACA
I029,3155,COREA REUMATICA SIN MENCION DE COMPLICACION CARDIACA
I050,3156,ESTENOSIS MITRAL
I051,3157,INSUFICIENCIA MITRAL REUMATICA
I052,3158,ESTENOSIS MITRAL CON INSUFICIENCIA
I058,3159,OTRAS ENFERMEDADES DE LA VALVULA MITRAL
I059,3160,"ENFERMEDAD VALVULAR MITRAL, NO ESPECIFICADA"
I060,3161,ESTENOSIS AORTICA REUMATICA
I061,3162,INSUFICIENCIA AORTICA REUMATICA
I062,3163,INSUFICIENCIA AORTICA REUMATICA CON INSUFICIENCIA
I068,3164,OTRAS ENFERMEDADES REUMATICAS DE LA VALVULA AORTICA
I069,3165,"ENFERMEDAD VALVULAR AORTICA REUMATICA, NO ESPECIFICADA"
I070,3166,ESTENOSIS TRICUSPIDE
I071,3167,INSUFICIENCIA TRICUSPIDE
I072,3168,ESTENOSIS E INSUFICIENCIA TRICUSPIDE
I078,3169,OTRAS ENFERMEDADES DE LA VALVULA TRICUSPIDE
I079,3170,"ENFERMEDAD DE LA VALVULA TRICUSPIDE, NO ESPECIFICADA"
I080,3171,TRASTORNOS DE LAS VALVULAS MITRAL Y AORTICA
I081,3172,TRASTORNOS DE LAS VALVULAS MITRAL Y TRICUSPIDE
I082,3173,TRASTORNOS DE LAS VALVULAS AORTICA Y TRICUSPIDE
I083,3174,"TRASTORNOS COMBINADOS DE LAS VALVULAS MITRAL, TRICUSPIDE Y AORTICA"
I088,3175,OTRAS ENFERMEDADES DE MULTIPLES VALVULAS
I089,3176,"ENFERMEDAD DE MULTIPLES VALVULAS, NO ESPECIFICADA"
I090,3177,MIOCARDITIS REUMATICA
I091,3178,"ENFERMEDADES REUMATICAS DEL ENDOCARDIO, VALVULA NO ESPECIFICADA"
I092,3179,PERICARDITIS REUMATICA CRONICA
I098,3180,OTRAS ENFERMEDADES REUMATICAS ESPECIFICADAS DEL CORAZON
I099,3181,"ENFERMEDAD REUMATICA DEL CORAZON, NO ESPECIFICADA"
I10,3182,HIPERTENSION ESENCIAL (PRIMARIA)
I110,3183,ENFERMEDAD CARDIACA HIPERTENSIVA CON INSUFICIENCIA CARDIACA (CONGESTIVA)
I119,3184,ENFERMEDAD CARDIACA HIPERTENSIVA SIN INSUFICIENCIA CARDIACA (CONGESTIVA)
I120,3185,ENFERMEDAD RENAL HIPERTENSIVA CON INSUFICIENCIA RENAL
I129,3186,ENFERMEDAD RENAL HIPERTENSIVA SIN INSUFICIENCIA RENAL
I130,3187,ENFERMEDAD CARDIORRENAL HIPERTENSIVA CON INSUFICIENCIA CARDIACA (CONGESTIVA)
I131,3188,ENFERMEDAD CARDIORRENAL HIPERTENSIVA CON INSUFICIENCIA RENAL
I132,3189,ENFERMEDAD CARDIORRENAL HIPERTENSIVA CON INSUFICIENCIA CARDIACA (CONGESTIVA) E INSUFICIENCIA RENAL
I139,3190,"ENFERMEDAD CARDIORRENAL HIPERTENSIVA, NO ESPECIFICADA"
I150,3191,HIPERTENSION RENOVASCULAR
I151,3192,HIPERTENSION SECUNDARIA A OTROS TRASTORNOS RENALES
I152,3193,HIPERTENSION SECUNDARIA A TRASTORNOS ENDOCRINOS
I158,3194,OTROS TIPOS DE HIPERTENSION SECUNDARIA
I159,3195,"HIPERTENSION SECUNDARIA, NO ESPECIFICADA"
I200,3196,ANGINA INESTABLE
I201,3197,ANGINA DE PECHO CON ESPASMO DOCUMENTADO
I208,3198,OTRAS FORMAS ESPECIFICADAS DE ANGINA DE PECHO
I209,3199,"ANGINA DE PECHO, NO ESPECIFICADA"
I210,3200,INFARTO TRANSMURAL AGUDO DEL MIOCARDIO DE LA PARED ANTERIOR
I211,3201,INFARTO TRANSMURAL AGUDO DEL MIOCARDIO DE LA PARED INFERIOR
I212,3202,INFARTO AGUDO TRANSMURAL DEL MIOCARDIO DE OTROS SITIOS
I213,3203,"INFARTO TRANSMURAL AGUDO DEL MIOCARDIO, DE SITIO NO ESPECIFICADO"
I214,3204,INFARTO SUBENDOCARDICO AGUDO DEL MIOCARDIO
I219,3205,"INFARTO AGUDO DEL MIOCARDIO, SIN OTRA ESPECIFICACION"
I220,3206,INFARTO SUBSECUENTE DEL MIOCARDIO DE LA PARED ANTERIOR
I221,3207,INFARTO SUBSECUENTE DEL MIOCARDIO DE LA PARED INFERIOR
I228,3208,INFARTO SUBSECUENTE DEL MIOCARDIO DE OTROS SITIOS
I229,3209,INFARTO SUBSECUENTE DEL MIOCARDIO DE PARTE NO ESPECIFICADA
I230,3210,HEMOPERICARDIO COMO COMPLICACION PRESENTE POSTERIOR AL INFARTO AGUDO DEL MIOCARDIO
I231,3211,DEFECTO DEL TABIQUE AURICULAR COMO COMPLICACION PRESENTE POSTERIOR AL INFARTO DEL MIOCARDIO
I232,3212,DEFECTO DEL TABIQUE VENTRICULAR COMO COMPLICACION PRESENTE POSTERIOR AL INFARTO DEL MIOCARDIO
I233,3213,RUPTURA DE LA PARED CARDIACA SIN HEMOPERICARDIO COMO COMPILACION PRESENTE POSTERIOR AL INFARTO AGUDO DEL MIOCARDIO
I234,3214,RUPTURA DE LAS CUERDAS TENDINOSAS COMO COMPLICACION PRESENTE POSTERIOR AL INFARTO AGUDO DEL MIOCARDIO
I235,3215,RUPTURA DE MUSCULO PAPILAR COMO COMPLICACION PRESENTE POSTERIOR AL INFARTO AGUDO DEL MIOCARDIO
I236,3216,"TROMBOSIS DE LA AURICULA, APENDICE AURICULAR Y VENTRICULO COMO COMPLICACION PRESENTE POSTERIOR AL INFARTO AGUDO DEL MIOCARDIO"
I238,3217,OTRAS COMPLICACIONES PRESENTES POSTERIORES AL INFARTO AGUDO DEL MIOCARDIO
I240,3218,TROMBOSIS CORONARIA QUE NO RESULTA EN INFARTO DEL MIOCARDIO
I241,3219,SINDROME DE DRESSLER
I248,3220,OTRAS FORMAS DE ENFERMEDAD ISQUEMICA AGUDA DEL CORAZON
I249,3221,"ENFERMEDAD ISQUEMICA AGUDA DEL CORAZON, NO ESPECIFICADA"
I250,3222,"ENFERMEDAD CARDIOVASCULAR ATEROSCLEROTICA, ASI DESCRITA"
I251,3223,ENFERMEDAD ATEROSCLEROTICA DEL CORAZON
I252,3224,INFARTO ANTIGUO DEL MIOCARDIO
I253,3225,ANEURISMA CARDIACO
I254,3226,ANEURISMA DE ARTERIA CORONARIA
I255,3227,CARDIOMIOPATIA ISQUEMICA
I256,3228,ISQUEMIA SILENTE DEL MIOCARDIO
I258,3229,OTRAS FORMAS DE ENFERMEDAD ISQUEMICA CRONICA DEL CORAZON
I259,3230,"ENFERMEDAD ISQUEMIA CRONICA DEL CORAZON, NO ESPECIFICADA"
I260,3231,EMBOLIA PULMONAR CON MENCION DE CORAZON PULMONAR AGUDO
I269,3232,EMBOLIA PULMONAR SIN MENCION DE CORAZON PULMONAR AGUDO
I270,3233,HIPERTENSION PULMONAR PRIMARIA
I271,3234,ENFERMEDAD CIFOSCOLIOTICA DEL CORAZON
I272,3235,OTRAS HIPERTENSIONES PULMONARES SECUNDARIAS
I278,3236,OTRAS ENFERMEDADES CARDIOPULMONARES ESPECIFICADAS
I279,3237,"ENFERMEDAD PULMONAR DEL CORAZON, NO ESPECIFICADA"
I280,3238,FISTULA ARTERIOVENOSA DE LOS VASOS PULMONARES
I281,3239,ANEURISMA DE LA ARTERIA PULMONAR
I288,3240,OTRAS ENFERMEDADES ESPECIFICADAS DE LOS VASOS PULMONARES
I289,3241,"ENFERMEDAD DE LOS VASOS PULMONARES, NO ESPECIFICADA"
I300,3242,PERICARDITIS IDIOPATICA AGUDA INESPECIFICA
I301,3243,PERICARDITIS INFECCIOSA
I308,3244,OTRAS FORMAS DE PERICARDITIS AGUDA
I309,3245,"PERICARDITIS AGUDA, NO ESPECIFICADA"
I310,3246,PERICARDITIS CRONICA ADHESIVA
I311,3247,PERICARDITIS CONSTRICTIVA CRONICA
I312,3248,"HEMOPERICARDIO, NO CLASIFICADO EN OTRA PARTE"
I313,3249,DERRAME PERICARDICO (NO INFLAMATORIO)
I318,3250,OTRAS ENFERMEDADES ESPECIFICADAS DEL PERICARDIO
I319,3251,"ENFERMEDAD DEL PERICARDIO, NO ESPECIFICADA"
I320,3252,PERICARDITIS EN ENFERMEDADES BACTERIANAS CLASIFICADAS EN OTRA PARTE
I321,3253,PERICARDITIS EN OTRAS ENFERMEDADES INFECCIOSAS Y PARASITARIAS CLASIFICADAS EN OTRA PARTE
I328,3254,PERICARDITIS EN OTRAS ENFERMEDADES CLASIFICADAS EN OTRA PARTE
I330,3255,ENDOCARDITIS INFECCIOSA AGUDA Y SUBAGUDA
I339,3256,"ENDOCARDITIS AGUDA, NO ESPECIFICADA"
I340,3257,INSUFICIENCIA (DE LA VALVULA) MITRAL
I341,3258,PROLAPSO (DE LA VALVULA) MITRAL
I342,3259,"ESTENOSIS (DE LA VALVULA) MITRAL, NO REUMATICA"
I348,3260,OTROS TRASTORNOS NO REUMATICOS DE LA VALVULA MITRAL
I349,3261,"TRASTORNO MITRAL NO REUMATICO, NO ESPECIFICADO"
I350,3262,ESTENOSIS (DE LA VALVULA) AORTICA
I351,3263,INSUFICIENCIA (DE LA VALVULA) AORTICA
I352,3264,ESTENOSIS (DE LA VALVULA) AORTICA CON INSUFICIENCIA
I358,3265,OTROS TRASTORNOS DE LA VALVULA AORTICA
I359,3266,"TRASTORNO DE LA VALVULA AORTICA, NO ESPECIFICADO"
I360,3267,ESTENOSIS NO REUMATICA (DE LA VALVULA) TRICUSPIDE)
I361,3268,INSUFICIENCIA NO REUMATICA (DE LA VALVULA) TRICUSPIDE
I362,3269,ESTENOSIS CON INSUFICIENCIA NO REUMATICA (DE LA VALVULA) TRICUSPIDE
I368,3270,OTROS TRASTORNOS NO REUMATICOS DE LA VALVULA TRICUSPIDE
I369,3271,"TRASTORNO NO REUMATICO DE LA VALVULA TRICUSPIDE, NO ESPECIFICADO"
I370,3272,ESTENOSIS DE LA VALVULA PULMONAR
I371,3273,INSUFICIENCIA DE LA VALVULA PULMONAR
I372,3274,ESTENOSIS DE LA VALVULA PULMONAR CON INSUFICIENCIA
I378,3275,OTROS TRASTORNOS DE LA VALVULA PULMONAR
I379,3276,"TRASTORNO DE LA VALVULA PULMONAR, NO ESPECIFICADO"
I38,3277,"ENDOCARDITIS, VALVULA NO ESPECIFICADA"
I390,3278,TRASTORNOS DE LA VALVULA MITRAL EN ENFERMEDADES CLASIFICADAS EN OTRA PARTE
I391,3279,TRASTORNOS DE LA VALVULA AORTICA EN ENFERMEDADES CLASIFICADAS EN OTRA PARTE
I392,3280,TRASTORNOS DE LA VALVULA TRICUSPIDE EN ENFERMEDADES CLASIFICADAS EN OTRA PARTE
I393,3281,TRASTORNOS DE LA VALVULA PULMONAR EN ENFERMEDADES CLASIFICADAS EN OTRA PARTE
I394,3282,TRASTORNOS DE LA VALVULARES MULTIPLES EN ENFERMEDADES CLASIFICADAS EN OTRA PARTE
I398,3283,"ENDOCARDITIS, VALVULA NO ESPECIFICADA, EN ENFERMEDADES CLASIFICADAS EN OTRA PARTE"
I400,3284,MIOCARDITIS INFECCIOSA
I401,3285,MIOCARDITIS AISLADA
I408,3286,OTRAS MIOCARDITIS AGUDAS
I409,3287,"MIOCARDITIS AGUDA, NO ESPECIFICADA"
I410,3288,MIOCARDITIS EN ENFERMEDADES BACTERIANAS CLASIFICADAS EN OTRA PARTE
I411,3289,MIOCARDITIS EN ENFERMEDADES VIRALES CLASIFICADAS EN OTRA PARTE
I412,3290,MIOCARDITIS EN OTRAS ENFERMEDADES INFECCIOSAS Y PARASITARIAS CLASIFICADAS EN OTRA PARTE
I418,3291,MIOCARDITIS EN OTRAS ENFERMEDADES CLASIFICADAS EN OTRA PARTE
I420,3292,CARDIOMIOPATIA DILATADA
I421,3293,CARDIOMIOPATIA HIPERTROFICA OBSTRUCTIVA
I422,3294,OTRAS CARDIOMIOPATIA HIPERTROFICAS
I423,3295,ENFERMEDAD ENDOMIOCARDICA (EOSINOFILICA)
I424,3296,FIBROELASTOSIS ENDOCARDICA
I425,3297,OTRAS CARDIOMIOPATIAS RESTRICTIVAS
I426,3298,CARDIOMIOPATIA ALCOHOLICA
I427,3299,CARDIOMIOPATIA DEBIDA A DROGAS Y A OTROS AGENTES EXTERNOS
I428,3300,OTRAS CARDIOMIOPATIA
I429,3301,"CARDIOMIOPATIA, NO ESPECIFICADA"
I430,3302,CARDIOMIOPATIA EN ENFERMEDADES INFECCIOSAS Y PARASITARIAS CLASIFICADAS EN OTRA PARTE
I431,3303,CARDIOMIOPATIA EN ENFERMEDADES METABOLICAS
I432,3304,CARDIOMIOPATIA EN ENFERMEDADES NUTRICIONALES
I438,3305,CARDIOMIOPATIA EN OTRAS ENFERMEDADES CLASIFICADAS EN OTRA PARTE
I440,3306,BLOQUEO AURICULOVENTRICULAR DE PRIMER GRADO
I441,3307,BLOQUEO AURICULOVENTRICULAR DE SEGUNDO GRADO
I442,3308,BLOQUEO AURICULOVENTRICULAR COMPLETO
I443,3309,OTROS TIPOS DE BLOQUEO AURICULOVENTRICULAR Y LOS NO ESPECIFICADOS
I444,3310,BLOQUEO FASCICULAR ANTERIOR IZQUIERDO
I445,3311,BLOQUEO FASCICULAR POSTERIOR IZQUIERDO
I446,3312,OTROS TIPOS DE BLOQUEO FASCICULAR Y LOS NO ESPECIFICADOS
I447,3313,"BLOQUEO DE RAMA IZQUIERDA DEL HAZ, SIN OTRA ESPECIFICACION"
I450,3314,BLOQUEO FASCICULAR DERECHO
I451,3315,OTROS TIPOS DE BLOQUEO DE RAMA DERECHA DEL HAZ Y LOS NO ESPECIFICADOS
I452,3316,BLOQUEO BIFASCICULAR
I453,3317,BLOQUEO TRIFASCICULAR
I454,3318,BLOQUEO INTRAVENTRICULAR NO ESPECIFICADO
I455,3319,OTROS TIPOS ESPECIFICADOS DE BLOQUEO DEL CORAZON
I456,3320,SINDROME DE PREEXCITACION
I458,3321,OTROS TRASTORNOS ESPECIFICADOS DE LA CONDUCCION
I459,3322,"TRASTORNO DE LA CONDUCCION, NO ESPECIFICADO"
I460,3323,PARO CARDIACO CON RESUCITACION EXITOSA
I461,3324,"MUERTE CARDIACA SUBITA, ASI DESCRITA"
I469,3325,"PARO CARDIACO, NO ESPECIFICADO"
I470,3326,ARRITMIA POR REENTRADA VENTRICULAR
I471,3327,TAQUICARDIA SUPRAVENTRICULAR
I472,3328,TAQUICARDIA VENTRICULAR
I479,3329,"TAQUICARDIA PAROXISTICA, NO ESPECIFICADA"
I48,3330,FIBRILACION Y ALETEO AURICULAR
I490,3331,FIBRILACION Y ALETEO VENTRICULAR
I491,3332,DESPOLARIZACION AURICULAR PREMATURA
I492,3333,DESPOLARIZACION PREMATURA NODAL
I493,3334,DESPOLARIZACION VENTRICULAR PREMATURA
I494,3335,OTROS TIPOS DE DESPOLARIZACION PREMATURA Y LOS NO ESPECIFICADOS
I495,3336,SINDROME DEL SENO ENFERMO
I498,3337,OTRAS ARRITMIAS CARDIACAS ESPECIFICADAS
I499,3338,"ARRITMIA CARDIACA, NO ESPECIFICADA"
I500,3339,INSUFICIENCIA CARDIACA CONGESTIVA
I501,3340,INSUFICIENCIA VENTRICULAR IZQUIERDA
I509,3341,"INSUFICIENCIA CARDIACA, NO ESPECIFICADA"
I510,3342,"DEFECTO DEL TABIQUE CARDIACO, ADQUIRIDO"
I511,3343,"RUPTURA DE CUERDA TENDINOSA, NO CLASIFICADA EN OTRA PARTE"
I512,3344,"RUPTURA DEL MUSCULO PAPILAR, NO CLASIFICADA EN OTRA PARTE"
I513,3345,"TROMBOSIS INTRACARDIACA, NO CLASIFICADA EN OTRA PARTE"
I514,3346,"MIOCARDITIS, NO ESPECIFICADA"
I515,3347,DEGENERACION MIOCARDICA
I516,3348,"ENFERMEDAD CARDIOVASCULAR, NO ESPECIFICADA"
I517,3349,CARDIOMEGALIA
I518,3350,OTRAS ENFERMEDADES CARDIACAS MAL DEFINIDAS
I519,3351,"ENFERMEDAD CARDIACA, NO ESPECIFICADA"
I520,3352,OTROS TRASTORNOS CARDIACOS EN ENFERMEDADES BACTERIANAS CLASIFICADAS EN OTRA PARTE
I521,3353,OTROS TRASTORNOS CARDIACOS EN OTRAS ENFERMEDADES INFECCIOSAS Y PARASITARIAS CLASIFICADAS EN OTRA PARTE
I528,3354,OTROS TRASTORNOS CARDIACOS EN OTRAS ENFERMEDADES CLASIFICADAS EN OTRA PARTE
I600,3355,HEMORRAGIA SUBARACNOIDEA DE SIFON Y BIFURCACION CAROTIDEA
I601,3356,HEMORRAGIA SUBARACNOIDEA DE ARTERIA CEREBRAL MEDIA
I602,3357,HEMORRAGIA SUBARACNOIDEA DE ARTERIA COMUNICANTE ANTERIOR
I603,3358,HEMORRAGIA SUBARACNOIDEA DE ARTERIA COMUNICANTE POSTERIOR
I604,3359,HEMORRAGIA SUBARACNOIDEA DE ARTERIA BASILAR
I605,3360,HEMORRAGIA SUBARACNOIDEA DE ARTERIA VERTEBRAL
I606,3361,HEMORRAGIA SUBARACNOIDEA DE OTRAS ARTERIAS INTRACRANEALES
I607,3362,HEMORRAGIA SUBARACNOIDEA DE ARTERIA INTRACRANEAL NO ESPECIFICADA
I608,3363,OTRAS HEMORRAGIAS SUBARACNOIDEAS
I609,3364,"HEMORRAGIA SUBARACNOIDEA, NO ESPECIFICADA"
I610,3365,"HEMORRAGIA INTRACEREBRAL EN HEMISFERIO, SUBCORTICAL"
I611,3366,"HEMORRAGIA INTRACEREBRAL EN HEMISFERIO, CORTICAL"
I612,3367,"HEMORRAGIA INTRACEREBRAL EN HEMISFERIO, NO ESPECIFICADA"
I613,3368,HEMORRAGIA INTRAENCEFALICA EN TALLO CEREBRAL
I614,3369,HEMORRAGIA INTRAENCEFALICA EN CEREBELO
I615,3370,"HEMORRAGIA INTRAENCEFALICA, INTRAVENTRICULAR"
I616,3371,HEMORRAGIA INTRAENCEFALICA DE LOCALIZACIONES MULTIPLES
I618,3372,OTRAS HEMORRAGIAS INTRAENCEFALICAS
I619,3373,"HEMORRAGIA INTRAENCEFALICA, NO ESPECIFICADA"
I620,3374,HEMORRAGIA SUBDURAL (AGUDA) (NO TRAUMATICA)
I621,3375,HEMORRAGIA EXTRADURAL NO TRAUMATICA
I629,3376,"HEMORRAGIA INTRACRANEAL (NO TRAUMATICA), NO ESPECIFICADA"
I630,3377,INFARTO CEREBRAL DEBIDO A TROMBOSIS DE ARTERIAS PRECEREBRALES
I631,3378,INFARTO CEREBRAL DEBIDO A EMBOLIA DE ARTERIAS PRECEREBRALES
I632,3379,INFARTO CEREBRAL DEBIDO A OCLUSION O ESTENOSIS NO ESPECIFICADA DE ARTERIAS PRECEREBRALES
I633,3380,INFARTO CEREBRAL DEBIDO A TROMBOSIS DE ARTERIAS CEREBRALES
I634,3381,INFARTO CEREBRAL DEBIDO A EMBOLIA DE ARTERIAS CEREBRALES
I635,3382,INFARTO CEREBRAL DEBIDO A OCLUSION O ESTENOSIS NO ESPECIFICADA DE ARTERIAS CEREBRALES
I636,3383,"INFARTO CEREBRAL DEBIDO A TROMBOSIS DE VENAS CEREBRALES, NO PIOGENO"
I638,3384,OTROS INFARTOS CEREBRALES
I639,3385,"INFARTO CEREBRAL, NO ESPECIFICADO"
I64,3386,"ACCIDENTE VASCULAR ENCEFALICO AGUDO, NO ESPECIFICADO COMO HEMORRAGICO O ISQUEMICO"
I650,3387,OCLUSION Y ESTENOSIS DE ARTERIA VERTEBRAL
I651,3388,OCLUSION Y ESTENOSIS DE ARTERIA BASILAR
I652,3389,OCLUSION Y ESTENOSIS DE ARTERIA CAROTIDA
I653,3390,OCLUSION Y ESTENOSIS MULTIPLE BILATERAL DE ARTERIAS PRECEREBRALES
I658,3391,OCLUSION Y ESTENOSIS DE OTRAS ARTERIAS PRECEREBRALES
I659,3392,OCLUSION Y ESTENOSIS DE ARTERIA PRECEREBRAL NO ESPECIFICADA
I660,3393,OCLUSION Y ESTENOSIS DE LA ARTERIA CEREBRAL MEDIA
I661,3394,OCLUSION Y ESTENOSIS DE LA ARTERIA CEREBRAL ANTERIOR
I662,3395,OCLUSION Y ESTENOSIS DE LA ARTERIA CEREBRAL POSTERIOR
I663,3396,OCLUSION Y ESTENOSIS DE ARTERIAS CEREBELOSAS
I664,3397,OCLUSION Y ESTENOSIS MULTIPLE BILATERAL DE ARTERIAS CEREBRALES
I668,3398,OCLUSION Y ESTENOSIS DE OTRAS ARTERIAS CEREBRALES
I669,3399,OCLUSION Y ESTENOSIS DE ARTERIA CEREBRAL NO ESPECIFICADA
I670,3400,"DISECCION DE ARTERIAS CEREBRALES, SIN RUPTURA"
I671,3401,"ANEURISMA CEREBRAL, SIN RUPTURA"
I672,3402,ATEROSCLEROSIS CEREBRAL
I673,3403,LEUCOENCEFALOPATIA VASCULAR PROGRESIVA
I674,3404,ENCEFALOPATIA HIPERTENSIVA
I675,3405,ENFERMEDAD DE MOYAMOYA
I676,3406,TROMBOSIS APIOGENA DEL SISTEMA VENOSO INTRACRANEAL
I677,3407,"ARTERITIS CEREBRAL, NO CLASIFICADA EN OTRA PARTE"
I678,3408,OTRAS ENFERMEDADES CEREBROVASCULARES ESPECIFICADAS
I679,3409,"ENFERMEDAD CEREBROVASCULAR, NO ESPECIFICADA"
I680,3410,ANGIOPATIA CEREBRAL AMILOIDE (E85.-)
I681,3411,ARTERITIS CEREBRAL EN ENFERMEDADES INFECCIOSAS Y PARASITARIAS CLASIFICADA EN OTRA PARTE
I682,3412,ARTERITIS CEREBRAL EN OTRAS ENFERMEDADES CLASIFICADA EN OTRA PARTE
I688,3413,OTROS TRASTORNOS CEREBROVASCULARES EN ENFERMEDADES CLASIFICADAS EN OTRA PARTE
I690,3414,SECUELAS DE HEMORRAGIA SUBARACNOIDEA
I691,3415,SECUELAS DE HEMORRAGIA INTRAENCEFALICA
I692,3416,SECUELAS DE OTRAS HEMORRAGIAS INTRACRANEALES NO TRAUMATICAS
I693,3417,SECUELAS DE INFARTO CEREBRAL
I694,3418,"SECUELAS DE ACCIDENTE VASCULAR ENCEFALICO, NO ESPECIFICADO COMO HEMORRAGICO O ISQUEMICO"
I698,3419,SECUELAS DE OTRAS ENFERMEDADES CEREBROVASCULARES Y DE LAS NO ESPECIFICADAS
I700,3420,ATEROSCLEROSIS DE LA AORTA
I701,3421,ATEROSCLEROSIS DE LA ARTERIA RENAL
I702,3422,ATEROSCLEROSIS DE LAS ARTERIAS DE LOS MIEMBROS
I708,3423,ATEROSCLEROSIS DE OTRAS ARTERIAS
I709,3424,ATEROSCLEROSIS GENERALIZADA Y LA NO ESPECIFICADA
I710,3425,DISECCION DE AORTA (CUALQUIER PARTE)
I711,3426,RUPTURA DE ANEURISMA DE LA AORTA TORACICA
I712,3427,"ANEURISMA DE LA AORTA TORACICA, SIN MENCION DE RUPTURA"
I713,3428,RUPTURA DE ANEURISMA DE LA AORTA ABDOMINAL
I714,3429,"ANEURISMA DE LA AORTA ABDOMINAL, SIN MENCION DE RUPTURA"
I715,3430,RUPTURA DE ANEURISMA DE LA AORTA TORACOABDOMINAL
I716,3431,"ANEURISMA DE LA AORTA TORACOABDOMINAL, SIN MENCION DE RUPTURA"
I718,3432,"RUPTURA DE ANEURISMA AORTICO, SITIO NO ESPECIFICADO"
I719,3433,"ANEURISMA DE LA AORTA, SITIO NO ESPECIFICADO, SIN MENCION DE RUPTURA"
I720,3434,ANEURISMA DE LA ARTERIA CAROTIDA
I721,3435,ANEURISMA DE LA ARTERIA DEL MIEMBRO SUPERIOR
I722,3436,ANEURISMA DE ARTERIA RENAL
I723,3437,ANEURISMA DE ARTERIA ILIACA
I724,3438,ANEURISMA DE ARTERIA DEL MIEMBRO INFERIOR
I728,3439,ANEURISMA DE OTRAS ARTERIAS ESPECIFICADAS
I729,3440,ANEURISMA DE SITIO NO ESPECIFICADO
I730,3441,SINDROME DE RAYNAUD
I731,3442,TROMBOANGEITIS OBLITERANTE [BUERGER]
I738,3443,OTRAS ENFERMEDADES VASCULARES PERIFERICAS ESPECIFICADAS
I739,3444,"ENFERMEDAD VASCULAR PERIFERICA, NO ESPECIFICADA"
I740,3445,EMBOLIA Y TROMBOSIS DE LA AORTA ABDOMINAL
I741,3446,EMBOLIA Y TROMBOSIS DE OTRAS PORCIONES Y LAS NO ESPECIFICADAS DE LA AORTA
I742,3447,EMBOLIA Y TROMBOSIS DE ARTERIAS DE LOS MIEMBROS SUPERIORES
I743,3448,EMBOLIA Y TROMBOSIS DE ARTERIAS DE LOS MIEMBROS INFERIORES
I744,3449,"EMBOLIA Y TROMBOSIS DE ARTERIAS DE LOS MIEMBROS, NO ESPECIFICADAS"
I745,3450,EMBOLIA Y TROMBOSIS DE ARTERIA ILIACA
I748,3451,EMBOLIA Y TROMBOSIS DE OTRAS ARTERIAS
I749,3452,EMBOLIA Y TROMBOSIS DE ARTERIA NO ESPECIFICADA
I770,3453,"FISTULA ARTERIOVENOSA, ADQUIRIDA"
I771,3454,ESTRECHEZ ARTERIAL
I772,3455,RUPTURA ARTERIAL
I773,3456,DISPLASIA FIBROMUSCULAR ARTERIAL
I774,3457,SINDROME DE COMPRESION DEL TRONCO CELIACO
I775,3458,NECROSIS ARTERIAL
I776,3459,"ARTERITIS, NO ESPECIFICADA"
I778,3460,OTROS TRASTORNOS ESPECIFICADOS DE ARTERIAS Y ARTERIOLAS
I779,3461,"TRASTORNOS DE ARTERIAS Y ARTERIOLAS, NO ESPECIFICADO"
I780,3462,TELANGIECTASIA HEMORRAGICA HEREDITARIA
I781,3463,"NEVO, NO NEOPLASICO"
I788,3464,OTRAS ENFERMEDADES DE LOS CAPILARES
I789,3465,"ENFERMEDAD DE LOS VASOS CAPILARES, NO ESPECIFICADA"
I790,3466,ANEURISMA DE LA AORTA EN ENFERMEDADES CLASIFICADAS EN OTRA PARTE
I791,3467,AORTITIS EN ENFERMEDADES CLASIFICADAS EN OTRA PARTE
I792,3468,ANGIOPATIA PERIFERICA EN ENFERMEDADES CLASIFICADAS EN OTRA PARTE
I798,3469,"OTROS TRASTORNOS DE ARTERIAS, ARTERIOLAS Y VASOS CAPILARES EN ENFERMEDADES CLASIFICADAS EN OTRA PARTE"
I800,3470,FLEBITIS Y TROMBOFLEBITIS DE VASOS SUPERFICIALES DE LOS MIEMBROS INFERIORES
I801,3471,FLEBITIS Y TROMBOFLEBITIS DE LA VENA FEMORAL
I802,3472,FLEBITIS Y TROMBOFLEBITIS DE OTROS VASOS PROFUNDOS DE LOS MIEMBROS INFERIORES
I803,3473,"FLEBITIS Y TROMBOFLEBITIS DE LOS MIEMBROS INFERIORES, NO ESPECIFICADA"
I808,3474,FLEBITIS Y TROMBOFLEBITIS DE OTROS SITIOS
I809,3475,FLEBITIS Y TROMBOFLEBITIS DE SITIO NO ESPECIFICADO
I81,3476,TROMBOSIS DE LA VENA PORTA
I820,3477,SINDROME DE BUDD-CHIARI
I821,3478,TROMBOFLEBITIS MIGRATORIA
I822,3479,EMBOLIA Y TROMBOSIS DE VENA CAVA
I823,3480,EMBOLIA Y TROMBOSIS DE VENA RENAL
I828,3481,EMBOLIA Y TROMBOSIS DE OTRAS VENAS ESPECIFICADAS
I829,3482,EMBOLIA Y TROMBOSIS DE VENA NO ESPECIFICADA
I830,3483,VENAS VARICOSAS DE LOS MIEMBROS INFERIORES CON ULCERA
I831,3484,VENAS VARICOSAS DE LOS MIEMBROS INFERIORES CON INFLAMACION
I832,3485,VENAS VARICOSAS DE LOS MIEMBROS INFERIORES CON ULCERA E INFLAMACION
I839,3486,VENAS VARICOSAS DE LOS MIEMBROS INFERIORES SIN ULCERA NI INFLAMACION
I840,3487,HEMORROIDES INTERNAS TROMBOSADAS
I841,3488,HEMORROIDES INTERNAS CON OTRAS COMPLICACIONES
I842,3489,HEMORROIDES INTERNAS SIN COMPLICACION
I843,3490,HEMORROIDES EXTERNAS TROMBOSADAS
I844,3491,HEMORROIDES EXTERNAS CON OTRAS COMPLICACIONES
I845,3492,HEMORROIDES EXTERNAS SIN COMPLICACION
I846,3493,"PROMINENCIAS CUTANEAS, RESIDUO DE HEMORROIDES"
I847,3494,HEMORROIDES TROMBOSADAS NO ESPECIFICADAS
I848,3495,"HEMORROIDES NO ESPECIFICADAS, CON OTRAS COMPLICACIONES"
I849,3496,"HEMORROIDES NO ESPECIFICADAS, SIN COMPLICACION"
I850,3497,VARICES ESOFAGICAS CON HEMORRAGIA
I859,3498,VARICES ESOFAGICAS SIN HEMORRAGIA
I860,3499,VARICES SUBLINGUALES
I861,3500,VARICES ESCROTALES
I862,3501,VARICES PELVICAS
I863,3502,VARICES DE LA VULVA
I864,3503,VARICES GASTRICAS
I868,3504,VARICES EN OTROS SITIOS ESPECIFICADOS
I870,3505,SINDROME POSTFLEBITICO
I871,3506,COMPRESION DE VENA
I872,3507,INSUFICIENCIA VENOSA (CRONICA) (PERIFERICA)
I878,3508,OTROS TRASTORNOS VENOSOS ESPECIFICADOS
I879,3509,"TRASTORNO VENOSO, NO ESPECIFICADO"
I880,3510,LINFADENITIS MESENTERICA INESPECIFICA
I881,3511,"LINFADENITIS CRONICA, EXCEPTO LA MESENTERICA"
I888,3512,OTRAS LINFADENITIS INESPECIFICAS
I889,3513,LINFADENITIS INESPECIFICA NO ESPECIFICADA
I890,3514,"LINFEDEMA, NO CLASIFICADO EN OTRA PARTE"
I891,3515,LINFANGITIS
I898,3516,OTROS TRASTORNOS ESPECIFICADOS NO INFECCIOSOS DE LOS VASOS Y GANGLIOS LINFATICOS
I899,3517,"TRASTORNO NO INFECCIOSO DE VASOS Y GANGLIOS LINFATICOS, NO ESPECIFICADO"
I950,3518,HIPOTENSION IDIOPATICA
I951,3519,HIPOTENSION ORTOSTATICA
I952,3520,HIPOTENSION DEBIDA A DROGAS
I958,3521,OTROS TIPOS DE HIPOTENSION
I959,3522,"HIPOTENSION, NO ESPECIFICADA"
I970,3523,SINDROME DE POSTCARDIOTOMIA
I971,3524,OTRAS ALTERACIONES FUNCIONALES CONSECUTIVAS A CIRUGIA CARDIACA
I972,3525,SINDROME DE LINFEDEMA POSTMASTECTOMIA
I978,3526,"OTROS TRASTORNOS DEL SISTEMA CIRCULATORIO CONSECUTIVOS A PROCEDIMIENTOS, NO CLASIFICADOS EN OTRA PARTE"
I979,3527,TRASTORNO NO ESPECIFICADO DEL SISTEMA CIRCULATORIO CONSECUTIVO A PROCEDIMIENTOS
I980,3528,SIFILIS CARDIOVASCULAR
I981,3529,TRASTORNOS CARDIOVASCULARES EN OTRAS ENFERMEDADES INFECCIOSAS Y PARASITARIAS CLASIFICADAS EN OTRA PARTE
I982,3530,VARICES ESOFAGICAS EN ENFERMEDADES CLASIFICADAS EN OTRA PARTE
I988,3531,OTROS TRASTORNOS ESPECIFICADOS DEL APARATO CIRCULATORIO EN ENFERMEDADES CLASIFICADAS EN OTRA PARTE
I99,3532,OTROS TRASTORNOS Y LOS NO ESPECIFICADOS DEL SISTEMA CIRCULATORIO
J00,3533,RINOFARINGITIS AGUDA (RESFRIADO COMUN)
J010,3534,SINUSITIS MAXILAR AGUDA
J011,3535,SINUSITIS FRONTAL AGUDA
J012,3536,SINUSITIS ETMOIDAL AGUDA
J013,3537,SINUSITIS ESFENOIDAL AGUDA
J014,3538,PANSINUSITIS AGUDA
J018,3539,OTRAS SINUSITIS AGUDAS
J019,3540,"SINUSITIS AGUDA, NO ESPECIFICADA"
J020,3541,FARINGITIS ESTREPTOCOCICA
J028,3542,FARINGITIS AGUDA DEBIDA A OTROS MICROORGANISMOS ESPECIFICADOS
J029,3543,"FARINGITIS AGUDA, NO ESPECIFICADA"
J030,3544,AMIGDALITIS ESTREPTOCOCICA
J038,3545,AMIGDALITIS AGUDA DEBIDA A OTROS MICROORGANISMOS ESPECIFICADOS
J039,3546,"AMIGDALITIS AGUDA, NO ESPECIFICADA"
J040,3547,LARINGITIS AGUDA
J041,3548,TRAQUEITIS AGUDA
J042,3549,LARINGOTRAQUEITIS AGUDA
J050,3550,"LARINGITIS OBSTRUCTIVA, AGUDA [CRUP]"
J051,3551,EPIGLOTITIS AGUDA
J060,3552,LARINGOFARINGITIS AGUDA
J068,3553,OTRAS INFECCIONES AGUDAS DE SITIOS MULTIPLES DE LAS VIAS RESPIRATORIAS SUPERIORES
J069,3554,"INFECCION AGUDA DE LAS VIAS RESPIRATORIAS SUPERIORES, NO ESPECIFICADA"
J100,3555,"INFLUENZA CON NEUMONIA, DEBIDA A VIRUS DE LA INFLUENZA IDENTIFICADO"
J101,3556,"INFLUENZA CON OTRAS MANIFESTACIONES RESPIRATORIAS, DEBIDA A VIRUS DE LA INFLUENZA IDENTIFICADO"
J108,3557,"INFLUENZA, CON OTRAS MANIFESTACIONES, DEBIDA A VIRUS DE LA INFLUENZA IDENTIFICADO"
J110,3558,"INFLUENZA CON NEUMONIA, VIRUS NO IDENTIFICADO"
J111,3559,"INFLUENZA CON OTRAS MANIFESTACIONES RESPIRATORIAS, VIRUS NO IDENTIFICADO"
J118,3560,"INFLUENZA CON OTRAS MANIFESTACIONES, VIRUS NO IDENTIFICADO"
J120,3561,NEUMONIA DEBIDA A ADENOVIRUS
J121,3562,NEUMONIA DEBIDA A VIRUS SINCITIAL RESPIRATORIO
J122,3563,NEUMONIA DEBIDA A VIRUS PARAINFLUENZA
J128,3564,NEUMONIA DEBIDA A OTROS VIRUS
J129,3565,"NEUMONIA VIRAL, NO ESPECIFICADA"
J13,3566,NEUMONIA DEBIDA A STREPTOCOCCUS PNEUMONIAE
J14,3567,NEUMONIA DEBIDA A HAEMOPHILUS INFLUENZAE
J150,3568,NEUMONIA DEBIDA A KLEBSIELLA PNEUMONIAE
J151,3569,NEUMONIA DEBIDA A PSEUDOMONAS
J152,3570,NEUMONIA DEBIDA A ESTAFILOCOCOS
J153,3571,NEUMONIA DEBIDA A ESTREPTOCOCOS DEL GRUPO B
J154,3572,NEUMONIA DEBIDA A OTROS ESTREPTOCOCOS
J155,3573,NEUMONIA DEBIDA A ESCHERICHIA COLI
J156,3574,NEUMONIA DEBIDA A OTRAS BACTERIAS AEROBICAS GRAMNEGATIVAS
J157,3575,NEUMONIA DEBIDA A MYCOPLASMA PNEUMONIAE
J158,3576,OTRAS NEUMONIAS BACTERIANAS
J159,3577,"NEUMONIA BACTERIANA, NO ESPECIFICADA"
J160,3578,NEUMONIA DEBIDA A CLAMIDIAS
J168,3579,NEUMONIA DEBIDA A OTROS MICROORGANISMOS INFECCIOSOS ESPECIFICADOS
J170,3580,NEUMONIA EN ENFERMEDADES BACTERIANAS CLASIFICADAS EN OTRA PARTE
J171,3581,NEUMONIA EN ENFERMEDADES VIRALES CLASIFICADAS EN OTRA PARTE
J172,3582,NEUMONIA EN MICOSIS
J173,3583,NEUMONIA EN ENFERMEDADES PARASITARIAS
J178,3584,NEUMONIA EN OTRAS ENFERMEDADES CLASIFICADAS EN OTRA PARTE
J180,3585,"BRONCONEUMONIA, NO ESPECIFICADA"
J181,3586,"NEUMONÍA LOBAR, NO ESPECIFICADA"
J182,3587,"NEUMONIA HIPOSTATICA, NO ESPECIFICADA"
J188,3588,"OTRAS NEUMONIAS, DE MICROORGANISMO NO ESPECIFICADO"
J189,3589,"NEUMONIA, NO ESPECIFICADA"
J200,3590,BRONQUITIS AGUDA DEBIDA A MYCOPLASMA PNEUMONIAE
J201,3591,BRONQUITIS AGUDA DEBIDA A HAEMOPHILUS INFLUENZAE
J202,3592,BRONQUITIS AGUDA DEBIDA A ESTREPTOCOCOS
J203,3593,BRONQUITIS AGUDA DEBIDA A VIRUS COXSACKIE
J204,3594,BRONQUITIS AGUDA DEBIDA A VIRUS PARAINFLUENZA
J205,3595,BRONQUITIS AGUDA DEBIDA A VIRUS SINCITIAL RESPIRATORIO
J206,3596,BRONQUITIS AGUDA DEBIDA A RINOVIRUS
J207,3597,BRONQUITIS AGUDA DEBIDA A VIRUS ECHO
J208,3598,BRONQUITIS AGUDA DEBIDA A OTROS MICROORGANISMOS ESPECIFICADOS
J209,3599,"BRONQUITIS AGUDA, NO ESPECIFICADA"
J210,3600,BRONQUIOLITIS AGUDA DEBIDA A VIRUS SINCITIAL RESPIRATORIO
J218,3601,BRONQUIOLITIS AGUDA DEBIDA A OTROS MICROORGANISMOS ESPECIFICADOS
J219,3602,"BRONQUIOLITIS AGUDA, NO ESPECIFICADA"
J22,3603,INFECCION AGUDA NO ESPECIFICADA DE LAS VIAS RESPIRATORIAS INFERIORES
J300,3604,RINITIS VASOMOTORA
J301,3605,RINITIS ALERGICA DEBIDA AL POLEN
J302,3606,OTRA RINITIS ALERGICA ESTACIONAL
J303,3607,OTRAS RINITIS ALERGICAS
J304,3608,"RINITIS ALERGICA, NO ESPECIFICADA"
J310,3609,RINITIS CRONICA
J311,3610,RINOFARINGITIS CRONICA
J312,3611,FARINGITIS CRONICA
J320,3612,SINUSITIS MAXILAR CRONICA
J321,3613,SINUSITIS FRONTAL CRONICA
J322,3614,SINUSITIS ETMOIDAL CRONICA
J323,3615,SINUSITIS ESFENOIDAL CRONICA
J324,3616,PANSINUSITIS CRONICA
J328,3617,OTRAS SINUSITIS CRONICAS
J329,3618,"SINUSITIS CRONICA, NO ESPECIFICADA"
J330,3619,POLIPO DE LA CAVIDAD NASAL
J331,3620,DEGENERACION POLIPOIDE DE SENO PARANASAL
J338,3621,OTROS POLIPOS DE LOS SENOS PARANASALES
J339,3622,"POLIPO NASAL, NO ESPECIFICADO"
J340,3623,"ABSCESO, FURUNCULO Y ANTRAX DE LA NARIZ"
J341,3624,QUISTE Y MUCOCELE DE LA NARIZ Y DEL SENO PARANASAL
J342,3625,DESVIACION DEL TABIQUE NASAL
J343,3626,HIPERTROFIA DE LOS CORNETES NASALES
J348,3627,OTROS TRASTORNOS ESPECIFICADOS DE LA NARIZ Y DE LOS SENOS PARANASALES
J350,3628,AMIGDALITIS CRONICA
J351,3629,HIPERTROFIA DE LAS AMIGDALAS
J352,3630,HIPERTROFIA DE LAS ADENOIDES
J353,3631,HIPERTROFIA DE LAS AMIGDALAS CON HIPERTROFIA DE LAS ADENOIDES
J358,3632,OTRAS ENFERMEDADES CRONICAS DE LAS AMIGDALAS Y DE LAS ADENOIDES
J359,3633,"ENFERMEDAD CRONICAS DE LAS AMIGDALAS Y DE LAS ADENOIDES, NO ESPECIFICADA"
J36,3634,ABSCESO PERIAMIGDALINO
J370,3635,LARINGITIS CRONICA
J371,3636,LARINGOTRAQUEITIS CRONICA
J380,3637,PARALISIS DE LAS CUERDAS VOCALES Y DE LA LARINGE
J381,3638,POLIPO DE LAS CUERDAS VOCALES Y DE LA LARINGE
J382,3639,NODULOS DE LAS CUERDAS VOCALES
J383,3640,OTRAS ENFERMEDADES DE LAS CUERDAS VOCALES
J384,3641,EDEMA DE LARINGE
J385,3642,ESPASMO LARINGEO
J386,3643,ESTENOSIS LARINGEA
J387,3644,OTRAS ENFERMEDADES DE LA LARINGE
J390,3645,ABSCESO RETROFARINGEO Y PARAFARINGEO
J391,3646,OTROS ABSCESOS DE LA FARINGE
J392,3647,OTRAS ENFERMEDADES DE LA FARINGE
J393,3648,"REACCION DE HIPERSENSIBILIDAD DE LAS VIAS RESPIRATORIAS SUPERIORES, SITIO NO ESPECIFICADO"
J398,3649,OTRAS ENFERMEDADES ESPECIFICADAS DE LAS VIAS RESPIRATORIAS SUPERIORES
J399,3650,"ENFERMEDAD DE LAS VIAS RESPIRATORIAS SUPERIORES, NO ESPECIFICADA"
J40,3651,"BRONQUITIS, NO ESPECIFICADA COMO AGUDA O CRONICA"
J410,3652,BRONQUITIS CRONICA SIMPLE
J411,3653,BRONQUITIS CRONICA MUCOPURULENTA
J418,3654,BRONQUITIS CRONICA MIXTA SIMPLE Y MUCOPURULENTA
J42,3655,BRONQUITIS CRONICA NO ESPECIFICADA
J430,3656,SINDROME DE MACLEOD
J431,3657,ENFISEMA PANLOBULAR
J432,3658,ENFISEMA CENTROLOBULAR
J438,3659,OTROS TIPOS DE ENFISEMA
J439,3660,"ENFISEMA, NO ESPECIFICADO"
J440,3661,ENFERMEDAD PULMONAR OBSTRUCTIVA CRONICA CON INFECCION AGUDA DE LAS VIAS RESPIRATORIAS INFERIORES
J441,3662,"ENFERMEDAD PULMONAR OBSTRUCTIVA CRONICA CON EXACERBACION AGUDA, NO ESPECIFICADA"
J448,3663,OTRAS ENFERMEDADES PULMONARES OBSTRUCTIVAS CRONICAS ESPECIFICADAS
J449,3664,"ENFERMEDAD PULMONAR OBSTRUCTIVA CRONICA, NO ESPECIFICADA"
J450,3665,ASMA PREDOMINANTEMENTE ALERGICA
J451,3666,ASMA NO ALERGICA
J458,3667,ASMA MIXTA
J459,3668,"ASMA, NO ESPECIFICADA"
J46,3669,ESTADO ASMATICO
J47,3670,BRONQUIECTASIA
J60,3671,NEUMOCONIOSIS DE LOS MINEROS DEL CARBON
J61,3672,NEUMOCONIOSIS DEBIDA AL ASBESTO Y A OTRAS FIBRAS MINERALES
J620,3673,NEUMOCONIOSIS DEBIDA A POLVO DE TALCO
J628,3674,NEUMOCONIOSIS DEBIDA A OTROS POLVOS QUE CONTIENEN SILICE
J630,3675,ALUMINOSIS (DEL PULMON)
J631,3676,FIBROSIS (DEL PULMON) DEBIDA A BAUXITA
J632,3677,BERILIOSIS
J633,3678,FIBROSIS (DEL PULMON) DEBIDA A GRAFITO
J634,3679,SIDEROSIS
J635,3680,ESTAÑOSIS
J638,3681,NEUMOCONIOSIS DEBIDA A OTROS POLVOS INORGANICOS ESPECIFICADOS
J64,3682,"NEUMOCONIOSIS, NO ESPECIFICADA"
J65,3683,"NEUMOCONIOSIS, ASOCIADA CON TUBERCULOSIS"
J660,3684,BISINOSIS
J661,3685,ENFERMEDAD DE LOS TRABAJADORES DEL LINO
J662,3686,CANABINOSIS
J668,3687,ENFERMEDAD DE LAS VIAS AEREAS DEBIDAS A OTROS POLVOS ORGANICOS ESPECIFICOS
J670,3688,PULMON DEL GRANJERO
J671,3689,BAGAZOSIS
J672,3690,PULMON DEL ORNITOFILO
J673,3691,SUBEROSIS
J674,3692,PULMON DEL MANIPULADOR DE MALTA
J675,3693,PULMON DEL MANIPULADOR DE HONGOS
J676,3694,PULMON DEL DESCORTEZADOR DEL ARCE
J677,3695,NEUMONITIS DE LA VENTILACION DEBIDA AL ACONDICIONADOR Y HUMIDIFICADOR DEL AIRE
J678,3696,NEUMONITIS DEBIDA A HIPERSENSIBILIDAD A OTROS POLVOS ORGANICOS
J679,3697,NEUMONITIS DEBIDA A HIPERSENSIBILIDAD A POLVO ORGANICO NO ESPECIFICADO
J680,3698,"BRONQUITIS Y NEUMONITIS DEBIDAS A INHALACION DE GASES, HUMOS, VAPORES Y SUSTANCIAS QUIMICAS"
J681,3699,"EDEMA PULMONAR AGUDO DEBIDO A INHALACION DE GASES, HUMOS, VAPORES Y SUSTANCIAS QUIMICAS"
J682,3700,"INFLAMACION RESPIRATORIA SUPERIOR DEBIDA A INHALACION DE GASES, HUMOS, VAPORES Y SUSTANCIAS QUIMICAS, NO CLASIFICADAS EN OTRA PARTE"
J683,3701,"OTRAS AFECCIONES RESPIRATORIAS AGUDAS Y SUBAGUDAS DEBIDAS A INHALACION DE GASES, HUMOS, VAPORES Y SUSTANCIAS QUÍMICAS"
J684,3702,"AFECCIONES RESPIRATORIAS CRONICAS DEBIDAS A INHALACION DE GASES, HUMOS, VAPORES Y SUSTANCIAS QUIMICAS"
J688,3703,"OTRAS AFECCIONES RESPIRATORIAS DEBIDAS A INHALACION DE GASES, HUMOS, VAPORES Y SUSTANCIAS QUIMICAS"
J689,3704,"AFECCION RESPIRATORIA NO ESPECIFICADA, DEBIDA A INHALACION DE GASES, HUMOS, VAPORES Y SUSTANCIAS QUIMICAS"
J690,3705,NEUMONITIS DEBIDA A ASPIRACION DE ALIMENTO O VOMITO
J691,3706,NEUMONITIS DEBIDA A ASPIRACION DE ACEITES Y ESENCIAS
J698,3707,NEUMONITIS DEBIDA A ASPIRACION DE OTROS SOLIDOS Y LIQUIDOS
J700,3708,MANIFESTACIONES PULMONARES AGUDAS DEBIDAS A RADIACION
J701,3709,MANIFESTACIONES PULMONARES CRONICAS Y OTRAS MANIFESTACIONES DEBIDAS A RADIACION
J702,3710,TRASTORNOS PULMONARES INTERSTICIALES AGUDOS INDUCIDOS POR DROGAS
J703,3711,TRASTORNOS PULMONARES INTERSTICIALES CRONICOS INDUCIDOS POR DROGAS
J704,3712,TRASTORNOS PULMONARES INTERSTICIALES NO ESPECIFICADOS INDUCIDOS POR DROGAS
J708,3713,AFECCIONES RESPIRATORIAS DEBIDAS A OTROS AGENTES EXTERNOS ESPECIFICADOS
J709,3714,AFECCIONES RESPIRATORIAS DEBIDAS A AGENTES EXTERNOS NO ESPECIFICADOS
J80,3715,SINDROME DE DIFICULTAD RESPIRATORIA DEL ADULTO
J81,3716,EDEMA PULMONAR
J82,3717,"EOSINOFILIA PULMONAR, NO CLASIFICADA EN OTRA PARTE"
J840,3718,AFECCIONES ALVEOLARES Y ALVEOLOPARIETALES
J841,3719,OTRAS ENFERMEDADES PULMONARES INTERSTICIALES CON FIBROSIS
J848,3720,OTRAS ENFERMEDADES PULMONARES INTERSTICIALES ESPECIFICADAS
J849,3721,"ENFERMEDAD PULMONAR INTERSTICIAL, NO ESPECIFICADA"
J850,3722,GANGRENA Y NECROSIS DEL PULMON
J851,3723,ABSCESO DEL PULMON CON NEUMONIA
J852,3724,ABSCESO DEL PULMON SIN NEUMONIA
J853,3725,ABSCESO DEL MEDIASTINO
J860,3726,PIOTORAX CON FISTULA
J869,3727,PIOTORAX SIN FISTULA
J90,3728,DERRAME PLEURAL NO CLASIFICADO EN OTRA PARTE
J91,3729,DERRAME PLEURAL EN AFECCIONES CLASIFICADAS EN OTRA PARTE
J920,3730,PAQUIPLEURITIS CON ASBESTOSIS
J929,3731,PAQUIPLEURITIS SIN ASBESTOSIS
J930,3732,NEUMOTORAX ESPONTANEO A PRESION
J931,3733,OTROS TIPOS DE NEUMOTORAX ESPONTANEO
J938,3734,OTROS NEUMOTORAX
J939,3735,"NEUMOTORAX, NO ESPECIFICADO"
J940,3736,QUILOTORAX
J941,3737,FIBROTORAX
J942,3738,HEMOTORAX
J948,3739,OTRAS AFECCIONES ESPECIFICADAS DE LA PLEURA
J949,3740,"AFECCION PLEURAL, NO ESPECIFICADA"
J950,3741,FUNCIONAMIENTO DEFECTUOSO DE LA TRAQUEOSTOMIA
J951,3742,INSUFICIENCIA PULMONAR AGUDA CONSECUTIVA A CIRUGIA TORACICA
J952,3743,INSUFICIENCIA PULMONAR AGUDA CONSECUTIVA A CIRUGIA EXTRATORACICA
J953,3744,INSUFICIENCIA PULMONAR CRONICA CONSECUTIVA A CIRUGIA
J954,3745,SINDROME DE MENDELSON
J955,3746,ESTENOSIS SUBGLOTICA CONSECUTIVA A PROCEDIMIENTOS
J958,3747,OTROS TRASTORNOS RESPIRATORIOS CONSECUTIVOS A PROCEDIMIENTOS
J959,3748,"TRASTORNO NO ESPECIFICADO DEL SISTEMA RESPIRATORIO, CONSECUTIVOS A PROCEDIMIENTOS"
J960,3749,INSUFICIENCIA RESPIRATORIA AGUDA
J961,3750,INSUFICIENCIA RESPIRATORIA CRONICA
J969,3751,"INSUFICIENCIA RESPIRATORIA, NO ESPECIFICADA"
J980,3752,"ENFERMEDADES DE LA TRAQUEA Y DE LOS BRONQUIOS, NO CLASIFICADAS EN OTRA PARTE"
J981,3753,COLAPSO PULMONAR
J982,3754,ENFISEMA INTERSTICIAL
J983,3755,ENFISEMA COMPENSATORIO
J984,3756,OTROS TRASTORNOS DEL PULMON
J985,3757,"ENFERMEDADES DEL MEDIASTINO, NO CLASIFICADOS EN OTRA PARTE"
J986,3758,TRASTORNOS DEL DIAFRAGMA
J988,3759,OTROS TRASTORNOS RESPIRATORIOS ESPECIFICADOS
J989,3760,"TRASTORNO RESPIRATORIO, NO ESPECIFICADO"
J990,3761,ENFERMEDAD PULMONAR REUMATOIDE (M05.1)
J991,3762,TRASTORNOS RESPIRATORIOS EN OTROS TRASTORNOS DIFUSOS DEL TEJIDO CONJUNTIVO
J998,3763,TRASTORNOS RESPIRATORIOS EN OTRAS ENFERMEDADES CLASIFICADAS EN OTRA PARTE
K000,3764,ANODONCIA
K001,3765,DIENTES SUPERNUMERARIOS
K002,3766,ANOMALIAS DEL TAMAÑO Y DE LA FORMA DEL DIENTE
K003,3767,DIENTES MOTEADOS
K004,3768,ALTERACIONES EN LA FORMACION DENTARIA
K005,3769,"ALTERACIONES HEREDITARIAS DE LA ESTRUCTURA DENTARIA, NO CLASIFICADAS EN OTRA PARTE"
K006,3770,ALTERACIONES EN LA ERUPCION DENTARIA
K007,3771,SINDROME DE LA ERUPCION DENTARIA
K008,3772,OTROS TRASTORNOS DEL DESARROLLO DE LOS DIENTES
K009,3773,"TRASTORNO DEL DESARROLLO DE LOS DIENTES, NO ESPECIFICADO"
K010,3774,DIENTES INCLUIDOS
K011,3775,DIENTES IMPACTADOS
K020,3776,CARIES LIMITADA AL ESMALTE
K021,3777,CARIES DE LA DENTINA
K022,3778,CARIES DEL CEMENTO
K023,3779,CARIES DENTARIA DETENIDA
K024,3780,ODONTOCLASIA
K028,3781,OTRAS CARIES DENTALES
K029,3782,"CARIES DENTAL, NO ESPECIFICADA"
K030,3783,ATRICION EXCESIVA DE LOS DIENTES
K031,3784,ABRASION DE LOS DIENTES
K032,3785,EROSION DE LOS DIENTES
K033,3786,REABSORCION PATOLOGICA DE LOS DIENTES
K034,3787,HIPERCEMENTOSIS
K035,3788,ANQUILOSIS DENTAL
K036,3789,DEPOSITOS [ACRECIONES] EN LOS DIENTES
K037,3790,CAMBIOS POSTERUPTIVOS DEL COLOR DE LOS TEJIDOS DENTALES DUROS
K038,3791,OTRAS ENFERMEDADES ESPECIFICADAS DE LOS TEJIDOS DUROS DE LOS DIENTES
K039,3792,ENFERMEDAD NO ESPECIFICADA DE LOS TEJIDOS DENTALES DUROS
K040,3793,PULPITIS
K041,3794,NECROSIS DE LA PULPA
K042,3795,DEGENERACION DE LA PULPA
K043,3796,FORMACION ANORMAL DE TEJIDO DURO EN LA PULPA
K044,3797,PERIODONTITIS APICAL AGUDA ORIGINADA EN LA PULPA
K045,3798,PERIODONTITIS APICAL CRONICA
K046,3799,ABSCESO PERIAPICAL CON FISTULA
K047,3800,ABSCESO PERIAPICAL SIN FISTULA
K048,3801,QUISTE RADICULAR
K049,3802,OTRAS ENFERMEDADES Y LAS NO ESPECIFICADAS DE LA PULPA Y DEL TEJIDO PERIAPICAL
K050,3803,GINGIVITIS AGUDA
K051,3804,GINGIVITIS CRONICA
K052,3805,PERIODONTITIS AGUDA
K053,3806,PERIODONTITIS CRONICA
K054,3807,PERIODONTOSIS
K055,3808,OTRAS ENFERMEDADES PERIODONTALES
K056,3809,"ENFERMEDAD DE PERIODONTO, NO ESPECIFICADA"
K060,3810,RETRACCION GINGIVAL
K061,3811,HIPERPLASIA GINGIVAL
K062,3812,LESIONES DE LA ENCIA Y DE LA ZONA EDENTULA ASOCIADAS CON TRAUMATISMO
K068,3813,OTROS TRASTORNOS ESPECIFICADOS DE LA ENCIA Y DE LA ZONA EDENTULA
K069,3814,TRASTORNO NO ESPECIFICADO DE LA ENCIA Y DE LA ZONA EDENTULA
K070,3815,ANOMALIAS EVIDENTES DEL TAMAÑO DE LOS MAXILARES
K071,3816,ANOMALIAS DE LA RELACION MAXILOBASILAR
K072,3817,ANOMALIAS DE LA RELACION ENTRE LOS ARCOS DENTARIOS
K073,3818,ANOMALIAS DE LA POSICION DEL DIENTE
K074,3819,MALOCLUSION DE TIPO NO ESPECIFICADO
K075,3820,ANOMALIAS DENTOFACIALES FUNCIONALES
K076,3821,TRASTORNOS DE LA ARTICULACION TEMPOROMAXILAR
K078,3822,OTRAS ANOMALIAS DENTOFACIALES
K079,3823,"ANOMALIA DENTOFACIAL, NO ESPECIFICADA"
K080,3824,EXFOLIACION DE LOS DIENTES DEBIDA A CAUSAS SISTEMICAS
K081,3825,"PERDIDA DE DIENTES DEBIDA A ACCIDENTE, EXTRACCION O ENFERMEDAD PERIODONTAL LOCAL"
K082,3826,ATROFIA DE REBORDE ALVEOLAR DESDENTADO
K083,3827,RAIZ DENTAL RETENIDA
K088,3828,OTRAS AFECCIONES ESPECIFICADAS DE LOS DIENTES Y DE SUS ESTRUCTURAS DE SOSTEN
K089,3829,"TRASTORNO DE LOS DIENTES Y DE SUS ESTRUCTURAS DE SOSTEN, NO ESPECIFICADO"
K090,3830,QUISTES ORIGINADOS POR EL DESARROLLO DE LOS DIENTES
K091,3831,QUISTES DE LAS FISURAS (NO ODONTOGENICOS)
K092,3832,OTROS QUISTES DE LOS MAXILARES
K098,3833,"OTROS QUISTES DE LA REGION BUCAL, NO CLASIFICADOS EN OTRA PARTE"
K099,3834,"QUISTE DE LA REGION BUCAL, SIN OTRA ESPECIFICACION"
K100,3835,TRASTORNOS DEL DESARROLLO DE LOS MAXILARES
K101,3836,GRANULOMA CENTRAL DE CELULAS GIGANTES
K102,3837,AFECCIONES INFLAMATORIAS DE LOS MAXILARES
K103,3838,ALVEOLITIS DEL MAXILAR
K108,3839,OTRAS ENFERMEDADES ESPECIFICADAS DE LOS MAXILARES
K109,3840,"ENFERMEDAD DE LOS MAXILARES, NO ESPECIFICADA"
K110,3841,ATROFIA DE GLANDULA SALIVAL
K111,3842,HIPERTROFIA DE GLANDULA SALIVAL
K112,3843,SIALADENITIS
K113,3844,ABSCESO DE GLANDULA SALIVAL
K114,3845,FISTULA DE GLANDULA SALIVAL
K115,3846,SIALOLITIASIS
K116,3847,MUCOCELE DE GLANDULA SALIVAL
K117,3848,ALTERACIONES DE LA SECRECION SALIVAL
K118,3849,OTRAS ENFERMEDADES DE LAS GLANDULAS SALIVALES
K119,3850,ENFERMEDAD DE GLANDULA SALIVAL. NO ESPECIFICADA
K120,3851,ESTOMATITIS AFTOSA RECURRENTE
K121,3852,OTRAS FORMAS DE ESTOMATITIS
K122,3853,CELULITIS Y ABSCESO DE BOCA
K130,3854,ENFERMEDADES DE LOS LABIOS
K131,3855,MORDEDURA DEL LABIO Y DE LA MEJILLA
K132,3856,"LEUCOPLASIA Y OTRAS ALTERACIONES DEL EPITELIO BUCAL, INCLUYENDO LA LENGUA"
K133,3857,LEUCOPLASIA PILOSA
K134,3858,GRANULOMA Y LESIONES SEMEJANTES DE LA MUCOSA BUCAL
K135,3859,FIBROSIS DE LA SUBMUCOSA BUCAL
K136,3860,HIPERPLASIA IRRITATIVA DE LA MUCOSA BUCAL
K137,3861,OTRAS LESIONES Y LAS NO ESPECIFICADAS DE LA MUCOSA BUCAL
K140,3862,GLOSITIS
K141,3863,LENGUA GEOGRAFICA
K142,3864,GLOSITIS ROMBOIDEA MEDIANA
K143,3865,HIPERTROFIA DE LAS PAPILAS LINGUALES
K144,3866,ATROFIA DE LAS PAPILAS LINGUALES
K145,3867,LENGUA PLEGADA
K146,3868,GLOSODINIA
K148,3869,OTRAS ENFERMEDADES DE LA LENGUA
K149,3870,"ENFERMEDAD DE LA LENGUA, NO ESPECIFICADA"
K20,3871,ESOFAGITIS
K210,3872,ENFERMEDAD DEL REFLUJO GASTROESOFAGICO CON ESOFAGITIS
K219,3873,ENFERMEDAD DEL REFLUJO GASTROESOFAGICO SIN ESOFAGITIS
K220,3874,ACALASIA DEL CARDIAS
K221,3875,ULCERA DEL ESOFAGO
K222,3876,OBSTRUCCION DEL ESOFAGO
K223,3877,PERFORACION DEL ESOFAGO
K224,3878,DISQUINESIA DEL ESOFAGO
K225,3879,"DIVERTICULO DEL ESOFAGO, ADQUIRIDO"
K226,3880,SINDROME DE LACERACION Y HEMORRAGIA GASTROESOFAGICAS
K228,3881,OTRAS ENFERMEDADES ESPECIFICADAS DEL ESOFAGO
K229,3882,"ENFERMEDAD DEL ESOFAGO, NO ESPECIFICADA"
K230,3883,ESOFAGITIS TUBERCULOSA (A18.)
K231,3884,MEGAESOFAGO EN LA ENFERMEDAD DE CHAGAS (B57.3)
K238,3885,TRASTORNOS DEL ESOFAGO EN OTRAS ENFERMEDADES CLASIFICADAS EN OTRA PARTE
K250,3886,ULCERA GASTRICA AGUDA CON HEMORRAGIA
K251,3887,ULCERA GASTRICA AGUDA CON PERFORACION
K252,3888,ULCERA GASTRICA AGUDA CON HEMORRAGIA Y PERFORACION
K253,3889,ULCERA GASTRICA AGUDA SIN HEMORRAGIA NI PERFORACION
K254,3890,"ULCERA GASTRICA CRONICA O NO ESPECIFICADA, CON HEMORRAGIA"
K255,3891,"ULCERA GASTRICA CRONICA O NO ESPECIFICADA, CON PERFORACION"
K256,3892,"ULCERA GASTRICA CRONICA O NO ESPECIFICADA, CON HEMORRAGIA Y PERFORACION"
K257,3893,ULCERA GASTRICA CRONICA SIN HEMORRAGIA NI PERFORACION
K259,3894,"ULCERA GASTRICA NO ESPECIFICADA COMO AGUDA NI CRONICA, SIN HEMORRAGIA NI PERFORACION"
K260,3895,ULCERA DUODENAL AGUDA CON HEMORRAGIA
K261,3896,ULCERA DUODENAL AGUDA CON PERFORACION
K262,3897,ULCERA DUODENAL AGUDA CON HEMORRAGIA Y PERFORACION
K263,3898,ULCERA DUODENAL AGUDA SIN HEMORRAGIA NI PERFORACION
K264,3899,"ULCERA DUODENAL CRONICA O NO ESPECIFICADA, CON HEMORRAGIA"
K265,3900,"ULCERA DUODENAL CRONICA O NO ESPECIFICADA, CON PERFORACION"
K266,3901,"ULCERA DUODENAL CRONICA O NO ESPECIFICADA, CON HEMORRAGIA Y PERFORACION"
K267,3902,ULCERA DUODENAL CRONICA SIN HEMORRAGIA NI PERFORACION
K269,3903,"ULCERA DUODENAL NO ESPECIFICADA COMO AGUDA NI CRONICA, SIN HEMORRAGIA NI PERFORACION"
K270,3904,"ULCERA PEPTICA, DE SITIO NO ESPECIFICADO AGUDA CON HEMORRAGIA"
K271,3905,"ULCERA PEPTICA, DE SITIO NO ESPECIFICADO AGUDA CON PERFORACION"
K272,3906,"ULCERA PEPTICA, DE SITIO NO ESPECIFICADO AGUDA CON HEMORRAGIA Y PERFORACION"
K273,3907,"ULCERA PEPTICA, DE SITIO NO ESPECIFICADO AGUDA SIN HEMORRAGIA NI PERFORACION"
K274,3908,"ULCERA PEPTICA, DE SITIO NO ESPECIFICADO CRONICA O NO ESPECIFICADA, CON HEMORRAGIA"
K275,3909,"ULCERA PEPTICA, DE SITIO NO ESPECIFICADO CRONICA O NO ESPECIFICADA, CON PERFORACION"
K276,3910,"ULCERA PEPTICA, DE SITIO NO ESPECIFICADO CRONICA O NO ESPECIFICADA, CON HEMORRAGIA Y PERFORACION"
K277,3911,"ULCERA PEPTICA, DE SITIO NO ESPECIFICADO CRONICA SIN HEMORRAGIA NI PERFORACION"
K279,3912,"ULCERA PEPTICA, DE SITIO NO ESPECIFICADO NO ESPECIFICADA COMO AGUDA NI CRONICA, SIN HEMORRAGIA NI PERFORACION"
K280,3913,ULCERA GASTROYEYUNAL AGUDA CON HEMORRAGIA
K281,3914,ULCERA GASTROYEYUNAL AGUDA CON PERFORACION
K282,3915,ULCERA GASTROYEYUNAL AGUDA CON HEMORRAGIA Y PERFORACION
K283,3916,ULCERA GASTROYEYUNAL AGUDA SIN HEMORRAGIA NI PERFORACION
K284,3917,"ULCERA GASTROYEYUNAL CRONICA O NO ESPECIFICADA, CON HEMORRAGIA"
K285,3918,"ULCERA GASTROYEYUNAL CRONICA O NO ESPECIFICADA, CON PERFORACION"
K286,3919,"ULCERA GASTROYEYUNAL CRONICA O NO ESPECIFICADA, CON HEMORRAGIA Y PERFORACION"
K287,3920,ULCERA GASTROYEYUNAL CRONICA SIN HEMORRAGIA NI PERFORACION
K289,3921,"ULCERA GASTROYEYUNAL NO ESPECIFICADA COMO AGUDA NI CRONICA, SIN HEMORRAGIA NI PERFORACION"
K290,3922,GASTRITIS AGUDA HEMORRAGICA
K291,3923,OTRAS GASTRITIS AGUDAS
K292,3924,GASTRITIS ALCOHOLICA
K293,3925,GASTRITIS CRONICA SUPERFICIAL.
K294,3926,GASTRITIS CRONICA ATROFICA
K295,3927,"GASTRITIS CRONICA, NO ESPECIFICADA"
K296,3928,OTRAS GASTRITIS
K297,3929,"GASTRITIS, NO ESPECIFICADA"
K298,3930,DUODENITIS
K299,3931,"GASTRODUODENITIS, NO ESPECIFICADA"
K30,3932,DISPEPSIA
K310,3933,DILATACION AGUDA DEL ESTOMAGO
K311,3934,ESTENOSIS PILORICA HIPERTROFICA DEL ADULTO
K312,3935,ESTRECHEZ O ESTENOSIS DEL ESTOMAGO EN RELOJ DE ARENA
K313,3936,"ESPASMO DEL PILORO, NO CLASIFICADO EN OTRA PARTE"
K314,3937,DIVERTICULO GASTRICO
K315,3938,OBSTRUCCION DEL DUODENO
K316,3939,FISTULA DEL ESTOMAGO Y DEL DUODENO
K317,3940,POLIPO DEL ESTOMAGO Y DEL DUODENO
K318,3941,OTRAS ENFERMEDADES ESPECIFICADAS DEL ESTOMAGO Y DEL DUODENO
K319,3942,"ENFERMEDAD DEL ESTOMAGO Y DEL DUODENO, NO ESPECIFICADA"
K350,3943,APENDICITIS AGUDA CON PERITONITIS GENERALIZADA
K351,3944,APENDICITIS AGUDA CON ABSCESO PERITONEAL
K359,3945,"APENDICITIS AGUDA, NO ESPECIFICADA"
K36,3946,OTROS TIPOS DE APENDICITIS
K37,3947,"APENDICITIS, NO ESPECIFICADA"
K380,3948,HIPERPLASIA DEL APENDICE
K381,3949,CONCRECIONES APENDICULARES
K382,3950,DIVERTICULO DEL APENDICE
K383,3951,FISTULA DEL APENDICE
K388,3952,OTRAS ENFERMEDADES ESPECIFICADAS DEL APENDICE
K389,3953,"ENFERMEDAD DEL APENDICE, NO ESPECIFICADA"
K400,3954,"HERNIA INGUINAL BILATERAL CON OBSTRUCCION, SIN GANGRENA"
K401,3955,HERNIA INGUINAL BILATERAL CON GANGRENA
K402,3956,"HERNIA INGUINAL BILATERAL, SIN OBSTRUCCION NI GANGRENA"
K403,3957,"HERNIA INGUINAL UNILATERAL O NO ESPECIFICADA, CON OBSTRUCCION, SIN GANGRENA"
K404,3958,"HERNIA INGUINAL UNILATERAL O NO ESPECIFICADA, CON GANGRENA"
K409,3959,"HERNIA INGUINAL UNILATERAL O NO ESPECIFICADA, SIN OBSTRUCION NI GANGRENA"
K410,3960,"HERNIA FEMORAL BILATERAL, CON OBSTRUCCION, SIN GANGRENA"
K411,3961,"HERNIA FEMORAL BILATERAL, CON GANGRENA"
K412,3962,"HERNIA FEMORAL BILATERAL, SIN OBSTRUCCION NI GANGRENA"
K413,3963,"HERNIA FEMORAL UNILATERAL O NO ESPECIFICADA, CON OBSTRUCCION, SIN GANGRENA"
K414,3964,"HERNIA FEMORAL UNILATERAL O NO ESPECIFICADA, CON GANGRENA"
K419,3965,"HERNIA FEMORAL UNILATERAL O NO ESPECIFICADA, SIN OBSTRUCCION NI GANGRENA"
K420,3966,"HERNIA UMBILICAL CON OBSTRUCCION, SIN GANGRENA"
K421,3967,HERNIA UMBILICAL CON GANGRENA
K429,3968,HERNIA UMBILICAL SIN OBSTRUCCION NI GANGRENA
K430,3969,"HERNIA VENTRAL CON OBSTRUCCION, SIN GANGRENA"
K431,3970,HERNIA VENTRAL CON GANGRENA
K439,3971,HERNIA VENTRAL SIN OBSTRUCCION NI GANGRENA
K440,3972,"HERNIA DIAFRAGMATICA CON OBSTRUCCION, SIN GANGRENA"
K441,3973,HERNIA DIAFRAGMATICA CON GANGRENA
K449,3974,HERNIA DIAFRAGMATICA SIN OBSTRUCCIÓN NI GANGRENA
K450,3975,"OTRAS HERNIAS DE LA CAVIDAD ABDOMINAL ESPECIFICADAS, CON OBSTRUCCION, SIN GANGRENA"
K451,3976,"OTRAS HERNIAS DE LA CAVIDAD ABDOMINAL ESPECIFICADAS, CON GANGRENA"
K458,3977,"OTRAS HERNIAS DE LA CAVIDAD ABDOMINAL ESPECIFICADAS, SIN OBSTRUCCION NI GANGRENA"
K460,3978,"HERNIA ABDOMINAL NO ESPECIFICADA, CON OBSTRUCCION, SIN GANGRENA"
K461,3979,"HERNIA ABDOMINAL NO ESPECIFICADA, CON GANGRENA"
K469,3980,"HERNIA ABDOMINAL NO ESPECIFICADA, SIN OBSTRUCCION NI GANGRENA"
K500,3981,ENFERMEDAD DE CROHN DEL INTESTINO DELGADO
K501,3982,ENFERMEDAD DE CROHN DEL INTESTINO GRUESO
K508,3983,OTROS TIPOS DE ENFERMEDAD DE CROHN
K509,3984,"ENFERMEDAD DE CROHN, NO ESPECIFICADA"
K510,3985,ENTEROCOLITIS (CRONICA) ULCERATIVA
K511,3986,ILEOCOLITIS (CRONICA) ULCERATIVA
K512,3987,PROCTITIS (CRONICA) ULCERATIVA
K513,3988,RECTOSIGMOIDITIS (CRONICA) ULCERATIVA
K514,3989,SEUDOPOLIPOSIS DEL COLON
K515,3990,PROCTOCOLITIS MUCOSA
K518,3991,OTRAS COLITIS ULCERATIVAS
K519,3992,"COLITIS ULCERATIVA, SIN OTRA ESPECIFICACION"
K520,3993,COLITIS Y GASTROENTERITIS DEBIDAS A RADIACION
K521,3994,COLITIS Y GASTROENTERITIS TOXICAS
K522,3995,COLITIS Y GASTROENTERITIS ALERGICAS Y DIETETICAS
K528,3996,OTRAS COLITIS Y GASTROENTERITIS NO INFECCIOSAS ESPECIFICADAS
K529,3997,"COLITIS Y GASTROENTERITIS NO INFECCIOSAS, NO ESPECIFICADAS"
K550,3998,TRASTORNO VASCULAR AGUDO DE LOS INTESTINOS
K551,3999,TRASTORNO VASCULAR CRONICO DEL INTESTINO
K552,4000,ANGIODISPLASIA DEL COLON
K558,4001,OTROS TRASTORNOS VASCULARES DEL INTESTINO
K559,4002,"TRASTORNO VASCULAR DEL INTESTINO, NO ESPECIFICADO"
K560,4003,ILEO PARALITICO
K561,4004,INVAGINACION
K562,4005,VOLVULO
K563,4006,ILEO POR CALCULO BILIAR
K564,4007,OTRAS OBSTRUCCIONES DEL INTESTINO
K565,4008,ADHERENCIAS [BRIDAS] INTESTINALES CON OBSTRUCCION
K566,4009,OTRAS OBSTRUCCIONES INTESTINALES Y LAS NO ESPECIFICADAS
K567,4010,"ILEO, NO ESPECIFICADO"
K570,4011,ENFERMEDAD DIVERTICULAR DEL INTESTINO DELGADO CON PERFORACION Y ABSCESO
K571,4012,ENFERMEDAD DIVERTICULAR DEL INTESTINO DELGADO SIN PERFORACION NI ABSCESO
K572,4013,ENFERMEDAD DIVERTICULAR DEL INTESTINO GRUESO CON PERFORACION Y ABSCESO
K573,4014,ENFERMEDAD DIVERTICULAR DEL INTESTINO GRUESO SIN PERFORACION NI ABSCESO
K574,4015,ENFERMEDAD DIVERTICULAR DE AMBOS INTESTINOS CON PERFORACION Y ABSCESO
K575,4016,"ENFERMEDAD DIVERTICULAR DE AMBOS INTESTINOS, SIN PERFORACION NI ABSCESO"
K578,4017,"ENFERMEDAD DIVERTICULAR DEL INTESTINO, PARTE NO ESPECIFICADA, CON PERFORACION Y ABSCESO"
K579,4018,"ENFERMEDAD DIVERTICULAR DEL INTESTINO, PARTE NO ESPECIFICADA, SIN PERFORACION NI ABSCESO"
K580,4019,SINDROME DEL COLON IRRITABLE CON DIARREA
K589,4020,SINDROME DEL COLON IRRITABLE SIN DIARREA
K590,4021,CONSTIPACION
K591,4022,DIARREA FUNCIONAL
K592,4023,"INTESTINO NEUROGENICO, NO CLASIFICADO EN OTRA PARTE"
K593,4024,"MEGACOLON, NO CLASIFICADO EN OTRA PARTE"
K594,4025,ESPASMO ANAL
K598,4026,OTROS TRASTORNOS FUNCIONALES ESPECIFICADOS DEL INTESTINO
K599,4027,"TRASTORNO FUNCIONAL INTESTINAL, NO ESPECIFICADO"
K600,4028,FISURA ANAL AGUDA
K601,4029,FISURA ANAL CRONICA
K602,4030,"FISURA ANAL, NO ESPECIFICADA"
K603,4031,FISURA ANAL
K604,4032,FISTULA RECTAL
K605,4033,FISTULA ANORRECTAL
K610,4034,ABSCESO ANAL
K611,4035,ABSCESO RECTAL
K612,4036,ABSCESO ANORRECTAL
K613,4037,ABSCESO ISQUIORRECTAL
K614,4038,ABSCESO INTRAESFINTERIANO
K620,4039,POLIPO ANAL
K621,4040,POLIPO RECTAL
K622,4041,PROLAPSO ANAL
K623,4042,PROLAPSO RECTAL
K624,4043,ESTENOSIS DEL ANO Y DEL RECTO
K625,4044,HEMORRAGIA DEL ANO Y DEL RECTO
K626,4045,ULCERA DEL ANO Y DEL RECTO
K627,4046,PROCTITIS POR RADIACION
K628,4047,OTRAS ENFERMEDADES ESPECIFICADAS DEL ANO Y DEL RECTO
K629,4048,"ENFERMEDAD DEL ANO Y DEL RECTO, NO ESPECIFICADA"
K630,4049,ABSCESO DEL INTESTINO
K631,4050,PERFORACION DEL INTESTINO (NO TRAUMATICA)
K632,4051,FISTULA DEL INTESTINO
K633,4052,ULCERA DEL INTESTINO
K634,4053,ENTEROPTOSIS
K635,4054,POLIPO DEL COLON
K638,4055,OTRAS ENFERMEDADES ESPECIFICADAS DEL INTESTINO
K639,4056,"ENFERMEDAD DEL INTESTINO, NO ESPECIFICADA"
K650,4057,PERITONITIS AGUDA
K658,4058,OTRAS PERITONITIS
K659,4059,"PERITONITIS, NO ESPECIFICADA"
K660,4060,ADHERENCIAS PERITONEALES
K661,4061,HEMOPERITONEO
K668,4062,OTROS TRASTORNOS ESPECIFICADOS DEL PERITONEO
K669,4063,"TRASTORNO DEL PERITONEO, NO ESPECIFICADO"
K670,4064,PERITONITIS POR CLAMIDIAS (A74.8)
K671,4065,PERITONITIS GONOCOCICA (A54.8)
K672,4066,PERITONITIS SIFILITICA (A52.7)
K673,4067,PERITONITIS TUBERCULOSA (A18.3)
K678,4068,OTROS TRASTORNOS DEL PERITONEO EN ENFERMEDADES INFECCIOSAS CLASIFICADAS EN OTRA PARTE
K700,4069,HIGADO ALCOHOLICO ADIPOSO
K701,4070,HEPATITIS ALCOHOLICA
K702,4071,"FIBROSIS Y ESCLEROSIS DEL HIGADO, ALCOHOLICA"
K703,4072,CIRROSIS HEPATICA ALCOHOLICA
K704,4073,INSUFICIENCIA HEPATICA ALCOHOLICA
K709,4074,"ENFERMEDAD HEPATICA ALCOHOLICA, NO ESPECIFICADA"
K710,4075,"ENFERMEDAD TOXICA DEL HIGADO, CON COLESTASIS"
K711,4076,"ENFERMEDAD TOXICA DEL HIGADO, CON NECROSIS HEPATICA"
K712,4077,"ENFERMEDAD TOXICA DEL HIGADO, CON HEPATITIS AGUDA"
K713,4078,"ENFERMEDAD TOXICA DEL HIGADO, CON HEPATITIS CRONICA PERSISTENTE"
K714,4079,"ENFERMEDAD TOXICA DEL HIGADO, CON HEPATITIS CRONICA LOBULAR"
K715,4080,"ENFERMEDAD TOXICA DEL HIGADO, CON HEPATITIS CRONICA ACTIVA"
K716,4081,"ENFERMEDAD TOXICA DEL HIGADO, CON HEPATITIS NO CLASIFICADA EN OTRA PARTE"
K717,4082,"ENFERMEDAD TOXICA DEL HIGADO, CON CIRROSIS Y FIBROSIS DEL HIGADO"
K718,4083,"ENFERMEDAD TOXICA DEL HIGADO, CON OTROS TRASTORNOS HEPATICOS"
K719,4084,"ENFERMEDAD TOXICA DEL HIGADO, NO ESPECIFICADA"
K720,4085,INSUFICIENCIA HEPATICA AGUDA O SUBAGUDA
K721,4086,INSUFICIENCIA HEPATICA CRONICA
K729,4087,"INSUFICIENCIA HEPATICA, NO ESPECIFICADA"
K730,4088,"HEPATITIS CRONICA PERSISTENTE, NO CLASIFICADA EN OTRA PARTE"
K731,4089,"HEPATITIS CRONICA LOBULAR, NO CLASIFICADA EN OTRA PARTE"
K732,4090,"HEPATITIS CRONICA ACTIVA, NO CLASIFICADA EN OTRA PARTE"
K738,4091,"OTRAS HEPATITIS CRONICAS, NO CLASIFICADAS EN OTRA PARTE"
K739,4092,"HEPATITIS CRONICA, NO ESPECIFICADA"
K740,4093,FIBROSIS HEPATICA
K741,4094,ESCLEROSIS HEPATICA
K742,4095,FIBROSIS HEPATICA CON ESCLEROSIS HEPATICA
K743,4096,CIRROSIS BILIAR PRIMARIA
K744,4097,CIRROSIS BILIAR SECUNDARIA
K745,4098,"CIRROSIS BILIAR, NO ESPECIFICADA"
K746,4099,OTRAS CIRROSIS DEL HIGADO Y LA NO ESPECIFICADAS
K750,4100,ABSCESO DEL HIGADO
K751,4101,FLEBITIS DE LA VENA PORTA
K752,4102,HEPATITIS REACTIVA NO ESPECIFICA
K753,4103,"HEPATITIS GRANULOMATOSA, NO CLASIFICADA EN OTRA PARTE"
K754,4104,HEPATITIS AUTOINMUNE
K758,4105,"OTRAS ENFERMEDADES INFLAMATORIAS DEL HIGADO, ESPECIFICADAS"
K759,4106,"ENFERMEDAD INFLAMATORIA DEL HIGADO, NO ESPECIFICADA"
K760,4107,"DEGENERACION GRASA DEL HIGADO, NO CLASIFICADA EN OTRA PARTE"
K761,4108,CONGESTION PASIVA CRONICA DEL HIGADO
K762,4109,NECROSIS HEMORRAGICA CENTRAL DEL HIGADO
K763,4110,INFARTO DEL HIGADO
K764,4111,PELIOSIS HEPATICA
K765,4112,ENFERMEDAD VENO-OCLUSIVA DEL HIGADO
K766,4113,HIPERTENSION PORTAL
K767,4114,SINDROME HEPATORRENAL
K768,4115,OTRAS ENFERMEDADES ESPECIFICAS DEL HIGADO
K769,4116,"ENFERMEDAD DEL HIGADO, NO ESPECIFICADA"
K770,4117,TRASTORNOS DEL HIGADO EN ENFERMEDADES INFECCIOSAS Y PARASITARIAS CLASIFICADAS EN OTRA PARTE
K778,4118,TRASTORNO DEL HIGADO EN OTRAS ENFERMEDADES CLASIFICADAS EN OTRA PARTE
K800,4119,CALCULO DE LA VESICULA BILIAR CON COLECISTITIS AGUDA
K801,4120,CALCULO DE LA VESICULA BILIAR CON OTRA COLECISTITIS
K802,4121,CALCULO DE LA VESICULA BILIAR SIN COLECISTITIS
K803,4122,CALCULO DE CONDUCTO BILIAR CON COLANGITIS
K804,4123,CALCULO DE CONDUCTO BILIAR CON COLECISTITIS
K805,4124,CALCULO DE CONDUCTO BILIAR SIN COLANGITIS NI COLECISTITIS
K808,4125,OTRAS COLELITIASIS
K810,4126,COLECISTITIS AGUDA
K811,4127,COLECISTITIS CRONICA
K818,4128,OTRAS COLECISTITIS
K819,4129,"COLECISTITIS, NO ESPECIFICADA"
K820,4130,OBSTRUCCION DE LA VESICULA BILIAR
K821,4131,HIDROPESIA DE LA VESICULA BILIAR
K822,4132,PERFORACION DE LA VESICULA BILIAR
K823,4133,FISTULA DE LA VESICULA BILIAR
K824,4134,COLESTEROLOSIS DE LA VESICULA BILIAR
K828,4135,OTRAS ENFERMEDADES ESPECIFICADAS DE LA VESICULA BILIAR
K829,4136,"ENFERMEDAD DE LA VESICULA BILIAR, NO ESPECIFICADA"
K830,4137,COLANGITIS
K831,4138,OBSTRUCCION DEL CONDUCTO BILIAR
K832,4139,PERFORACION DEL CONDUCTO BILIAR
K833,4140,FISTULA DEL CONDUCTO BILIAR
K834,4141,ESPASMO DEL ESFINTER DE ODDI
K835,4142,QUISTE BILIAR
K838,4143,OTRAS ENFERMEDADES ESPECIALIZADAS DE LAS VIAS BILIARES
K839,4144,"ENFERMEDAD DE LAS VIAS BILIARES, NO ESPECIFICADA"
K85,4145,PANCREATITIS AGUDA
K860,4146,PANCREATITIS CRONICA INDUCIDA POR EL ALCOHOL
K861,4147,OTRAS PANCREATITIS CRONICAS
K862,4148,QUISTE DEL PANCREAS
K863,4149,SEUDOQUISTE DEL PANCREAS
K868,4150,OTRAS ENFERMEDADES ESPECIFICADAS DEL PANCREAS
K869,4151,"ENFERMEDAD DEL PANCREAS, NO ESPECIFICADA"
K870,4152,TRASTORNOS DE LA VESICULA BILIAR Y DE LAS VIAS BILIARES EN ENFERMEDADES CLASIFICADAS EN OTRA PARTE
K871,4153,TRASTORNOS DEL PANCREAS EN ENFERMEDADES CLASIFICADAS EN OTRA PARTE
K900,4154,ENFERMEDAD CELIACA
K901,4155,ESPRUE TROPICAL
K902,4156,"SINDROME DEL ASA CIEGA, NO CLASIFICADO EN OTRA PARTE"
K903,4157,ESTEATORREA PANCREATICA
K904,4158,"MALABSORCION DEBIDA A INTOLERANCIA, NO CLASIFICADA EN OTRA PARTE"
K908,4159,OTROS TIPOS DE MALABSORCION INTESTINAL
K909,4160,"MALABSORCION INTESTINAL, NO ESPECIFICADA"
K910,4161,VOMITO POSTCIRUGIA GASTROINTESTINAL
K911,4162,SINDROMES CONSECUTIVOS A LA CIRUGIA GASTRICA
K912,4163,"MALABSORCION POSTQUIRURGICA, NO CLASIFICADA EN OTRA PARTE"
K913,4164,OBSTRUCION INTESTINAL POSTOPERATORIA
K914,4165,DISFUNCION DE COLOSTOMIA O ENTEROSTOMIA
K915,4166,SINDROME POSTCOLECISTECTOMIA
K918,4167,"OTROS TRASTORNOS DEL SISTEMA DIGESTIVO CONSECUTIVOS A PROCEDIMIENTOS, NO CLASIFICADOS EN OTRA PARTE"
K919,4168,TRASTORNO NO ESPECIFICADO AL SISTEMA DIGESTIVO CONSECUTIVO A PROCEDIMIENTOS
K920,4169,HEMATEMESIS
K921,4170,MELENA
K922,4171,"HEMORRAGIA GASTROINTESTINAL, NO ESPECIFICADA"
K928,4172,OTRAS ENFERMEDADES ESPECIFICADAS DEL SISTEMA DIGESTIVO
K929,4173,"ENFERMEDAD DEL SISTEMA DIGESTIVO, NO ESPECIFICADA"
K930,4174,"TRASTORNOS TUBERCULOSOS DEL INTESTINO, PERITONEO Y GANGLIOS MESENTERICOS (A18.3)"
K931,4175,MEGACOLON EN LA ENFERMEDAD DE CHAGAS (B57.3)
K938,4176,TRASTORNOS DE OTROS ORGANOS DIGESTIVOS ESPECIFICADOS EN ENFERMEDADES CLASIFICADAS EN OTRA PARTE
L00,4177,SINDROME ESTAFILOCOCICO DE LA PIEL ESCALDADA
L010,4178,IMPETIGO [CUALQUIER SITIO ANATOMICO] [CUALQUIER ORGANISMO]
L011,4179,IMPETIGINIZACION DE OTRAS DERMATOSIS
L020,4180,"ABSCESO CUTANEO, FURUNCULO Y ANTRAX DE LA CARA"
L021,4181,"ABSCESO CUTANEO, FURUNCULO Y ANTRAX DE LA CUELLO"
L022,4182,"ABSCESO CUTANEO, FURUNCULO Y ANTRAX DEL TRONCO"
L023,4183,"ABSCESO CUTANEO, FURUNCULO Y ANTRAX DE GLUTEOS"
L024,4184,"ABSCESO CUTANEO, FURUNCULO Y ANTRAX DE MIEMBRO"
L028,4185,"ABSCESO CUTANEO, FURUNCULO Y ANTRAX DE OTROS SITIOS"
L029,4186,"ABSCESO CUTANEO, FURUNCULO Y ANTRAX DE SITIO NO ESPECIFICADO"
L030,4187,CELULITIS DE LOS DEDOS DE LA MANO Y DEL PIE
L031,4188,CELULITIS DE OTRAS PARTES DE LOS MIEMBROS
L032,4189,CELULITIS DE LA CARA
L033,4190,CELULITIS DEL TRONCO
L038,4191,CELULITIS DE OTROS SITIOS
L039,4192,CELULITIS DE SITIO NO ESPECIFICADO
L040,4193,"LINFADENITIS AGUDA DE CARA, CABEZA Y CUELLO"
L041,4194,LINFADENITIS AGUDA DEL TRONCO
L042,4195,LINFADENITIS AGUDA DEL MIEMBRO SUPERIOR
L043,4196,LINFADENITIS AGUDA DEL MIEMBRO INFERIOR
L048,4197,LINFADENITIS AGUDA DE OTROS SITIOS
L049,4198,LINFADENITIS AGUDA DE SITIO NO ESPECIFICADO
L050,4199,QUISTE PILONIDAL CON ABSCESO
L059,4200,QUISTE PILONIDAL SIN ABSCESO
L080,4201,PIODERMA
L081,4202,ERITRASMA
L088,4203,OTRAS INFECCIONES LOCALES ESPECIFICADAS DE LA PIEL Y DEL TEJIDO SUBCUTANEO
L089,4204,"INFECCION LOCAL DE LA PIEL Y DEL TEJIDO SUBCUTANEO, NO ESPECIFICADA"
L100,4205,PENFIGO VULGAR
L101,4206,PENFIGO VEGETANTE
L102,4207,PENFIGO FOLIACEO
L103,4208,PENFIGO BRASILEÑO [FOGO SELVAGEM]
L104,4209,PENFIGO ERITEMATOSO
L105,4210,PENFIGO INDUCIDO POR DROGAS
L108,4211,OTROS PENFIGOS
L109,4212,"PENFIGO, NO ESPECIFICADO"
L110,4213,QUERATOSIS FOLICULAR ADQUIRIDA
L111,4214,DERMATOSIS ACANTOLITICA TRANSITORIA [GROVER]
L118,4215,OTROS TRASTORNOS ACANTOLITICOS ESPECIFICADOS
L119,4216,"TRASTORNO ACANTOLITICO, NO ESPECIFICADO"
L120,4217,PENFIGOIDE FLICTENULAR
L121,4218,PENFIGOIDE CICATRICIAL
L122,4219,ENFERMEDAD FLICTENULAR CRONICA DE LA INFANCIA
L123,4220,EPIDERMOLISIS BULLOSA ADQUIRIDA
L128,4221,OTROS PENFIGOIDES
L129,4222,"PENFIGOIDE, NO ESPECIFICADO"
L130,4223,DERMATITIS HERPETIFORME
L131,4224,DERMATITIS PUSTULOSA SUBCORNEAL
L138,4225,OTROS TRASTORNOS FLICTENULARES ESPECIFICADOS
L139,4226,"TRASTORNO FLICTENULAR, NO ESPECIFICADO"
L14,4227,TRASTORNOS FLICTENULARES EN ENFERMEDADES CLASIFICADAS EN OTRA PARTE
L200,4228,PRURIGO DE BESNIER
L208,4229,OTRAS DERMATITIS ATOPICAS
L209,4230,"DERMATITIS ATOPICA, NO ESPECIFICADA"
L210,4231,SEBORREA CAPITIS
L211,4232,DERMATITIS SEBORREICA INFANTIL
L218,4233,OTRAS DERMATITIS SEBORREICAS
L219,4234,"DERMATITIS SEBORREICA, NO ESPECIFICADA"
L22,4235,DERMATITIS DEL PAÑAL
L230,4236,DERMATITIS ALERGICA DE CONTACTO DEBIDA A METALES
L231,4237,DERMATITIS ALERGICA DE CONTACTO DEBIDA A ADHESIVOS
L232,4238,DERMATITIS ALERGICA DE CONTACTO DEBIDA A COSMETICOS
L233,4239,DERMATITIS ALERGICA DE CONTACTO DEBIDA A DROGAS EN CONTACTO CON LA PIEL
L234,4240,DERMATITIS ALERGICA DE CONTACTO DEBIDA A COLORANTES
L235,4241,DERMATITIS ALERGICA DE CONTACTO DEBIDA A OTROS PRODUCTOS QUIMICOS
L236,4242,DERMATITIS ALERGICA DE CONTACTO DEBIDA A ALIMENTOS EN CONTACTO CON LA PIEL
L237,4243,"DERMATITIS ALERGICA DE CONTACTO DEBIDA A PLANTAS, EXCEPTO LAS ALIMENTICIAS"
L238,4244,DERMATITIS ALERGICA DE CONTACTO DEBIDA A OTROS AGENTES
L239,4245,"DERMATITIS ALERGICA DE CONTACTO, DE CAUSA NO ESPECIFICADA"
L240,4246,"DERMATITIS DE CONTACTO POR IRRITANTES, DEBIDA A DETERGENTES"
L241,4247,"DERMATITIS DE CONTACTO POR IRRITANTES, DEBIDA A ACEITES Y GRASAS"
L242,4248,"DERMATITIS DE CONTACTO POR IRRITANTES, DEBIDA A DISOLVENTES"
L243,4249,"DERMATITIS DE CONTACTO POR IRRITANTES, DEBIDA A COSMETICOS"
L244,4250,"DERMATITIS DE CONTACTO POR IRRITANTES, DEBIDA A DROGAS EN CONTACTO CON LA PIEL"
L245,4251,"DERMATITIS DE CONTACTO POR IRRITANTES, DEBIDA A OTROS PRODUCTOS QUIMICOS"
L246,4252,"DERMATITIS DE CONTACTO POR IRRITANTES, DEBIDA A ALIMENTOS EN CONTACTO CON LA PIEL"
L247,4253,"DERMATITIS DE CONTACTO POR IRRITANTES, DEBIDA A PLANTAS, EXCEPTO LAS ALIMENTICIAS"
L248,4254,"DERMATITIS DE CONTACTO POR IRRITANTES, DEBIDA A OTROS AGENTES"
L249,4255,"DERMATITIS DE CONTACTO POR IRRITANTES, DE CAUSA NO ESPECIFICADA"
L250,4256,"DERMATITIS DE CONTACTO, FORMA NO ESPECIFICADA, DEBIDA A COSMETICOS"
L251,4257,"DERMATITIS DE CONTACTO, FORMA NO ESPECIFICADA, DEBIDA A DROGAS EN CONTACTO CON LA PIEL"
L252,4258,"DERMATITIS DE CONTACTO, FORMA NO ESPECIFICADA, DEBIDA A COLORANTES"
L253,4259,"DERMATITIS DE CONTACTO, FORMA NO ESPECIFICADA, DEBIDA A OTROS PRODUCTOS QUIMICOS"
L254,4260,"DERMATITIS DE CONTACTO, FORMA NO ESPECIFICADA, DEBIDA A ALIMENTOS EN CONTACTO CON LA PIEL"
L255,4261,"DERMATITIS DE CONTACTO, FORMA NO ESPECIFICADA, , DEBIDA A PLANTAS, EXCEPTO LAS ALIMENTICIAS"
L258,4262,"DERMATITIS DE CONTACTO, FORMA NO ESPECIFICADA, DEBIDA A OTROS AGENTES"
L259,4263,"DERMATITIS DE CONTACTO, FORMA Y CAUSA NO ESPECIFICADAS"
L26,4264,DERMATITIS EXFOLIATIVA
L270,4265,ERUPCION CUTANEA GENERALIZADA DEBIDA A DROGAS Y MEDICAMENTOS
L271,4266,ERUPCION CUTANEA LOCALIZADA DEBIDA A DROGAS Y MEDICAMENTOS
L272,4267,DERMATITIS DEBIDA A INGESTION DE ALIMENTOS
L278,4268,DERMATITIS DEBIDA A OTRAS SUSTANCIAS INGERIDAS
L279,4269,DERMATITIS DEBIDA A SUSTANCIAS INGERIDAS NO ESPECIFICADAS
L280,4270,LIQUEN SIMPLE CRONICO
L281,4271,PRURIGO NODULAR
L282,4272,OTROS PRURIGOS
L290,4273,PRURITO ANAL
L291,4274,PRURITO ESCROTAL
L292,4275,PRURITO VULVAR
L293,4276,"PRURITO ANOGENITAL, NO ESPECIFICADO"
L298,4277,OTROS PRURITOS
L299,4278,"PRURITO, NO ESPECIFICADO"
L300,4279,DERMATITIS NUMULAR
L301,4280,DISHIDROSIS [PONFOLIX]
L302,4281,AUTOSENSIBILIZACION CUTANEA
L303,4282,DERMATITIS INFECCIOSA
L304,4283,ERITEMA INTERTRIGO
L305,4284,PITIRIASIS ALBA
L308,4285,OTRAS DERMATITIS ESPECIFICADAS
L309,4286,"DERMATITIS, NO ESPECIFICADA"
L400,4287,PSORIASIS VULGAR
L401,4288,PSORIASIS PUSTULOSA GENERALIZADA
L402,4289,ACRODERMATITIS CONTINUA
L403,4290,PUSTULOSIS PALMAR Y PLANTAR
L404,4291,PSORIASIS GUTTATA
L405,4292,"ARTROPATIA PSORIASICA (M07.0*-M07.3*, M09.0*)"
L408,4293,OTRAS PSORIASIS
L409,4294,"PSORIASIS, NO ESPECIFICADA"
L410,4295,PITIRIASIS LINQUENOIDE Y VARIOLIFORME AGUDA
L411,4296,PITIRIASIS LINQUENOIDE CRONICA
L412,4297,PAPULOSIS LINFOMATOIDE
L413,4298,PARAPSORIASIS EN PLACAS PEQUEÑAS
L414,4299,PARAPSORIASIS EN PLACAS GRANDES
L415,4300,PARAPSORIASIS RETIFORME
L418,4301,OTRAS PARAPSORIASIS
L419,4302,"PARAPSORIASIS, NO ESPECIFICADA"
L42,4303,PITIRIASIS ROSADA
L430,4304,LIQUEN PLANO HIPERTROFICO
L431,4305,LIQUEN PLANO FLICTENULAR
L432,4306,REACCION LINQUENOIDE DEBIDA A DROGAS
L433,4307,LIQUEN PLANO SUBAGUDO (ACTIVO)
L438,4308,OTROS LIQUENES PLANOS
L439,4309,"LIQUEN PLANO, NO ESPECIFICADO"
L440,4310,PITIRIASIS RUBRA PILARIS
L441,4311,LIQUEN NITIDO
L442,4312,LIQUEN ESTRIADO
L443,4313,LIQUEN ROJO MONILIFORME
L444,4314,ACRODERMATITIS PAPULAR INFANTIL [GIANNOTTI-CROSTI]
L448,4315,OTROS TRASTORNOS PALPULOESCAMOSOS ESPECIFICADOS
L449,4316,"TRASTORNO PAPULOESCAMOSO, NO ESPECIFICADO"
L45,4317,TRASTORNOS PAPULOESCAMOSOS EN ENFERMEDADES CLASIFICADAS EN OTRA PARTE
L500,4318,URTICARIA ALERGICA
L501,4319,URTICARIA IDIOPATICA
L502,4320,URTICARIA DEBIDA AL CALOR Y AL FRIO
L503,4321,URTICARIA DERMATOGRAFICA
L504,4322,URTICARIA VIBRATORIA
L505,4323,URTICARIA COLINERGICA
L506,4324,URTICARIA POR CONTACTO
L508,4325,OTRAS URTICARIAS
L509,4326,"URTICARIA, NO ESPECIFICADA"
L510,4327,ERITEMA MULTIFORME NO FLICTENULAR
L511,4328,ERITEMA MULTIFORME FLICTENULAR
L512,4329,NECROLISIS EPIDERMICA TOXICA [LYELL]
L518,4330,OTROS ERITEMAS MULTIFORMES
L519,4331,"ERITEMA MULTIFORME, NO ESPECIFICADO"
L52,4332,ERITEMA NUDOSO
L530,4333,ERITEMA TOXICO
L531,4334,ERITEMA ANULAR CENTRIFUGO
L532,4335,ERITEMA MARGINADO
L533,4336,OTROS ERITEMAS FIGURADOS CRONICOS
L538,4337,OTRAS AFECCIONES ERITEMATOSAS ESPECIFICADAS
L539,4338,"AFECCION ERITEMATOSA, NO ESPECIFICADA"
L540,4339,ERITEMA MARGINADO EN LA FIEBRE REUMATICA AGUDA (I00)
L548,4340,ERITEMA EN OTRAS ENFERMEDADES CLASIFICADAS EN OTRA PARTE
L550,4341,QUEMADURA SOLAR PRIMER GRADO
L551,4342,QUEMADURA SOLAR SEGUNDO GRADO
L552,4343,QUEMADURA SOLAR TERCER GRADO
L558,4344,OTRAS QUEMADURAS SOLARES
L559,4345,"QUEMADURA SOLAR, NO ESPECIFICADA"
L560,4346,RESPUESTA FOTOTOXICA A DROGAS
L561,4347,RESPUESTA FOTOALERGICA A DROGAS
L562,4348,DERMATITIS POR FOTOCONTACTO [DERMATITIS DE BERLOQUE]
L563,4349,URTICARIA SOLAR
L564,4350,ERUPCION POLIMORFA A LA LUZ
L568,4351,OTROS CAMBIOS AGUDOS ESPECIFICADOS DE LA PIEL DEBIDOS A RADIACION ULTRAVIOLETA
L569,4352,"CAMBIO AGUDO DE LA PIEL DEBIDO A RADIACION ULTRAVIOLETA, SIN OTRA ESPECIFICACION"
L570,4353,QUERATOSIS ACTINICA
L571,4354,RETICULOIDE ACTINICO
L572,4355,PIEL ROMBOIDAL DE LA NUCA
L573,4356,POIQUILODERMIA DE CIVATTE
L574,4357,PIEL LAXA SENIL
L575,4358,GRANULOMA ACTINICO
L578,4359,OTROS CAMBIOS DE LA PIEL DEBIDOS A EXPOSICION CRONICA A RADIACION NO IONIZANTE
L579,4360,"CAMBIOS DE LA PIEL DEBIDOS A EXPOSICION CRONICA A RADIACION NO IONIZANTE, SIN OTRA ESPECIFICACION"
L580,4361,RADIODERMATITIS AGUDA
L581,4362,RADIODERMATITIS CRONICA
L589,4363,"RADIODERMATITIS, NO ESPECIFICADA"
L590,4364,ERITEMA AB IGNE [DERMATITIS AB IGNE]
L598,4365,OTROS TRASTORNOS ESPECIFICADOS DE LA PIEL Y DEL TEJIDO SUBCUTANEO RELACIONADOS CON RADIACION
L599,4366,TRASTORNOS NO ESPECIFICADOS DE LA PIEL Y DEL TEJIDO SUBCUTANEO RELACIONADOS CON RADIACION
L600,4367,UÑA ENCARNADA
L601,4368,ONICOLISIS
L602,4369,ONICOGRIPOSIS
L603,4370,DISTROFIA UNGUEAL
L604,4371,LINEAS DE BEAU
L605,4372,SINDROME DE LA UÑA AMARILLA
L608,4373,OTROS TRASTORNOS DE LAS UÑAS
L609,4374,"TRASTORNO DE LA UÑA, NO ESPECIFICADO"
L620,4375,UÑA DEFORME DE LA PAQUIDERMOPERIOSTOSIS (M89.4)
L628,4376,TRASTORNOS DE LAS UÑAS EN OTRAS ENFERMEDADES CLASIFICADAS EN OTRA PARTE
L630,4377,ALOPECIA (CAPITIS) TOTAL
L631,4378,ALOPECIA UNIVERSAL
L632,4379,OFIASIS
L638,4380,OTRAS ALOPECIAS AREATAS
L639,4381,"ALOPECIA AREATA, NO ESPECIFICADA"
L640,4382,"ALOPECIA ANDROGENA, INDUCIDA POR DROGAS"
L648,4383,OTRAS ALOPECIAS ANDROGENAS
L649,4384,"ALOPECIA ANDROGENA, NO ESPECIFICADA"
L650,4385,PERDIDA CAPILAR TELOGENA
L651,4386,PERDIDA CAPILAR ANAGENA
L652,4387,ALOPECIA MUCINOSA
L658,4388,OTRAS PERDIDAS ESPECIFICADAS NO CICATRICIALES DEL PELO
L659,4389,"PERDIDA NO CICATRICIAL DEL PELO, SIN OTRA ESPECIFICACION"
L660,4390,SEUDOPELADA
L661,4391,LIQUEN PLANO PILARIS
L662,4392,FOLICULITIS DECALVANTE
L663,4393,PERIFOLICULITIS CAPITIS ABSCEDENS
L664,4394,FOLICULITIS ULERITEMATOSA RETICULADA
L668,4395,OTRAS ALOPECIAS CICATRICIALES
L669,4396,"ALOPECIA CICATRICIAL, NO ESPECIFICADA"
L670,4397,TRICORREXIS NUDOSA
L671,4398,VARIACION DEL COLOR DEL PELO
L678,4399,OTRAS ANOMALIAS DEL TALLO Y DEL COLOR DEL PELO
L679,4400,ANORMALIDAD NO ESPECIFICADA DEL TALLO Y DEL COLOR DEL PELO
L680,4401,HIRSUTISMO
L681,4402,HIPERTRICOSIS LANUGINOSA ADQUIRIDA
L682,4403,HIPERTRICOSIS LOCALIZADA
L683,4404,POLITRIQUIA
L688,4405,OTRAS HIPERTRICOSIS
L689,4406,"HIPERTRICOSIS , NO ESPECIFICADA"
L700,4407,ACNE VULGAR
L701,4408,ACNE CONGLOBADO
L702,4409,ACNE VARIOLIFORME
L703,4410,ACNE TROPICAL
L704,4411,ACNE INFANTIL
L705,4412,ACNE EXCORIADO DE LA MUJER JOVEN
L708,4413,OTROS ACNES
L709,4414,"ACNE, NO ESPECIFICADO"
L710,4415,DERMATITIS PERIBUCAL
L711,4416,RINOFIMA
L718,4417,OTRAS ROSACEAS
L719,4418,"ROSACEA, NO ESPECIFICADA"
L720,4419,QUISTE EPIDERMICO
L721,4420,QUISTE TRICODERMICO
L722,4421,ESTEATOCISTOMA MULTIPLE
L728,4422,OTROS QUISTES FOLICULARES DE LA PIEL Y DEL TEJIDO SUBCUTANEO
L729,4423,"QUISTE FOLICULAR DE LA PIEL Y DEL TEJIDO SUBCUTANEO, SIN OTRA ESPECIFICACION"
L730,4424,ACNE QUELOIDE
L731,4425,SEUDOFOLICULITIS DE LA BARBA
L732,4426,HIDRADENITIS SUPURATIVA
L738,4427,OTROS TRASTORNOS FOLICULARES ESPECIFICADOS
L739,4428,"TRASTORNO FOLICULAR, NO ESPECIFICADO"
L740,4429,MILIARIA RUBRA
L741,4430,MILIARIA CRISTALINA
L742,4431,MILIARIA PROFUNDA
L743,4432,"MILIARIA , NO ESPECIFICADA"
L744,4433,ANHIDROSIS
L748,4434,OTROS TRASTORNOS SUDORIPADOS ECRINOS
L749,4435,"TRASTORNO SUDORIPARO ECRINO, NO ESPECIFICADO"
L750,4436,BROMHIDROSIS
L751,4437,CROMHIDROSIS
L752,4438,MILIARIA APOCRINA
L758,4439,OTROS TRASTORNOS SUDORIPARO APOCRINO
L759,4440,"TRASTORNO SUDORIPARO APOCRINO, NO ESPECIFICADO"
L80,4441,VITILIGO
L810,4442,HIPERPIGMENTACION POSTINFLAMATORIA
L811,4443,CLOASMA
L812,4444,EFELIDE
L813,4445,MANCHAS CAFÉ CON LECHE
L814,4446,OTROS TIPOS DE HIPERPIGMENTACION MELANODERMICA
L815,4447,"LEUCODERMIA, NO CLASIFICADA EN OTRA PARTE"
L816,4448,OTROS TRASTORNOS DE DISMINUCION DE LA FORMACION DE LA MELANINA
L817,4449,DERMATOSIS PURPURICA PIGMENTADA
L818,4450,OTROS TRASTORNOS ESPECIFICADOS DE LA PIGMENTACION
L819,4451,"TRASTORNO DE LA PIGMENTACION, NO ESPECIFICADO"
L82,4452,QUERATOSIS SEBORREICA
L83,4453,ACANTOSIS NIGRICANS
L84,4454,CALLOS Y CALLOSIDADES
L850,4455,ICTIOSIS ADQUIRIDA
L851,4456,QUERATOSIS [QUERATODERMIA] PALMAR Y PLANTAR ADQUIRIDA
L852,4457,QUERATOSIS PUNCTATA (PALMAR Y PLANTAR)
L853,4458,XEROSIS DEL CUTIS
L858,4459,OTROS ENGROSAMIENTOS EPIDERMICOS ESPECIFICADOS
L859,4460,"ENGROSAMIENTO EPIDERMICO, NO ESPECIFICADO"
L86,4461,QUERODERMA EN ENFERMEDADES CLASIFICADAS EN OTRA PARTE
L870,4462,QUERATOSIS FOLICULAR Y PARAFOLICULAR PENETRANTE DEL CUTIS [KYRLE]
L871,4463,COLAGENOSIS PERFORANTE REACTIVA
L872,4464,ELASTOSIS SERPIGINOSA PERFORANTE
L878,4465,OTROS TRASTORNOS DE LA ELIMINACION TRANSEPIDERMICA
L879,4466,TRASTORNO DE LA ELIMINACION TRANSEPIDERMICA. NO ESPECIFICADO
L88,4467,PIODERMA GANGRENOSO
L89,4468,ULCERA DE DECUBITO
L900,4469,LIQUEN ESCLEROSO Y ATROFICO
L901,4470,ANETODERMIA DE SCHWENINGER-BUZZI
L902,4471,ANETODERMIA DE JADASSOHN-PELLIZZARI
L903,4472,ATROFODERMA DE PASINI Y PIERINI
L904,4473,ACRODERMATITIS CRONICA ATROFICA
L905,4474,FIBROSIS Y AFECCIONES CICATRICIALES DE LA PIEL
L906,4475,ESTRIAS ATROFICAS
L908,4476,OTROS TRASTORNOS ATROFICOS DE LA PIEL
L909,4477,"TRASTORNO ATROFICO DE LA PIEL, NO ESPECIFICADO"
L910,4478,CICATRIZ QUELOIDE
L918,4479,OTROS TRASTORNOS HIPERTROFICOS DE LA PIEL
L919,4480,"TRASTORNO HIPERTROFICO DE LA PIEL, NO ESPECIFICADO"
L920,4481,GRANULOMA ANULAR
L921,4482,"NECROBIOSIS LIPIDICA, NO CLASIFICADA EN OTRA PARTE"
L922,4483,GRANULOMA FACIAL [GRANULOMA EOSINOFILO DE LA PIEL]
L923,4484,GRANULOMA POR CUERPO EXTRAÑO DE LA PIEL Y EN EL TEJIDO SUBCUTANEO
L928,4485,OTROS TRASTORNOS GRANULOMATOSOS DE LA PIEL Y DEL TEJIDO SUBCUTANEO
L929,4486,"TRASTORNO GRANULOMATOSO DE LA PIEL Y DEL TEJIDO SUBCUTANEO, NO ESPECIFICADO"
L930,4487,LUPUS ERITEMATOSO DISCOIDE
L931,4488,LUPUS ERITEMATOSO CUTANEO SUBAGUDO
L932,4489,OTROS LUPUS ERITEMATOSOS LOCALIZADOS
L940,4490,ESCLERODERMA LOCALIZADO [MORFEA]
L941,4491,ESCLERODERMA LINEAL
L942,4492,CALCINOSIS DE LA PIEL
L943,4493,ESCLERODACTILIA
L944,4494,PAPULAS DE GOTTRON
L945,4495,POIQUILODERMIA VASCULAR ATROFICA
L946,4496,AINHUM
L948,4497,OTROS TRASTORNOS LOCALIZADOS ESPECIFICADOS DEL TEJIDO CONJUNTIVO
L949,4498,"TRASTORNO LOCALIZADO DEL TEJIDO CONJUNTIVO, NO ESPECIFICADO"
L950,4499,VASCULITIS LIVEDOIDE
L951,4500,ERITEMA ELEVATUM DIUTINUM
L958,4501,OTRAS VASCULITIS LIMITADAS DE LA PIEL
L959,4502,"VASCULITIS LIMITADA A LA PIEL, SIN OTRA ESPECIFICACION"
L97,4503,"ULCERA DEL MIEMBRO INFERIOR, NO CLASIFICADA EN OTRA PARTE"
L980,4504,GRANULOMA PIOGENO
L981,4505,DERMATITIS FACTICIA
L982,4506,DERMATOSIS NEUTROFILA FEBRIL [SWEET]
L983,4507,CELULITIS EOSINOFILA [WELLS]
L984,4508,"ULCERA CRONICA DE LA PIEL, NO CLASIFICADA EN OTRA PARTE"
L985,4509,MUCINOSIS DE LA PIEL
L986,4510,OTROS TRASTORNOS INFILTRATIVOS DE LA PIEL Y DEL TEJIDO SUBCUTÁNEO
L988,4511,OTROS TRASTORNOS ESPECIFICADOS DE LA PIEL Y DEL TEJIDO SUBCUTANEO
L989,4512,"TRASTORNO DE LA PIEL Y DEL TEJIDO SUBCUTANEO, NO ESPECIFICADO"
L990,4513,AMILOIDOSIS DE LA PIEL (E85.-)
L998,4514,OTROS TRASTORNOS DE LA PIEL Y DEL TEJIDO SUBCUTANEO EN ENFERMEDADES CLASIFICADAS EN OTRA PARTE
M000,4515,ARTRITIS Y POLIARTRITIS ESTAFILOCOCICA
M001,4516,ARTRITIS Y POLIARTRITIS NEUMOCOCICA
M002,4517,ARTRITIS Y POLIARTRITIS ESTREPTOCOCICAS
M008,4518,ARTRITIS Y POLIARTRITIS DEBIDAS A OTROS AGENTES BACTERIANOS ESPECIFICADOS
M009,4519,"ARTRITIS PIOGENA, NO ESPECIFICADA"
M010,4520,ARTRITIS MENINGOCOCICA (A39.8)
M011,4521,TUBERCULOSA (A18.0)
M012,4522,ARTRITIS EN LA ENFERMEDAD DE LYME (A69.2)
M013,4523,ARTRITIS EN OTRAS ENFERMEDADES BACTERIANAS CLASIFICADAS EN OTRA PARTE
M014,4524,ARTRITIS EN RUBEOLA (B06.8)
M015,4525,ARTRITIS EN OTRAS ENFERMEDADES VIRALES CLASIFICADAS EN OTRA PARTE
M016,4526,ARTRITIS EN MICOSIS (B35-B49)
M018,4527,ARTRITIS EN OTRAS ENFERMEDADES INFECCIOSAS Y PARASITARIAS CLASIFICADAS EN OTRA PARTE
M020,4528,ARTROPATIA CONSECUTIVA A DERIVACION INTESTINAL
M021,4529,ARTROPATIA POSTDISENTERICA
M022,4530,ARTROPATIA POSTINMUNIZACION
M023,4531,ENFERMEDAD DE REITER
M028,4532,OTRAS ARTROPATIA REACTIVAS
M029,4533,"ARTROPATIA REACTIVA, NO ESPECIFICADA"
M030,4534,ARTRITIS POSTMENINGOCOCICA (A39.8)
M031,4535,ARTROPATIA POSTINFECCIOSA EN SIFILIS
M032,4536,OTRAS ARTROPATIAS POSTINFECCIOSAS EN ENFERMEDADES CLASIFICADAS EN OTRA PARTE
M036,4537,ARTROPATIA REACTIVA EN OTRAS ENFERMEDADES CLASIFICADAS EN OTRA PARTE
M050,4538,SINDROME DE FELTY
M051,4539,ENFERMEDAD REUMATOIDE DEL PULMON (J99.0*)
M052,4540,VASCULITIS REUMATOIDE
M053,4541,ARTRITIS REUMATOIDE CON COMPROMISO DE OTROS ORGANOS O SISTEMAS
M058,4542,OTRAS ARTRITIS REUMATOIDEAS SEROPOSITIVAS
M059,4543,"ARTRITIS REUMATOIDE SEROPOSITIVA, SIN OTRA ESPECIFICACION"
M060,4544,ARTRITIS REUMATOIDE SERONEGATIVA
M061,4545,ENFERMEDAD DE STILL DE COMIENZO EN EL ADULTO
M062,4546,BURSITIS REUMATOIDE
M063,4547,NODULO REUMATOIDE
M064,4548,POLIARTROPATIA INFLAMATORIA
M068,4549,OTRAS ARTRITIS REUMATOIDEAS ESPECIFICADAS
M069,4550,"ARTRITIS REUMATOIDE, NO ESPECIFICADA"
M070,4551,ARTROPATIA PSORIASICA INTERFALANGICA DISTAL (L40.5)
M071,4552,ARTRITIS MUTILANTE (L40.5)
M072,4553,ESPONDILITIS PSORIASICA (L40.5)
M073,4554,OTRAS ARTROPATIAS PSORIASICAS (L40.5)
M074,4555,ARTROPATIA EN LA ENFERMEDAD DE CROHN (ENTERITIS REGIONAL) (K50.-)
M075,4556,ARTROPATIA EN LA COLITIS ULCERATIVA (K51.-)
M076,4557,OTRAS ARTROPATIAS ENTEROPATICAS
M080,4558,ARTRITIS REUMATOIDE JUVENIL
M081,4559,ESPONDILITIS ANQUILOSANTE JUVENIL
M082,4560,ARTRITIS JUVENIL DE COMIENZO GENERALIZADO
M083,4561,POLIARTRITIS JUVENIL (SERONEGATIVA)
M084,4562,ARTRITIS JUVENIL PAUCIARTICULAR
M088,4563,OTRAS ARTRITIS JUVENILES
M089,4564,"ARTRITIS JUVENIL, NO ESPECIFICADA"
M090,4565,ARTRITIS JUVENIL EN LA PSORIASIS (L40.5)
M091,4566,ARTRITIS JUVENIL EN LA ENFERMEDAD DE CROHN [ENTERITIS REGIONAL] (K50.-)
M092,4567,ARTRITIS JUVENIL EN LA COLITIS ULCERATIVA (K51.-)
M098,4568,ARTRITIS JUVENIL EN OTRAS ENFERMEDADES CLASIFICADAS EN OTRA PARTE
M100,4569,GOTA IDIOPATICA
M101,4570,GOTA SATURNINA
M102,4571,GOTA INDUCIDA POR DROGAS
M103,4572,GOTA DEBIDA A ALTERACION RENAL
M104,4573,OTRAS GOTAS SECUNDARIAS
M109,4574,"GOTA, NO ESPECIFICADA"
M110,4575,ENFERMEDAD POR DEPOSITO DE HIDROXIAPATITA
M111,4576,CONDROCALCINOSIS FAMILIAR
M112,4577,OTRAS CONDROCALCINOSIS
M118,4578,"OTRAS ARTROPATIAS POR CRISTALES, ESPECIFICADAS"
M119,4579,"ARTROPATIA POR CRISTALES, NO ESPECIFICADA"
M120,4580,ARTROPATIA POSTREUMATICA CRONICA [DE JACCOUD]
M121,4581,ENFERMEDAD DE KASCHIN-BECK
M122,4582,SINOVITIS VELLONODULAR (PIGMENTADA)
M123,4583,REUMATISMO PALINDROMICO
M124,4584,HIDRARTROSIS INTERMITENTE
M125,4585,ARTROPATIA TRAUMATICA
M128,4586,"OTRAS ARTROPATIAS ESPECIFICAS, NO CLASIFICADAS EN OTRA PARTE"
M130,4587,"POLIARTRITIS, NO ESPECIFICADA"
M131,4588,"MONOARTRITIS, NO CLASIFICADA EN OTRA PARTE"
M138,4589,OTRAS ARTRITIS ESPECIFICADAS
M139,4590,"ARTRITIS, NO ESPECIFICADA"
M140,4591,"ARTROPATIA GOTOSA DEBIDA A DEFECTOS ENZIMATICOS Y A OTROS TRASTORNOS HEREDITARIOS, CLASIFICADOS EN OTRA PARTE"
M141,4592,ARTROPATIA POR CRISTALES EN OTROS TRASTORNOS METABÓLICOS
M142,4593,ARTROPATIA DIABETICA (E10-E14 CON CUARTO CARÁCTER COMUN .6)
M143,4594,DERMATOARTRITIS LIPOIDE (E78.8)
M144,4595,ARTROPATIA EN LA AMILOIDOSIS (E85.-)
M145,4596,"ARTROPATIA EN OTROS TRASTORNOS ENDOCRINOS, METABOLICOS Y NUTRICIONALES"
M146,4597,ARTROPATIA NEUROPATICA
M148,4598,"ARTROPATIA EN OTRAS ENFERMEDADES ESPECIFICADAS, CLASIFICADAS EN OTRA PARTE"
M150,4599,(OSTEO)ARTROSIS PRIMARIA GENERALIZADA
M151,4600,NODULOS DE HEBERDEN (CON ARTROPATIA)
M152,4601,NODULOS DE BOUCHARD (CON ARTROPATIA)
M153,4602,ARTROSIS SECUNDARIA MULTIPLE
M154,4603,(OSTEO)ARTROSIS EROSIVA
M158,4604,OTRAS POLIARTROSIS
M159,4605,"POLIARTROSIS, NO ESPECIFICADA"
M160,4606,"COXARTROSIS PRIMARIA, BILATERAL"
M161,4607,OTRAS COXARTROSIS PRIMARIAS
M162,4608,"COXARTROSIS A CONSECUENCIA DE DISPLASIA, BILATERAL"
M163,4609,OTRAS COXARTROSIS DISPLASICAS
M164,4610,"COXARTROSIS POSTRAUMATICA, BILATERAL"
M165,4611,OTRA COXARTROSIS POSTRAUMATICA
M166,4612,"OTRA COXARTROSIS SECUNDARIA, BILATERAL"
M167,4613,OTRAS COXARTROSIS SECUNDARIAS
M169,4614,"COXARTROSIS, NO ESPECIFICADA"
M170,4615,"GONARTROSIS PRIMARIA, BILATERAL"
M171,4616,OTRAS GONARTROSIS PRIMARIAS
M172,4617,"GONARTROSIS POSTRAUMATICA, BILATERAL"
M173,4618,OTRAS GONARTROSIS POSTRAUMATICAS
M174,4619,"OTRAS GONARTROSIS SECUNDARIAS, BILATERALES"
M175,4620,OTRAS GONARTROSIS SECUNDARIAS
M179,4621,"GONARTROSIS, NO ESPECIFICADA"
M180,4622,"ARTROSIS PRIMARIA DE LA PRIMERA ARTICULACION CARPOMETACARPIANA, BILATERAL"
M181,4623,OTRAS ARTROSIS PRIMARIAS DE LA PRIMERA ARTICULACION CARPOMETACARPIANA
M182,4624,"ARTROSIS POSTRAUMATICA DE LA PRIMERA ARTICULACION CARPOMETACARPIANA, BILATERAL"
M183,4625,OTRAS ARTROSIS POSTRAUMATICAS DE LA PRIMERA ARTICULACION CARPOMETACARPIANA
M184,4626,"OTRAS ARTROSIS SECUNDARIAS DE LA PRIMERA ARTICULACION CARPOMETACARPIANA, BILATERALES"
M185,4627,OTRAS ARTROSIS SECUNDARIAS DE LA PRIMERA ARTICULACION CARPOMETACARPIANA
M189,4628,"ARTROSIS DE LA PRIMERA ARTICULACION CARPOMETACARPIANA, SIN OTRA ESPECIFICACION"
M190,4629,ARTROSIS PRIMARIA DE OTRAS ARTICULACIONES
M191,4630,ARTROSIS POSTRAUMATICA DE OTRAS ARTICULACIONES
M192,4631,ARTROSIS SECUNDARIA DE OTRAS ARTICULACIONES
M198,4632,OTRAS ARTROSIS ESPECIFICADAS
M199,4633,"ARTROSIS, NO ESPECIFICADA"
M200,4634,DEFORMIDAD DE DEDO(S) DE LA MANO
M201,4635,HALLUX VALGUS (ADQUIRIDO)
M202,4636,HALLUX RIGIDUS
M203,4637,OTRAS DEFORMIDADES DEL HALLUX (ADQUIRIDAS)
M204,4638,OTRO(S) DEDO(S) DEL PIE EN MARTILLO (ADQUIRIDOS)
M205,4639,OTRAS DEFORMIDADES (ADQUIRIDAS) DEL (DE LOS) DEDO(S) DEL PIE
M206,4640,"DEFORMIDADES ADQUIRIDAS DE LOS DEDOS DEL PIE, NO ESPECIFICADAS"
M210,4641,"DEFORMIDAD EN VALGO, NO CLASIFICADA EN OTRA PARTE"
M211,4642,"DEFORMIDAD EN VARO, NO CLASIFICADA EN OTRA"
M212,4643,DEFORMIDAD EN FLEXION
M213,4644,MUÑECA O PIE EN PENDULO (ADQUIRIDO)
M214,4645,PIE PLANO [PES PLANUS] (ADQUIRIDO)
M215,4646,"MANO O PIE EN GARRA O EN TALIPES, PIE EQUINOVARO O ZAMBO ADQUIRIDOS"
M216,4647,OTRAS DEFORMIDADES ADQUIRIDAS DEL TOBILLO Y DEL PIE
M217,4648,LONGITUD DESIGUAL DE LOS MIEMBROS (ADQUIRIDA)
M218,4649,"OTRAS DEFORMIDADES ADQUIRIDAS DE LOS MIEMBROS, ESPECIFICADAS"
M219,4650,"DEFORMIDAD ADQUIRIDA DEL MIEMBRO, NO ESPECIFICADA"
M220,4651,LUXACION RECIDIVANTE DE LA ROTULA
M221,4652,SUBLUXACION RECIDIVANTE DE LA ROTULA
M222,4653,TRASTORNOS ROTULOFEMORALES
M223,4654,OTROS DESARREGLOS DE LA ROTULA
M224,4655,CONDROMALACIA DE LA ROTULA
M228,4656,OTROS TRASTORNOS DE LA ROTULA
M229,4657,"TRASTORNO DE LA ROTULA, NO ESPECIFICADO"
M230,4658,MENISCO QUISTICO
M231,4659,MENISCO DISCOIDE (CONGENITO)
M232,4660,TRASTORNO DEL MENISCO DEBIDO A DESGARRO O LESION ANTIGUA
M233,4661,OTROS TRASTORNOS DE LOS MENISCOS
M234,4662,CUERPO FLOTANTE EN LA RODILLA
M235,4663,INESTABILIDAD CRONICA DE LA RODILLA
M236,4664,OTRA RUPTURA ESPONTANEA DEL (DE LOS) LIGAMENTO(S) DE LA RODILLA
M238,4665,OTROS TRASTORNOS INTERNOS DE LA RODILLA
M239,4666,"TRASTORNOS INTERNO DE LA RODILLA, NO ESPECIFICADO"
M240,4667,CUERPO FLOTANTE ARTICULAR
M241,4668,OTROS TRASTORNOS DEL CARTILAGO ARTICULAR
M242,4669,TRASTORNO DEL LIGAMENTO
M243,4670,"LUXACION Y SUBLUXACION PATOLOGICA DE LA ARTICULACION, NO CLASIFICADA EN OTRA PARTE"
M244,4671,LUXACION Y SUBLUXACION RECIDIVANTE DE LA ARTICULACION
M245,4672,CONTRACTURA ARTICULAR
M246,4673,ANQUILOSIS ARTICULAR
M247,4674,PROTRUSION DE ACETABULO
M248,4675,"OTRAS LESIONES ARTICULADAS ESPECIFICADAS, NO CLASIFICADAS EN OTRA PARTE"
M249,4676,"DESARREGLO ARTICULAR, NO ESPECIFICADO"
M250,4677,HEMARTROSIS
M251,4678,FISTULA ARTICULAR
M252,4679,ARTICULACION INESTABLE
M253,4680,OTRAS INESTABILIDADES ARTICULARES
M254,4681,DERRAME ARTICULAR
M255,4682,DOLOR EN ARTICULACION
M256,4683,"RIGIDEZ ARTICULAR, NO CLASIFICADA EN OTRA PARTE"
M257,4684,OSTEOFITO
M258,4685,OTROS TRASTORNOS ARTICULARES ESPECIFICADOS
M259,4686,"TRASTORNO ARTICULAR, NO ESPECIFICADO"
M300,4687,POLIARTERITIS NUDOSA
M301,4688,POLIARTERITIS CON COMPROMISO PULMONAR [CHURG-STRAUSS]
M302,4689,POLIARTERITIS JUVENIL
M303,4690,SINDROME MUCOCUTANEO LIFONODULAR [KAWASAKI]
M308,4691,OTRAS AFECCIONES RELACIONADAS CON LA POLIARTERITIS NUDOSA
M310,4692,ANGIITIS DEBIDA A HIPERSENSIBILIDAD
M311,4693,MICROANGIOPATIA TROMBOTICA
M312,4694,GRANULOMA LETAL DE LA LINEA MEDIA
M313,4695,GRANULOMATOSIS DE WEGENER
M314,4696,SINDROME DEL CAYADO DE LA AORTA [TAKAYASU]
M315,4697,ARTERITIS DE CELULAS GIGANTES CON POLIMIALGIA REUMATICA
M316,4698,OTRAS ARTERITIS DE CELULAS GIGANTES
M318,4699,OTRAS VASCULOPATIAS NECROTIZANTES ESPECIFICADAS
M319,4700,"VASCULOPATIA NECROTIZANTE, NO ESPECIFICADA"
M320,4701,"LUPUS ERITEMATOSO SISTEMICO, INDUCIDO POR DROGAS"
M321,4702,LUPUS ERITEMATOSO SISTEMICO CON COMPROMISO DE ORGANOS O SISTEMAS
M328,4703,OTRAS FORMAS DE LUPUS ERITEMATOSO SISTEMICO
M329,4704,"LUPUS ERITEMATOSO SISTEMICO, SIN OTRA ESPECIFICACION"
M330,4705,DERMATOMIOSITIS JUVENIL
M331,4706,OTRAS DERMATOMIOSITIS
M332,4707,POLIMIOSITIS
M339,4708,"DERMATOPOLIMIOSITIS, NO ESPECIFICADA"
M340,4709,ESCLEROSIS SISTEMICA PROGRESIVA
M341,4710,SINDROME CR(E)ST
M342,4711,ESCLEROSIS SISTEMICA INDUCIDA POR DROGAS O PRODUCTOS QUIMICOS
M348,4712,OTRAS FORMAS DE ESCLEROSIS SISTEMICA
M349,4713,"ESCLEROSIS SISTEMICA, NO ESPECIFICADA"
M350,4714,SINDROME SECO [SJÖGREN]
M351,4715,OTROS SINDROMES SUPERPUESTOS
M352,4716,ENFERMEDAD DE BEHCET
M353,4717,POLIMIALGIA REUMATICA
M354,4718,FASCITIS DIFUSA (EOSINOFILICA)
M355,4719,FIBROSCLEROSIS MULTIFOCAL
M356,4720,PANICULITIS RECIDIVANTE [WEBER-CHRISTIAN]
M357,4721,SINDROME DE HIPERMOVILIDAD
M358,4722,OTRAS ENFERMEDADES ESPECIFICADAS CON COMPROMISO SISTEMICO DEL TEJIDO CONJUNTIVO
M359,4723,"COMPROMISO SISTEMICO DEL TEJIDO CONJUNTIVO, NO ESPECIFICADO"
M360,4724,DERMATO(POLI)MIOSITIS EN ENFERMEDAD NEOPLASICA (C00-D48)
M361,4725,ARTROPATIA EN ENFERMEDAD NEOPLASICA (C00-D48)
M362,4726,ARTROPATIA HEMOFILICA (D66-D68)
M363,4727,ARTROPATIA EN OTROS TRASTORNOS DE LA SANGRE (D50-D76)
M364,4728,ARTROPATIA EN REACCIONES DE HIPERSENSIBILIDAD CLASIFICADAS EN OTRA PARTE
M368,4729,TRASTORNOS SISTEMICOS DEL TEJIDO CONJUNTIVO EN OTRAS ENFERMEDADES CLASIFICADAS EN OTRA PARTE
M400,4730,CIFOSIS POSTURAL
M401,4731,OTRAS CIFOSIS SECUNDARIAS
M402,4732,OTRAS CIFOSIS Y LAS NO ESPECIFICADAS
M403,4733,SINDROME DE ESPALDA PLANA
M404,4734,OTRAS LORDOSIS
M405,4735,"LORDOSIS, NO ESPECIFICADA"
M410,4736,ESCOLIOSIS IDIOPATICA INFANTIL
M411,4737,ESCOLIOSIS IDIOPATICA JUVENIL
M412,4738,OTRAS ESCOLIOSIS IDIOPATICAS
M413,4739,ESCOLIOSIS TORACOGENICA
M414,4740,ESCOLIOSIS NEUROMUSCULAR
M415,4741,OTRAS ESCOLIOSIS SECUNDARIAS
M418,4742,OTRAS FORMAS DE ESCOLIOSIS
M419,4743,"ESCOLIOSIS, NO ESPECIFICADA"
M420,4744,OSTEOCONDROSIS JUVENIL DE LA COLUMNA VERTEBRAL
M421,4745,OSTEOCONDROSIS DE LA COLUMNA VERTEBRAL DEL ADULTO
M429,4746,"OSTEOCONDROSIS VERTEBRAL, NO ESPECIFICADA"
M430,4747,ESPONDILOLISIS
M431,4748,ESPONDILOLISTESIS
M432,4749,OTRAS FUSIONES COLUMNA VERTEBRAL
M433,4750,"SUBLUXACION ATLANTO-AXOIDEA RECURRENTE, CON MIELOPATIA"
M434,4751,OTRAS SUBLUXACIONES ATLANTO-AXOIDEAS RECURRENTES
M435,4752,OTRAS SUBLUXACIONES VERTEBRALES RECURRENTES
M436,4753,TORTICOLIS
M438,4754,OTRAS DORSOPATIAS DEFORMANTES DE LA COLUMNA VERTEBRAL ESPECIFICADAS
M439,4755,"DORSOPATIA DEFORMANTE, NO ESPECIFICADA"
M45,4756,ESPONDILITIS ANQUILOSANTE
M460,4757,ENTESOPATIA VERTEBRAL
M461,4758,"SACROILIITIS, NO CLASIFICADA EN OTRA PARTE"
M462,4759,OSTEOMIELITIS DE VERTEBRA
M463,4760,INFECCION DE DISCO INTERVERTEBRAL (PIOGENA)
M464,4761,"DISCITIS, NO ESPECIFICADA"
M465,4762,OTRAS ESPONDILOPATIAS INFECCIOSAS
M468,4763,OTRAS ESPONDILOPATIAS INFLAMATORIAS ESPECIFICADAS
M469,4764,"ESPONDILOPATIA INFLAMATORIA, NO ESPECIFICADA"
M470,4765,SINDROMES DE COMPRESION DE LA ARTERIA ESPINAL O VERTEBRAL ANTERIOR (G99.2*)
M471,4766,OTRAS ESPONDILOSIS CON MIELOPATIA
M472,4767,OTRAS ESPONDILOSIS CON RADICULOPATIA
M478,4768,OTRAS ESPONDILOSIS
M479,4769,"ESPONDILOSIS, NO ESPECIFICADA"
M480,4770,ESTENOSIS ESPINAL
M481,4771,HIPEROSTOSIS ANQUILOSANTE [FORESTIER]
M482,4772,ESPONDILOPATIA INTERESPINOSA (VERTEBRAS EN BESO)
M483,4773,ESPONDILOPATIA TRAUMATICA
M484,4774,FRACTURA DE VERTEBRA POR FATIGA
M485,4775,"VERTEBRA COLAPSADA, NO CLASIFICADA EN OTRA PARTE"
M488,4776,OTRAS ESPONDILOPATIAS ESPECIFICADAS
M489,4777,"ESPONDILOPATIA , NO ESPECIFICADA"
M490,4778,TUBERCULOSIS DE LA COLUMNA VERTEBRAL (A180)
M491,4779,ESPONDILITIS POR BRUCELOSIS (A23.-)
M492,4780,ESPONDILITIS POR ENTEROBACTERIAS (A01-A04)
M493,4781,ESPONDILOPATIA EN OTRAS ENFERMEDADES INFECCIOSAS Y PARASITARIAS CLASIFICADAS EN OTRA PARTE
M494,4782,ESPONDILOPATIA NEUROPATICA
M495,4783,VERTEBRA COLAPSADA EN ENFERMEDADES CLASIFICADAS EN OTRA PARTE
M498,4784,ESPONDILOPATIA EN OTRAS ENFERMEDADES CLASIFICADAS EN OTRA PARTE
M500,4785,TRASTORNO DE DISCO CERVICAL CON MIELOPATIA (G99.2*)
M501,4786,TRASTORNO DE DISCO CERVICAL CON RADICULOPATIA
M502,4787,OTROS DESPLAZAMIENTOS DEL DISCO CERVICAL
M503,4788,OTRAS DEGENERACIONES DEL DISCO CERVICAL
M508,4789,OTROS TRASTORNOS DEL DISCO CERVICAL
M509,4790,"TRASTORNO DE DISCO CERVICAL, NO ESPECIFICADO"
M510,4791,"TRASTORNOS DE DISCOS INTERVERTEBRALES LUMBARES Y OTROS, CON MIELOPATIA (G99.2*)"
M511,4792,"TRASTORNO DE DISCO LUMBAR Y OTROS, CON RADICULOPATIA"
M512,4793,OTROS DESPLAZAMIENTOS ESPECIFICADOS DE DISCO INTERVERTEBRAL 
M513,4794,OTRAS DEGENERACIONES ESPECIFICADAS DE DISCO INTERVERTEBRAL
M514,4795,NODULOS DE SCHMORL
M518,4796,OTROS TRASTORNOS ESPECIFICADOS DE LOS DISCOS INTERVERTEBRALES
M519,4797,"TRASTORNOS DE LOS DISCOS INTERVERTEBRALES, NO ESPECIFICADO"
M530,4798,SINDROME CERVICOCRANEAL
M531,4799,SINDROME CERVICOBRAQUIAL
M532,4800,INESTABILIDAD DE LA COLUMNA VERTEBRAL
M533,4801,"TRASTORNOS SACROCOCCIGEOS, NO CLASIFICADOS EN OTRA PARTE"
M538,4802,OTRAS DORSOPATIAS ESPECIFICADAS
M539,4803,"DORSOPATIA, NO ESPECIFICADA"
M540,4804,PANICULITIS QUE AFECTA REGIONES DEL CUELLO Y DE LA ESPALDA
M541,4805,RADICULOPATIA
M542,4806,CERVICALGIA
M543,4807,CIATICA
M544,4808,LUMBAGO CON CIATICA
M545,4809,LUMBAGO NO ESPECIFICADO
M546,4810,DOLOR EN LA COLUMNA DORSAL
M548,4811,OTRAS DORSALGIAS
M549,4812,"DORSALGIA, NO ESPECIFICADA"
M600,4813,MIOSITIS INFECCIOSA
M601,4814,MIOSITIS INTERSTICIAL
M602,4815,"GRANULOMA POR CUERPO EXTRAÑO EN TEJIDO BLANDO, NO CLASIFICADO EN OTRA PARTE"
M608,4816,OTRAS MIOSITIS
M609,4817,"MIOSITIS, NO ESPECIFICADA"
M610,4818,MIOSITIS OSIFICANTE TRAUMATICA
M611,4819,MIOSITIS OSIFICANTE PROGRESIVA
M612,4820,CALCIFICACION Y OSIFICACION PARALITICA DEL MUSCULO
M613,4821,CALCIFICACION Y OSIFICACION DE LOS MUSCULOS ASOCIADAS CON QUEMADURAS
M614,4822,OTRAS CALCIFICACIONES DEL MUSCULO
M615,4823,OTRAS OSIFICACIONES DEL MUSCULO
M619,4824,"CALCIFICACION Y OSIFICACION DEL MUSCULO, NO ESPECIFICADA"
M620,4825,DIASTASIS DEL MUSCULO
M621,4826,OTROS DESGARROS (NO TRAUMATICOS) DEL MUSCULO
M622,4827,INFARTO ISQUEMICO DEL MUSCULO
M623,4828,SINDROME DE INMOVILIDAD (PARAPLEJICO)
M624,4829,CONTRACTURA MUSCULAR
M625,4830,"ATROFIA Y DESGASTE MUSCULARES, NO CLASIFICADOS EN OTRA PARTE"
M626,4831,DISTENSION MUSCULAR
M628,4832,OTROS TRASTORNOS ESPECIFICADOS DE LOS MUSCULOS
M629,4833,"TRASTORNO MUSCULAR, NO ESPECIFICADO"
M630,4834,MIOSITIS EN ENFERMEDADES BACTERIANAS CLASIFICADAS EN OTRA PARTE
M631,4835,MIOSITIS EN INFECCIONES POR PROTOZOARIOS Y PARASITOS CLASIFICADAS EN OTRA PARTE
M632,4836,MIOSITIS EN ENFERMEDADES INFECCIOSAS CLASIFICADAS EN OTRA PARTE
M633,4837,MIOSITIS EN SARCOIDOSIS (D86.8)
M638,4838,OTROS TRASTORNOS DE LOS MUSCULOS EN ENFERMEDADES CLASIFICADAS EN OTRA PARTE
M650,4839,ABSCESO DE VAINA TENDINOSA
M651,4840,OTRAS (TENO) SINOVITIS INFECCIOSAS
M652,4841,TENDINITIS CALCIFICADA
M653,4842,DEDO EN GATILLO
M654,4843,TENOSINOVITIS DE ESTILOIDES RADIAL [DE QUERVAIN]
M658,4844,OTRAS SINOVITIS Y TENOSINOVITIS
M659,4845,"SINOVITIS Y TENOSINOVITIS, NO ESPECIFICADA"
M660,4846,RUPTURA DE QUISTE SINOVIAL POPLITEO
M661,4847,RUPTURA DE LA SINOVIA
M662,4848,RUPTURA ESPONTANEA DE TENDONES EXTENSORES
M663,4849,RUPTURA ESPONTANEA DE TENDONES FLEXORES
M664,4850,RUPTURA ESPONTANEA DE OTROS TENDONES
M665,4851,RUPTURA ESPONTANEA DE TENDON NO ESPECIFICADO
M670,4852,ACORTAMIENTO DEL TENDON DE AQUILES (ADQUIRIDO)
M671,4853,OTRAS CONTRACTURAS DE TENDON (VAINA)
M672,4854,"HIPERTROFIA SINOVIAL, NO CLASIFICADA EN OTRA PARTE"
M673,4855,SINOVITIS TRANSITORIA
M674,4856,GANGLION
M678,4857,OTROS TRASTORNOS ESPECIFICADOS DE LA SINOVIA Y DEL TENDON
M679,4858,"HIPERTROFIA SINOVIAL Y TENDINOSO, NO ESPECIFICADO"
M680,4859,SINOVITIS Y TENOSINOVITIS EN ENFERMEDADES BACTERIANAS CLASIFICADAS EN OTRA PARTE
M688,4860,OTROS TRASTORNOS SINOVIALES Y TENDINOSOS EN ENFERMEDADES CLASIFICADAS EN OTRA PARTE
M700,4861,SINOVITIS CREPITANTE CRONICA DE LA MANO Y DE LA MUÑECA
M701,4862,BURSITIS DE LA MANO
M702,4863,BURSITIS DEL OLECRANON
M703,4864,OTRAS BURSITIS DEL CODO
M704,4865,OTRAS BURSITIS PRERROTULIANAS
M705,4866,OTRAS BURSITIS DE LA RODILLA
M706,4867,BURSITIS DEL TROCANTER
M707,4868,OTRAS BURSITIS DE LA CADERA
M708,4869,"OTROS TRASTORNOS DE LOS TEJIDOS BLANDOS RELACIONADOS CON EL USO, EL USO EXCESIVO Y LA PRESION"
M709,4870,TRASTORNO NO ESPECIFICADO DE LOS TEJIDOS BLANDOS RELACIONADO CON EL USO EXCESIVO Y LA PRESION
M710,4871,ABSCESO DE LA BOLSA SINOVIAL
M711,4872,OTRAS BURSITIS INFECCIOSAS
M712,4873,QUISTE SINOVIAL DEL HUECO POPLITEO [DE BAKER]
M713,4874,OTROS QUISTES DE LA BOLSA SEROSA
M714,4875,DEPOSITO DE CALCIO EN LA BOLSA SEROSA
M715,4876,"OTRAS BURSITIS, NO CLASIFICADAS EN OTRA PARTE"
M718,4877,OTROS TRASTORNOS ESPECIFICADOS DE LA BOLSA SEROSA
M719,4878,"BURSOPATIA, NO ESPECIFICADA"
M720,4879,FIBROMATOSIS DE LA APONEUROSIS PALMAR [DUPUYTREN]
M721,4880,NODULOS INTERFALANGICOS
M722,4881,FIBROMATOSIS DE LA APONEUROSIS PLANTAR
M723,4882,FASCITIS NODULAR
M724,4883,FIBROMATOSIS SEUDOSARCOMATOSA
M725,4884,"FASCITIS, NO CLASIFICADA EN OTRA PARTE"
M728,4885,OTROS TRASTORNOS FIBROBLASTICOS
M729,4886,"TRASTORNO FIBROBLASTICO, NO ESPECIFICADO"
M730,4887,BURSITIS GONOCOCICA (A54.4)
M731,4888,BURSITIS SIFILITICA (A52.7)
M738,4889,OTROS TRASTORNOS DE LOS TEJIDOS BLANDOS EN ENFERMEDADES CLASIFICADAS EN OTRA PARTE
M750,4890,CAPSULITIS ADHESIVA DEL HOMBRO
M751,4891,SINDROME DE MANGUITO ROTATORIO
M752,4892,TENDINITIS DE BICEPS
M753,4893,TENDINITIS CALCIFICANTE DEL HOMBRO
M754,4894,SINDROME DE ABDUCCION DOLOROSA DEL HOMBRO
M755,4895,BURSITIS DEL HOMBRO
M758,4896,OTRAS LESIONES DEL HOMBRO
M759,4897,"LESIONES DEL HOMBRO, NO ESPECIFICADA"
M760,4898,TENDINITIS DEL GLUTEO
M761,4899,TENDINITIS DEL PSOAS
M762,4900,ESPOLON DE LA CRESTA ILIACA
M763,4901,SINDROME DEL TENDON DEL TENSOR DE LA FASCIA LATA
M764,4902,BURSITIS TIBIAL COLATERAL [PELLEGRINI-STIEDA]
M765,4903,TENDINITIS ROTULIANA
M766,4904,TENDINITIS AQUILIANA
M767,4905,TENDINITIS PERONEAL
M768,4906,"OTRAS ENTESOPATIAS DEL MIEMBRO INFERIOR, EXCLUIDO EL PIE"
M769,4907,"ENTESOPATIA DEL MIEMBRO INFERIOR, NO ESPECIFICADA"
M770,4908,EPICONDILITIS MEDIA
M771,4909,EPICONDILITIS LATERAL
M772,4910,PERIARTRITIS DE LA MUÑECA
M773,4911,ESPOLON CALCANEO
M774,4912,METATARSALGIA
M775,4913,OTRAS ENTESOPATIAS DEL PIE
M778,4914,"OTRAS ENTESOPATIAS, NO CLASIFICADAS EN OTRA PARTE"
M779,4915,"ENTESOPATIA, NO ESPECIFICADA"
M790,4916,"REUMATISMO, NO ESPECIFICADO"
M791,4917,MIALGIA
M792,4918,"NEURALGIA Y NEURITIS, NO ESPECIFICADAS"
M793,4919,"PANICULITIS, NO ESPECIFICADA"
M794,4920,HIPERTROFIA DE PAQUETE ADIPOSO (INFRARROTULIANO)
M795,4921,CUERPO EXTRAÑO RESIDUAL EN TEJIDO BLANDO
M796,4922,DOLOR EN MIEMBRO
M798,4923,OTROS TRASTORNOS ESPECIFICADOS DE LOS TEJIDOS BLANDOS
M799,4924,"TRASTORNO DE LOS TEJIDOS BLANDOS, NO ESPECIFICADO"
M800,4925,"OSTEOPOROSIS POSTMENOPAUSICA, CON FRACTURA PATOLOGICA"
M801,4926,"OSTEOPOROSIS POSTOOFORECTOMIA, CON FRACTURA PATOLOGICA"
M802,4927,"OSTEOPOROSIS POR DESUSO, CON FRACTURA PATOLOGICA"
M803,4928,"OSTEOPOROSIS POR MALABSORCION POSTQUIRURGICA, CON FRACTURA PATOLOGICA"
M804,4929,"OSTEOPOROSIS INDUCIDA POR DROGAS, CON FRACTURA PATOLOGICA"
M805,4930,"OSTEOPOROSIS IDIOPATICA, CON FRACTURA PATOLOGICA"
M808,4931,"OTRAS OSTEOPOROSIS, CON FRACTURA PATOLOGICA"
M809,4932,"OSTEOPOROSIS NO ESPECIFICADA, CON FRACTURA PATOLOGICA"
M810,4933,"OSTEOPOROSIS POSTMENOPAUSICA, SIN FRACTURA PATOLOGICA"
M811,4934,"OSTEOPOROSIS POSTOOFORECTOMIA, SIN FRACTURA PATOLOGICA"
M812,4935,"OSTEOPOROSIS POR DESUSO, SIN FRACTURA PATOLOGICA"
M813,4936,"OSTEOPOROSIS POR MALABSORCION POSTQUIRURGICA, SIN FRACTURA PATOLOGICA"
M814,4937,"OSTEOPOROSIS INDUCIDA POR DROGAS, SIN FRACTURA PATOLOGICA"
M815,4938,"OSTEOPOROSIS IDIOPATICA, SIN FRACTURA PATOLOGICA"
M816,4939,"OSTEOPOROSIS LOCALIZADA [LEQUESNE], SIN FRACTURA PATOLOGICA"
M818,4940,"OTRAS OSTEOPOROSIS, SIN FRACTURA PATOLOGICA"
M819,4941,"OSTEOPOROSIS NO ESPECIFICADA, SIN FRACTURA PATOLOGICA"
M820,4942,OSTEOPOROSIS EN MIELOMATOSIS MULTIPLE (C90.0)
M821,4943,OSTEOPOROSIS EN TRASTORNOS ENDOCRINOS (E00-E34)
M828,4944,OSTEOPOROSIS EN OTRAS ENFERMEDADES CLASIFICADAS EN OTRA PARTE
M830,4945,OSTEOMALACIA PUERPERAL
M831,4946,OSTEOMALACIA SENIL
M832,4947,OSTEOMALACIA DEL ADULTO DEBIDA A MALABSORCION
M833,4948,OSTEOMALACIA DEL ADULTO DEBIDA A DESNUTRICION
M834,4949,ENFERMEDAD DE LOS HUESOS POR ALUMINIO
M835,4950,OTRAS OSTEOMALACIAS DEL ADULTO INDUCIDAS POR DROGAS
M838,4951,OTRAS OSTEOMALACIAS DEL ADULTO
M839,4952,"OSTEOMALACIA DEL ADULTO, NO ESPECIFICADA"
M840,4953,CONSOLIDACION DEFECTUOSA DE FRACTURA
M841,4954,FALTA DE CONSOLIDACION DE FRACTURA [SEUDOARTROSIS]
M842,4955,CONSOLIDACION RETARDADA DE FRACTURA
M843,4956,"FRACTURA POR TENSION, NO CLASIFICADA EN OTRA PARTE"
M844,4957,"FRACTURA PATOLOGICA, NO CLASIFICADA EN OTRA PARTE"
M848,4958,OTROS TRASTORNOS DE LA CONTINUIDAD DEL HUESO
M849,4959,"TRASTORNO DE LA CONTINUIDAD DEL HUESO, NO ESPECIFICADO"
M850,4960,DISPLASIA FIBROSA (MONOSTOTICA)
M851,4961,FLUOROSIS DEL ESQUELETO
M852,4962,HIPEROSTOSIS DEL CRANEO
M853,4963,OSTEITIS CONDENSANTE
M854,4964,QUISTE OSEO SOLITARIO
M855,4965,QUISTE OSEO ANEURISMATICO
M856,4966,OTROS QUISTES OSEOS
M858,4967,OTROS TRASTORNOS ESPECIFICADOS DE LA DENSIDAD Y DE LA ESTRUCTURA OSEAS
M859,4968,"TRASTORNO DE LA DENSIDAD Y DE LA ESTRUCTURA OSEAS, NO ESPECIFICADO"
M860,4969,OSTEOMIELITIS HEMATOGENA AGUDA
M861,4970,OTRAS OSTEOMIELITIS AGUDAS
M862,4971,OSTEOMIELITIS SUBAGUDA
M863,4972,OSTEOMIELITIS MULTIFOCAL CRONICA
M864,4973,OSTEOMIELITIS CRONICA CON DRENAJE DEL SENO
M865,4974,OTRAS OSTEOMIELITIS HEMATOGENAS CRONICAS
M866,4975,OTRAS OSTEOMIELITIS CRONICAS
M868,4976,OTRAS OSTEOMIELITIS
M869,4977,"OSTEOMIELITIS, NO ESPECIFICADA"
M870,4978,NECROSIS ASEPTICA IDIOPATICA OSEA
M871,4979,OSTEONECROSIS DEBIDA A DROGAS
M872,4980,OSTEONECROSIS DEBIDA A TRAUMATISMO PREVIO
M873,4981,OTRAS OSTEONECROSIS SECUNDARIAS
M878,4982,OTRAS OSTEONECROSIS
M879,4983,"OSTEONECROSIS, NO ESPECIFICADA"
M880,4984,ENFERMEDAD DE PAGET DEL CRANEO
M888,4985,ENFERMEDAD DE PAGET DE OTROS HUESOS
M889,4986,"ENFERMEDAD OSEA DE PAGET, HUESOS NO ESPECIFICADOS"
M890,4987,ALGONEURODISTROFIA
M891,4988,DETENCION DEL CRECIMIENTO EPIFISARIO
M892,4989,OTROS TRASTORNOS DEL DESARROLLO Y CRECIMIENTO OSEO
M893,4990,HIPERTROFIA DEL HUESO
M894,4991,OTRAS OSTEOARTROPATIAS HIPERTROFICAS
M895,4992,OSTEOLISIS
M896,4993,OSTEOPATIA A CONSECUENCIA DE POLIOMIELITIS
M898,4994,OTROS TRASTORNOS ESPECIFICADOS DEL HUESO
M899,4995,"TRASTORNO DEL HUESO, NO ESPECIFICADO"
M900,4996,TUBERCULOSIS OSEAS (A18.0)
M901,4997,PERIOSTITIS EN OTRAS ENFERMEDADES INFECCIOSAS CLASIFICADAS EN OTRA PARTE
M902,4998,OSTEOPATIA EN OTRAS ENFERMEDADES INFECCIOSAS CLASIFICADAS EN OTRA PARTE
M903,4999,OSTEONECROSIS EN LA ENFERMEDAD CAUSADA POR DESCOMPRESION (T70.3)
M904,5000,OSTEONECROSIS DEBIDA A HEMOGLOBINOPATIA (D50-D64)
M905,5001,OSTEONECROSIS EN OTRAS ENFERMEDADES CLASIFICADAS EN OTRA PARTE
M906,5002,OSTEITIS DEFORMANTE EN ENFERMEDAD NEOPLASICA (C00-D48)
M907,5003,FRACTURA OSEA EN ENFERMEDAD NEOPLASICA (C00-D48)
M908,5004,OSTEOPATIA EN OTRAS ENFERMEDADES CLASIFICADAS EN OTRA PARTE
M910,5005,OSTEOCONDROSIS JUVENIL DE LA PELVIS
M911,5006,OSTEOCONDROSIS JUVENIL DE LA CABEZA DEL FEMUR [LEGG-CALVE-PERTHES]
M912,5007,COXA PLANA
M913,5008,PSEUDOCOXALGIA
M918,5009,OTRAS OSTEOCONDROSIS JUVENILES DE LA CADERA Y DE LA PELVIS
M919,5010,"OSTEOCONDROSIS JUVENIL DE LA CADERA Y DE LA PELVIS, SIN OTRA ESPECIFICACION"
M920,5011,OSTEOCONDROSIS JUVENIL DEL HUMERO
M921,5012,OSTEOCONDROSIS JUVENIL DEL CUBITO Y DEL RADIO
M922,5013,OSTEOCONDROSIS JUVENIL DE LA MANO
M923,5014,OTRAS OSTEOCONDROSIS JUVENILES DEL MIEMBRO SUPERIOR
M924,5015,OSTEOCONDROSIS JUVENIL DE LA ROTULA
M925,5016,OSTEOCONDROSIS JUVENIL DE LA TIBIA Y DEL PERONE
M926,5017,OSTEOCONDROSIS JUVENIL DEL TARSO
M927,5018,OSTEOCONDROSIS JUVENIL DEL METATARSO
M928,5019,OTRAS OSTEOCONDROSIS JUVENILES ESPECIFICADAS
M929,5020,"OSTEOCONDROSIS JUVENIL, NO ESPECIFICADA"
M930,5021,DESLIZAMIENTO DE LA EPIFISIS FEMORAL SUPERIOR (NO TRAUMATICO)
M931,5022,ENFERMEDAD DE KIENBÖCK DEL ADULTO
M932,5023,OSTEOCONDROSIS DISECANTE
M938,5024,OTRAS OSTEOCONDROPATIAS ESPECIFICADAS
M939,5025,"OSTEOCONDROPATIA, NO ESPECIFICADA"
M940,5026,SINDROME DE LA ARTICULACION CONDROCOSTAL [TIETZE]
M941,5027,POLICONDRITIS RECIDIVANTE
M942,5028,CONDROMALACIA
M943,5029,CONDROLISIS
M948,5030,OTROS TRASTORNOS ESPECIFICADOS DEL CARTILAGO
M949,5031,"TRASTORNO DEL CARTILAGO, NO ESPECIFICADO"
M950,5032,DEFORMIDAD ADQUIRIDA DE LA NARIZ
M951,5033,OREJA EN COLIFLOR
M952,5034,OTRAS DEFORMIDADES ADQUIRIDAS DE LA CABEZA
M953,5035,DEFORMIDAD ADQUIRIDA DEL CUELLO
M954,5036,DEFORMIDAD ADQUIRIDA DE COSTILLAS Y TORAX
M955,5037,DEFORMIDAD ADQUIRIDA DE LA PELVIS
M958,5038,OTRAS DEFORMIDADES ADQUIRIDA ESPECIFICADAS DEL SISTEMA OSTEOMUSCULAR
M959,5039,"DEFORMIDAD ADQUIRIDA DEL SISTEMA OSTEOMUSCULAR, NO ESPECIFICADA"
M960,5040,SEUDOARTROSIS CONSECUTIVA A FUSION O ARTRODESIS
M961,5041,"SINDROME POSTLAMINECTOMIA, NO CLASIFICADO EN OTRA PARTE"
M962,5042,CIFOSIS POSTRADIACION
M963,5043,CIFOSIS POSTLAMINECTOMIA
M964,5044,LORDOSIS POSTQUIRURGICA
M965,5045,ESCOLIOSIS POSTRRADIACION
M966,5046,"FRACTURA DE HUESO POSTERIOR A INSERCION O IMPLANTE ORTOPEDICO, PROTESIS ARTICULAR O PLACA OSEA"
M968,5047,OTROS TRASTORNOS OSTEOMUSCULARES CONSECUTIVOS A PROCEDIMIENTOS
M969,5048,TRASTORNOS OSTEOMUSCULARES NO ESPECIFICADOS CONSECUTIVOS A PROCEDIMIENTOS
M990,5049,DISFUNCION SEGMENTAL O SOMATICA
M991,5050,COMPLEJO DE SUBLUXACION (VERTEBRAL)
M992,5051,SUBLUXACION CON ESTENOSIS DEL CANAL NEURAL
M993,5052,ESTENOSIS OSEA DEL CANAL NEURAL
M994,5053,ESTENOSIS DEL CANAL NEURAL POR TEJIDO CONJUNTIVO
M995,5054,ESTENOSIS DEL CANAL NEURAL POR DISCO INTERVERTEBRAL
M996,5055,ESTENOSIS OSEA Y SUBLUXACION DE LOS AGUJEROS INTERVERTEBRALES
M997,5056,ESTENOSIS DE LOS AGUJEROS INTERVERTEBRALES POR TEJIDO CONJUNTIVO O POR DISCO INTERVERTEBRAL
M998,5057,OTRAS LESIONES BIOMECANICAS
M999,5058,"LESION BIOMECANICA, NO ESPECIFICADA"
N000,5059,SINDROME NEFRÍTICO AGUDO: ANOMALIA GLOMERULAR MINIMA
N001,5060,SINDROME NEFRÍTICO AGUDO: LESIONES GLOMERULARES FOCALES Y SEGMENTARIAS
N002,5061,SINDROME NEFRITICO AGUDO: GLOMERULONEFRITIS MEMBRANOSA DIFUSA
N003,5062,SINDROME NEFRITICO AGUDO: GLOMERULONEFRITIS PROLIFERATIVA MESANGIAL DIFUSA
N004,5063,SINDROME NEFRITICO AGUDO: GLOMERULONEFRITIS PROLIFERATIVA ENDOCAPILAR DIFUSA
N005,5064,SINDROME NEFRITICO AGUDO: GLOMERULONEFRITIS MESANGIOCAPILAR DIFUSA
N006,5065,SINDROME NEFRITICO AGUDO: ENFERMEDAD POR DEPOSITOS DENSOS
N007,5066,SINDROME NEFRITICO AGUDO: GLOMERULONEFRITIS DIFUSA EN MEDIA LUNA
N008,5067,SINDROME NEFRITICO AGUDO: OTRAS
N009,5068,SINDROME NEFRITICO AGUDO: NO ESPECIFICADA
N010,5069,SINDROME NEFRITICO RAPIDAMENTE PROGRESIVO: ANOMALIA GLOMERULAR MINIMA
N011,5070,SINDROME NEFRÍTICO RAPIDAMENTE PROGRESIVO: LESIONES GLOMERULARES FOCALES Y SEGMENTARIAS
N012,5071,SINDROME NEFRITICO RAPIDAMENTE PROGRESIVO: GLOMERULONEFRITIS MEMBRANOSA DIFUSA
N013,5072,SINDROME NEFRITICO RAPIDAMENTE PROGRESIVO: GLOMERULONEFRITIS PROLIFERATIVA MESANGIAL DIFUSA
N014,5073,SINDROME NEFRITICO RAPIDAMENTE PROGRESIVO: GLOMERULONEFRITIS PROLIFERATIVA ENDOCAPILAR DIFUSA
N015,5074,SINDROME NEFRITICO RAPIDAMENTE PROGRESIVO: GLOMERULONEFRITIS MESANGIOCAPILAR DIFUSA
N016,5075,SINDROME NEFRITICO RAPIDAMENTE PROGRESIVO: ENFERMEDAD POR DEPOSITOS DENSOS
N017,5076,SINDROME NEFRITICO RAPIDAMENTE PROGRESIVO: GLOMERULONEFRITIS DIFUSA EN MEDIA LUNA
N018,5077,SINDROME NEFRITICO RAPIDAMENTE PROGRESIVO: OTRAS
N019,5078,SINDROME NEFRITICO RAPIDAMENTE PROGRESIVO: NO ESPECIFICADA
N020,5079,HEMATURIA RECURRENTE Y PERSISTENTE: ANOMALIA GLOMERULAR MINIMA
N021,5080,HEMATURIA RECURRENTE Y PERSISTENTE: LESIONES GLOMERULARES FOCALES Y SEGMENTARIAS
N022,5081,HEMATURIA RECURRENTE Y PERSISTENTE: GLOMERULONEFRITIS MEMBRANOSA DIFUSA
N023,5082,HEMATURIA RECURRENTE Y PERSISTENTE: GLOMERULONEFRITIS PROLIFERATIVA MESANGIAL DIFUSA
N024,5083,HEMATURIA RECURRENTE Y PERSISTENTE: GLOMERULONEFRITIS PROLIFERATIVA ENDOCAPILAR DIFUSA
N025,5084,HEMATURIA RECURRENTE Y PERSISTENTE: GLOMERULONEFRITIS MESANGIOCAPILAR DIFUSA
N026,5085,HEMATURIA RECURRENTE Y PERSISTENTE: ENFERMEDAD POR DEPOSITOS DENSOS
N027,5086,HEMATURIA RECURRENTE Y PERSISTENTE: GLOMERULONEFRITIS DIFUSA EN MEDIA LUNA
N028,5087,HEMATURIA RECURRENTE Y PERSISTENTE: OTRAS
N029,5088,HEMATURIA RECURRENTE Y PERSISTENTE: NO ESPECIFICADA
N030,5089,SINDROME NEFRITICO CRONICO: ANOMALIA GLOMERULAR MINIMA
N031,5090,SINDROME NEFRITICO CRONICO: LESIONES GLOMERULARES FOCALES Y SEGMENTARIAS
N032,5091,SINDROME NEFRITICO CRONICO: GLOMERULONEFRITIS MEMBRANOSA DIFUSA
N033,5092,SINDROME NEFRITICO CRONICO: GLOMERULONEFRITIS PROLIFERATIVA MESANGIAL DIFUSA
N034,5093,SINDROME NEFRITICO CRONICO: GLOMERULONEFRITIS PROLIFERATIVA ENDOCAPILAR DIFUSA
N035,5094,SINDROME NEFRITICO CRONICO: GLOMERULONEFRITIS MESANGIOCAPILAR DIFUSA
N036,5095,SINDROME NEFRITICO CRONICO: ENFERMEDAD POR DEPOSITOS DENSOS
N037,5096,SINDROME NEFRITICO CRONICO: GLOMERULONEFRITIS DIFUSA EN MEDIA LUNA
N038,5097,SINDROME NEFRITICO CRONICO: OTRAS
N039,5098,SINDROME NEFRITICO CRONICO: NO ESPECIFICADA
N040,5099,SINDROME NEFROTICO: ANOMALIA GLOMERULAR MINIMA
N041,5100,SINDROME NEFROTICO: LESIONES GLOMERULARES FOCALES Y SEGMENTARIAS
N042,5101,SINDROME NEFROTICO: GLOMERULONEFRITIS MEMBRANOSA DIFUSA
N043,5102,SINDROME NEFROTICO: GLOMERULONEFRITIS PROLIFERATIVA MESANGIAL DIFUSA
N044,5103,SINDROME NEFROTICO: GLOMERULONEFRITIS PROLIFERATIVA ENDOCAPILAR DIFUSA
N045,5104,SINDROME NEFROTICO: GLOMERULONEFRITIS MESANGIOCAPILAR DIFUSA
N046,5105,SINDROME NEFROTICO: ENFERMEDAD POR DEPOSITOS DENSOS
N047,5106,SINDROME NEFROTICO: GLOMERULONEFRITIS DIFUSA EN MEDIA LUNA
N048,5107,SINDROME NEFROTICO: OTRAS
N049,5108,SINDROME NEFROTICO: NO ESPECIFICADA
N050,5109,SINDROME NEFRITICO NO ESPECIFICADO: ANOMALIA GLOMERULAR MINIMA
N051,5110,SINDROME NEFRITICO NO ESPECIFICADO: LESIONES GLOMERULARES FOCALES Y SEGMENTARIAS
N052,5111,SINDROME NEFRITICO NO ESPECIFICADO: GLOMERULONEFRITIS MEMBRANOSA DIFUSA
N053,5112,SINDROME NEFRITICO NO ESPECIFICADO: GLOMERULONEFRITIS PROLIFERATIVA MESANGIAL DIFUSA
N054,5113,SINDROME NEFRITICO NO ESPECIFICADO: GLOMERULONEFRITIS PROLIFERATIVA ENDOCAPILAR DIFUSA
N055,5114,SINDROME NEFRITICO NO ESPECIFICADO: GLOMERULONEFRITIS MESANGIOCAPILAR DIFUSA
N056,5115,SINDROME NEFRITICO NO ESPECIFICADO: ENFERMEDAD POR DEPOSITOS DENSOS
N057,5116,SINDROME NEFRITICO NO ESPECIFICADO: GLOMERULONEFRITIS DIFUSA EN MEDIA LUNA
N058,5117,SINDROME NEFRITICO NO ESPECIFICADO: OTRAS
N059,5118,SINDROME NEFRITICO NO ESPECIFICADO: NO ESPECIFICADA
N060,5119,PROTEINURIA AISLADA CON LESION MORFOLOGICA ESPECIFICADA: ANOMALIA GLOMERULAR MINIMA
N061,5120,PROTEINURIA AISLADA CON LESION MORFOLOGICA ESPECIFICADA LESIONES GLOMERULARES FOCALES Y SEGMENTARIAS
N062,5121,PROTEINURIA AISLADA CON LESION MORFOLOGICA ESPECIFICADA: GLOMERULONEFRITIS MEMBRANOSA DIFUSA
N063,5122,PROTEINURIA AISLADA CON LESION MORFOLOGICA ESPECIFICADA: GLOMERULONEFRITIS PROLIFERATIVA MESANGIAL DIFUSA
N064,5123,PROTEINURIA AISLADA CON LESION MORFOLOGICA ESPECIFICADA: GLOMERULONEFRITIS PROLIFERATIVA ENDOCAPILAR DIFUSA
N065,5124,PROTEINURIA AISLADA CON LESION MORFOLOGICA ESPECIFICADA: GLOMERULONEFRITIS MESANGIOCAPILAR DIFUSA
N066,5125,PROTEINURIA AISLADA CON LESION MORFOLOGICA ESPECIFICADA: ENFERMEDAD POR DEPOSITOS DENSOS
N067,5126,PROTEINURIA AISLADA CON LESION MORFOLOGICA ESPECIFICADA: GLOMERULONEFRITIS DIFUSA EN MEDIA LUNA
N068,5127,PROTEINURIA AISLADA CON LESION MORFOLOGICA ESPECIFICADA: OTRAS
N069,5128,PROTEINURIA AISLADA CON LESION MORFOLOGICA ESPECIFICADA: NO ESPECIFICADA
N070,5129,"NEFROPATIA HEREDITARIA, NO CLASIFICADA EN OTRA PARTE: ANOMALIA GLOMERULAR MINIMA"
N071,5130,"NEFROPATIA HEREDITARIA, NO CLASIFICADA EN OTRA PARTE: LESIONES GLOMERULARES FOCALES Y SEGMENTARIAS"
N072,5131,"NEFROPATIA HEREDITARIA, NO CLASIFICADA EN OTRA PARTE: GLOMERULONEFRITIS MEMBRANOSA DIFUSA"
N073,5132,"NEFROPATIA HEREDITARIA, NO CLASIFICADA EN OTRA PARTE: GLOMERULONEFRITIS PROLIFERATIVA MESANGIAL DIFUSA"
N074,5133,"NEFROPATIA HEREDITARIA, NO CLASIFICADA EN OTRA PARTE: GLOMERULONEFRITIS PROLIFERATIVA ENDOCAPILAR DIFUSA"
N075,5134,"NEFROPATIA HEREDITARIA, NO CLASIFICADA EN OTRA PARTE: GLOMERULONEFRITIS MESANGIOCAPILAR DIFUSA"
N076,5135,"NEFROPATIA HEREDITARIA, NO CLASIFICADA EN OTRA PARTE: ENFERMEDAD POR DEPOSITOS DENSOS"
N077,5136,"NEFROPATIA HEREDITARIA, NO CLASIFICADA EN OTRA PARTE: GLOMERULONEFRITIS DIFUSA EN MEDIA LUNA"
N078,5137,"NEFROPATIA HEREDITARIA, NO CLASIFICADA EN OTRA PARTE: OTRAS"
N079,5138,"NEFROPATIA HEREDITARIA, NO CLASIFICADA EN OTRA PARTE: NO ESPECIFICADA"
N080,5139,TRASTORNOS GLOMERULARES EN ENFERMEDADES INFECCIOSAS Y PARASITARIAS CLASIFICADAS EN OTRA PARTE
N081,5140,TRASTORNOS GLOMERULARES EN ENFERMEDADES NEOPLASICAS
N082,5141,TRASTORNOS GLOMERULARES EN ENFERMEDADES DE LA SANGRE Y OTROS TRASTORNOS QUE AFECTAN AL MECANISMO INMUNITARIO
N083,5142,TRASTORNOS GLOMERULARES EN DIABETES MELLITUS (E10-E14 CON CUARTO CARÁCTER COMUN .2)
N084,5143,"TRASTORNOS GLOMERULARES EN OTRAS ENFERMEDADES ENDOCRINAS, NUTRICIONALES Y METABOLICAS"
N085,5144,TRASTORNOS GLOMERULARES EN TRASTORNOS SISTEMICOS DEL TEJIDO CONJUNTIVO
N088,5145,TRASTORNOS GLOMERULARES EN OTRAS ENFERMEDADES CLASIFICADAS EN OTRA PARTE
N10,5146,NEFRITIS TUBULOINTERSTICIAL AGUDA
N110,5147,PIELONEFRITIS CRONICA NO OBSTRUCTIVA ASOCIADA CON REFLUJO
N111,5148,PIELONEFRITIS CRONICA OBSTRUCTIVA
N118,5149,OTRAS NEFRITIS TUBULOINTERSTICIALES CRONICAS
N119,5150,"NEFRITIS TUBULOINTERSTICIAL CRONICA, SIN OTRA ESPECIFICACION"
N12,5151,"NEFRITIS TUBULOINTERSTICIAL, NO ESPECIFICADA COMO AGUDA O CRONICA"
N130,5152,HIDRONEFROSIS CON OBSTRUCCION DE LA UNION URETERO-PELVICA
N131,5153,"HIDRONEFROSIS CON ESTRECHEZ URETERAL, NO CLASIFICADA EN OTRA PARTE"
N132,5154,HIDRONEFROSIS CON OBSTRUCCION POR CALCULOS DEL RIÑON Y DEL URETER
N133,5155,OTRAS HIDRONEFROSIS Y LAS NO ESPECIFICADAS
N134,5156,HIDROURETER
N135,5157,TORSION Y ESTRECHEZ DEL URETER SIN HIDRONEFROSIS
N136,5158,PIONEFROSIS
N137,5159,UROPATIA ASOCIADA CON REFLUJO VESICOURETERAL
N138,5160,OTRAS UROPATIAS OBSTRUCTIVAS POR REFLUJO
N139,5161,"UROPATIA OBSTRUCTIVA POR REFLUJO, SIN OTRA ESPECIFICACION"
N140,5162,NEFROPATIA INDUCIDA POR ANALGESICOS
N141,5163,"NEFROPATIA INDUCIDA POR OTRAS DROGAS, MEDICAMENTOS Y SUSTANCIAS BIOLOGICAS"
N142,5164,"NEFROPATIA INDUCIDA POR DROGAS, MEDICAMENTOS Y SUSTANCIAS BIOLOGICAS NO ESPECIFICADAS"
N143,5165,NEFROPATIA INDUCIDA POR METALES PESADOS
N144,5166,"NEFROPATIA TOXICA, NO ESPECIFICADA EN OTRA PARTE"
N150,5167,NEFROPATIA DE LOS BALCANES
N151,5168,ABSCESO RENAL Y PERIRRENAL
N158,5169,OTRAS ENFERMEDADES RENALES TUBULOINTERSTICIALES ESPECIFICADAS
N159,5170,"ENFERMEDAD RENAL TUBULOINTERSTICIAL, NO ESPECIFICADA"
N160,5171,TRASTORNOS RENALES TUBULOINTERSTICIALES EN ENFERMEDADES INFECCIOSAS Y PARASITARIAS CLASIFICADAS EN OTRA PATRTE
N161,5172,TRASTORNOS RENALES TUBULOINTERSTICIALES EN ENFERMEDADES NEOPLASICAS
N162,5173,TRASTORNOS RENALES TUBULOINTERSTICIALES EN ENFERMEDADES DE LA SANGRE Y EN TRASTORNOS QUE AFECTAN EL MECANISMO INMUNITARIO
N163,5174,TRASTORNOS RENALES TUBULOINTERSTICIALES EN ENFERMEDADES METABOLICAS
N164,5175,TRASTORNOS RENALES TUBULOINTERSTICIALES EN ENFERMEDADES DEL TEJIDO CONJUNTIVO
N165,5176,TRASTORNOS RENALES TUBULOINTERSTICIALES EN RECHAZO DE TRASPLANTE (T86.-)
N168,5177,TRASTORNOS RENALES TUBULOINTERSTICIALES EN OTRAS ENFERMEDADES CLASIFICADAS EN OTRA PARTE
N170,5178,INSUFICIENCIA RENAL AGUDA CON NECROSIS TUBULAR
N171,5179,INSUFICIENCIA RENAL AGUDA CON NECROSIS CORTICAL AGUDA
N172,5180,INSUFICIENCIA RENAL AGUDA CON NECROSIS MEDULAR
N178,5181,OTRAS INSUFICIENCIAS RENALES AGUDAS
N179,5182,"INSUFICIENCIA RENAL AGUDA, NO ESPECIFICADA"
N180,5183,INSUFICIENCIA RENAL TERMINAL
N188,5184,OTRAS INSUFICIENCIAS RENALES CRONICAS
N189,5185,"INSUFICIENCIA RENAL CRONICA, NO ESPECIFICADA"
N19,5186,INSUFICIENCIA RENAL NO ESPECIFICADA
N200,5187,CALCULO DEL RIÑON
N201,5188,CALCULO DEL URETER
N202,5189,CALCULO DEL RIÑON CON CALCULO DEL URETER
N209,5190,"CALCULO URINARIO, NO ESPECIFICADO"
N210,5191,CALCULO EN LA VEJIGA
N211,5192,CALCULO EN LA URETRA
N218,5193,OTROS CALCULOS DE LAS VIAS URINARIAS INFERIORES
N219,5194,"CALCULO DE LAS VIAS URINARIAS INFERIORES, NO ESPECIFICADO"
N220,5195,LITIASIS URINARIA EN ESQUISTOSOMIASIS [BILHARZIASIS] (B65.-)
N228,5196,CALCULO DE LAS VIAS URINARIAS EN OTRAS ENFERMEDADES CLASIFICADAS EN OTRA PARTE
N23,5197,"COLICO RENAL, NO ESPECIFICADO"
N250,5198,OSTEODISTROFIA RENAL
N251,5199,DIABETES INSIPIDA NEFROGENA
N258,5200,OTROS TRASTORNOS RESULTANTES DE LA FUNCION TUBULAR RENAL ALTERADA
N259,5201,"TRASTORNO NO ESPECIFICADO, RESULTANTE DE LA FUNCION TUBULAR RENAL ALTERADA"
N26,5202,"RIÑON CONTRAIDO, NO ESPECIFICADO"
N270,5203,"RIÑON PEQUEÑO, UNILATERAL"
N271,5204,"RIÑON PEQUEÑO, BILATERAL"
N279,5205,"RIÑON PEQUEÑO, NO ESPECIFICADO"
N280,5206,ISQUEMIA E INFARTO DEL RIÑON
N281,5207,"QUISTE DE RIÑON, ADQUIRIDO"
N288,5208,OTROS TRASTORNOS ESPECIFICADOS DEL RIÑON Y DEL URETER
N289,5209,"TRASTORNO DEL RIÑON Y DEL URETER, NO ESPECIFICADO"
N290,5210,SIFILIS RENAL TARDIA (A52.7)
N291,5211,OTROS TRASTORNOS DEL RIÑON Y DEL URETER EN ENFERMEDADES INFECCIOSAS Y PARASITARIAS CLASIFICADAS EN OTRA PARTE
N298,5212,OTROS TRASTORNOS DEL RIÑON Y DEL URETER EN OTRAS ENFERMEDADES CLASIFICADAS EN OTRA PARTE
N300,5213,CISTITIS AGUDAS
N301,5214,CISTITIS INTERSTICIAL (CRONICA)
N302,5215,OTRAS CISTITIS CRONICAS
N303,5216,TRIGONITIS
N304,5217,CISTITIS POR IRRADIACION
N308,5218,OTRAS CISTITIS
N309,5219,"CISTITIS, NO ESPECIFICADA"
N310,5220,"VEJIGA NEUROPATICA NO INHIBIDA, NO CLASIFICADA EN OTRA PARTE"
N311,5221,"VEJIGA NEUROPATICA REFLEJA, NO CLASIFICADA EN OTRA PARTE"
N312,5222,"VEJIGA NEUROPATICA FLACIDA, NO CLASIFICADA EN OTRA PARTE"
N318,5223,OTRAS DISFUNCIONES NEUROMUSCULARES DE LA VEJIGA
N319,5224,"DISFUNCION NEUROMUSCULAR DE LA VEJIGA, NO ESPECIFICADA"
N320,5225,OBSTRUCCION DE CUELLO DE LA VEJIGA
N321,5226,FISTULA VESICOINTESTINAL
N322,5227,"FISTULA DE LA VEJIGA, NO CLASIFICADA EN OTRA PARTE"
N323,5228,DIVERTICULO DE LA VEJIGA
N324,5229,"RUPTURA DE LA VEJIGA, NO TRAUMATICA"
N328,5230,OTROS TRASTORNOS ESPECIFICADOS DE LA VEJIGA
N329,5231,"TRASTORNO DE LA VEJIGA, NO ESPECIFICADO"
N330,5232,CISTITIS TUBERCULOSA (A18.1)
N338,5233,TRASTORNOS DE LA VEJIGA EN OTRAS ENFERMEDADES CLASIFICADAS EN OTRA PARTE
N340,5234,ABSCESO URETRAL
N341,5235,URETRITIS NO ESPECIFICADA
N342,5236,OTRAS URETRITIS
N343,5237,"SINDROME URETRAL, NO ESPECIFICADO"
N350,5238,ESTRECHEZ URETRAL POSTRAUMATICA
N351,5239,"ESTRECHEZ URETRAL POSTINFECCION, NO CLASIFICADA EN OTRA PARTE"
N358,5240,OTRAS ESTRECHECES URETRALES
N359,5241,"ESTRECHEZ URETRAL, NO ESPECIFICADA"
N360,5242,FISTULA DE LA URETRA
N361,5243,DIVERTICULO DE LA URETRA
N362,5244,CARUNCULA URETRAL
N363,5245,PROLAPSO DE LA MUCOSA URETRAL
N368,5246,OTROS TRASTORNOS ESPECIFICADOS DE LA URETRA
N369,5247,"TRASTORNO DE LA URETRA, NO ESPECIFICADO"
N370,5248,URETRITIS EN ENFERMEDADES CLASIFICADAS EN OTRA PARTE
N378,5249,OTROS TRASTORNOS URETRALES EN ENFERMEDADES CLASIFICADAS EN OTRA PARTE
N390,5250,"INFECCION DE VIAS URINARIAS, SITIO NO ESPECIFICADO"
N391,5251,"PROTEINURIA PERSISTENTE, NO ESPECIFICADA"
N392,5252,"PROTEINURIA ORTOSTATICA, NO ESPECIFICADA"
N393,5253,INCONTINENCIA URINARIA POR TENSION
N394,5254,OTRAS INCONTINENCIAS URINARIAS ESPECIFICADAS
N398,5255,OTROS TRASTORNOS ESPECIFICADOS DEL SISTEMA URINARIO
N399,5256,"TRASTORNO DEL SISTEMA URINARIO, NO ESPECIFICADO"
N40,5257,HIPERPLASIA DE LA PROSTATA
N410,5258,PROSTATITIS AGUDA
N411,5259,PROSTATITIS CRONICA
N412,5260,ABSCESO DE LA PROSTATA
N413,5261,PROSTATOCISTITIS
N418,5262,OTRAS ENFERMEDADES INFLAMATORIAS DE LA PROSTATA
N419,5263,"ENFERMEDAD INFLAMATORIA DE LA PROSTATA, NO ESPECIFICADA"
N420,5264,CALCULO DE LA PROSTATA
N421,5265,CONGESTION Y HEMORRAGIA DE LA PROSTATA
N422,5266,ATROFIA DE LA PROSTATA
N428,5267,OTROS TRASTORNOS ESPECIFICADOS DE LA PROSTATA
N429,5268,"TRASTORNO DE LA PROSTATA, NO ESPECIFICADO"
N430,5269,HIDROCELE ENQUISTADO
N431,5270,HIDROCELE INFECTADO
N432,5271,OTRAS HIDROCELES
N433,5272,"HIDROCELE, NO ESPECIFICADO"
N434,5273,ESPERMATOCELE
N44,5274,TORSION DEL TESTICULO
N450,5275,"ORQUITIS, EPIDIDIMITIS Y ORQUIEPIDIDIMITIS CON ABSCESO"
N459,5276,"ORQUITIS, EPIDIDIMITIS Y ORQUIEPIDIDIMITIS SIN ABSCESO"
N46,5277,ESTERILIDAD EN EL VARON
N47,5278,"PREPUCIO REDUNDANTE, FIMOSIS Y PARAFIMOSIS"
N480,5279,LEUCOPLASIA DEL PENE
N481,5280,BALANOPOSTITIS
N482,5281,OTROS TRASTORNOS INFLAMATORIOS DEL PENE
N483,5282,PRIAPISMO
N484,5283,IMPOTENCIA DE ORIGEN ORGANICO
N485,5284,ULCERA DEL PENE
N486,5285,INDURACION PLASTICA DEL PENE
N488,5286,OTROS TRASTORNOS ESPECIFICADOS DEL PENE
N489,5287,"TRASTORNO DEL PENE, NO ESPECIFICADO"
N490,5288,TRASTORNOS INFLAMATORIOS DE VESICULA SEMINAL
N491,5289,"TRASTORNOS INFLAMATORIOS DEL CORDON ESPERMATICO, TUNICA VAGINAL Y CONDUCTO DEFERENTE"
N492,5290,TRASTORNOS INFLAMATORIOS DEL ESCROTO
N498,5291,OTROS TRASTORNOS INFLAMATORIOS DE LOS ORGANOS GENITALES MASCULINOS
N499,5292,"TRASTORNO INFLAMATORIO DE ORGANO MASCULINO, NO ESPECIFICADO"
N500,5293,ATROFIA DEL TESTICULO
N501,5294,TRASTORNOS VASCULARES DE LOS ORGANOS GENITALES MASCULINOS
N508,5295,OTROS TRASTORNOS ESPECIFICADOS DE LOS ORGANOS GENITALES MASCULINOS
N509,5296,TRASTORNO NO ESPECIFICADO DE LOS ORGANOS GENITALES MASCULINOS
N510,5297,TRASTORNOS DE PROSTATA EN ENFERMEDADES CLASIFICADAS EN OTRA PARTE
N511,5298,TRASTORNO DEL TESTICULO Y DEL EPIDIDIMO EN ENFERMEDADES CLASIFICADAS EN OTRA PARTE
N512,5299,BALANITIS EN ENFERMEDADES CLASIFICADAS EN OTRA PARTE
N518,5300,OTROS TRASTORNOS DE LOS ORGANOS GENITALES MASCULINOS EN ENFERMEDADES CLASIFICADAS EN OTRA PARTE
N600,5301,QUISTE SOLITARIO DE LA MAMA
N601,5302,MASTOPATIA QUISTICA DIFUSA
N602,5303,FIBROADENOSIS DE LA MAMA
N603,5304,FIBROESCLEROSIS DE MAMA
N604,5305,ECTASIA DE CONDUCTO MAMARIO
N608,5306,OTRAS DISPLASIAS MAMARIAS BENIGNAS
N609,5307,"DISPLASIA MAMARIA BENIGNA, SIN OTRA ESPECIFICACION"
N61,5308,TRASTORNOS INFLAMATORIOS DE LA MAMA
N62,5309,HIPERTROFIA DE LA MAMA
N63,5310,MASA NO ESPECIFICADA EN LA MAMA
N640,5311,FISURA Y FISTULA DEL PEZON
N641,5312,NECROSIS GRASA DE LA MAMA
N642,5313,ATROFIA DE LA MAMA
N643,5314,GALACTORREA NO ASOCIADA CON EL PARTO
N644,5315,MASTODINIA
N645,5316,OTROS SIGNOS Y SINTOMAS RELATIVOS A LA MAMA
N648,5317,OTROS TRASTORNOS ESPECIFICADOS DE LA MAMA
N649,5318,"TRASTORNO DE LA MAMA, NO ESPECIFICADO"
N700,5319,SALPINGITIS Y OOFORITIS AGUDA
N701,5320,SALPINGITIS Y OOFORITIS CRONICA
N709,5321,"SALPINGITIS Y OOFORITIS, NO ESPECIFICADAS"
N710,5322,ENFERMEDAD INFLAMATORIA AGUDA DEL UTERO
N711,5323,ENFERMEDAD INFLAMATORIA CRONICA DEL UTERO
N719,5324,"ENFERMEDAD INFLAMATORIA DEL UTERO, NO ESPECIFICADAS"
N72,5325,ENFERMEDAD INFLAMATORIA DEL CUELLO UTERINO
N730,5326,PARAMETRITIS Y CELULITIS PELVICA AGUDA
N731,5327,PARAMETRITIS Y CELULITIS PELVICA CRONICA
N732,5328,PARAMETRITIS Y CELULITIS PELVICA NO ESPECIFICADA
N733,5329,"PERITONITIS PELVICA AGUDA, FEMENINA"
N734,5330,"PERITONITIS PELVICA CRONICA, FEMENINA"
N735,5331,"PERITONITIS PELVICA FEMENINA, NO ESPECIFICADA"
N736,5332,ADHERENCIAS PERITONEALES PELVICAS FEMENINAS
N738,5333,OTRAS ENFERMEDADES INFLAMATORIAS PELVICAS FEMENINAS
N739,5334,"ENFERMEDAD INFLAMATORIA PELVICA FEMENINA, NO ESPECIFICADA"
N740,5335,INFECCION TUBERCULOSA DEL CUELLO DEL UTERO (A18.1)
N741,5336,ENFERMEDAD INFLAMATORIA PELVICA FEMENINA POR TUBERCULOSIS (A18.1)
N742,5337,"ENFERMEDAD INFLAMATORIA PELVICA FEMENINA POR SIFILIS (A51.4, A52.7)"
N743,5338,ENFERMEDAD INFLAMATORIA PELVICA FEMENINA POR GONOCOCOS (A54.2)
N744,5339,ENFERMEDAD INFLAMATORIA PELVICA FEMENINA POR CLAMIDIAS (A56.1)
N748,5340,TRASTORNOS INFLAMATORIOS PELVICOS FEMENINOS EN OTRAS ENFERMEDADES CLASIFICADAS EN OTRA PARTE
N750,5341,QUISTE DE LA GLANDULA DE BARTHOLIN
N751,5342,ABSCESO DE LA GLANDULA DE BARTHOLIN
N758,5343,OTRAS ENFERMEDADES DE LA GLANDULA DE BARTHOLIN
N759,5344,"ENFERMEDAD DE LA GLANDULA DE BARTHOLIN, NO ESPECIFICADA"
N760,5345,VAGINITIS AGUDA
N761,5346,VAGINITIS SUBAGUDA Y CRONICA
N762,5347,VULVITIS AGUDA
N763,5348,VULVITIS SUBAGUDA Y CRONICA
N764,5349,ABSCESO VULVAR
N765,5350,ULCERACION DE LA VAGINA
N766,5351,ULCERACION DE LA VULVA
N768,5352,OTRAS INFLAMACIONES ESPECIFICADAS DE LA VAGINA Y DE LA VULVA
N770,5353,ULCERACION DE LA VULVA EN ENFERMEDADES INFECCIOSAS Y PARASITARIAS CLASIFICADAS EN OTRA PARTE
N771,5354,"VAGINITIS, VULVITIS Y VULVOVAGINITIS EN ENFERMEDADES INFECCIOSAS Y PARASITARIAS CLASIFICADAS EN OTRA PARTE"
N778,5355,ULCERACION E INFLAMACION VULVOVAGINAL EN OTRAS ENFERMEDADES CLASIFICADAS EN OTRA PARTE
N800,5356,ENDOMETRIOSIS DEL UTERO
N801,5357,ENDOMETRIOSIS DEL OVARIO
N802,5358,ENDOMETRIOSIS DE LA TROMPA DE FALOPIO
N803,5359,ENDOMETRIOSIS DEL PERITONEO PELVICO
N804,5360,ENDOMETRIOSIS DEL TABIQUE RECTOVAGINAL Y DE LA VAGINA
N805,5361,ENDOMETRIOSIS DEL INTESTINO
N806,5362,ENDOMETRIOSIS EN CICATRIZ CUTANEA
N808,5363,OTRAS ENDOMETRIOSIS
N809,5364,"ENDOMETRIOSIS, NO ESPECIFICADA"
N810,5365,URETROCELE FEMENINO
N811,5366,CISTOCELE
N812,5367,PROLAPSO UTEROVAGINAL INCOMPLETO
N813,5368,PROLAPSO UTEROVAGINAL COMPLETO
N814,5369,"PROLAPSO UTEROVAGINAL, SIN OTRA ESPECIFICACION"
N815,5370,ENTEROCELE VAGINAL
N816,5371,RECTOCELE
N818,5372,OTROS PROLAPSOS GENITALES FEMENINOS
N819,5373,"PROLAPSO GENITAL FEMENINO, NO ESPECIFICADO"
N820,5374,FISTULA VESICOVAGINAL
N821,5375,OTRAS FISTULAS DE LAS VIAS GENITOURINARIAS FEMENINAS
N822,5376,FISTULA DE LA VAGINA AL INTESTINO DELGADO
N823,5377,FISTULA DE LA VAGINA AL INTESTINO GRUESO
N824,5378,OTRAS FISTULAS DEL TRACTO GENITAL FEMENINO AL TRACTO INTESTINAL 
N825,5379,FISTULA DEL TRACTO GENITAL FEMENINO A LA PIEL
N828,5380,OTRAS FISTULAS DEL TRACTO GENITAL FEMENINO
N829,5381,"FISTULA DEL TRACTO GENITAL FEMENINO, SIN OTRA ESPECIFICACION"
N830,5382,QUISTE FOLICULAR DEL OVARIO
N831,5383,QUISTE DEL CUERPO AMARILLO
N832,5384,OTROS QUISTES OVARICOS Y LOS NO ESPECIFICADOS
N833,5385,ATROFIA ADQUIRIDA DEL OVARIO Y DE LA TROMPA FALOPIO
N834,5386,PROLAPSO Y HERNIA DEL OVARIO Y DE LA TROMPA DE FALOPIO
N835,5387,"TORSION DE OVARIO, PEDICULO DE OVARIO Y TROMPA DE FALOPIO"
N836,5388,HEMATOSALPINX
N837,5389,HEMATOMA DEL LIGAMENTO ANCHO
N838,5390,"OTROS TRASTORNOS NO INFLAMATORIOS DEL OVARIO, DE LA TROMPA DE FALOPIO Y DEL LIGAMENTO ANCHO"
N839,5391,"ENFERMEDAD NO INFLAMATORIA DEL OVARIO, DE LA TROMPA DE FALOPIO Y DEL LIGAMENTO ANCHO, NO ESPECIFICADA"
N840,5392,POLIPO DEL CUERPO DEL UTERO
N841,5393,POLIPO DEL CUELLO DEL UTERO
N842,5394,POLIPO DE LA VAGINA
N843,5395,POLIPO DE LA VULVA
N848,5396,POLIPO DE OTRAS PARTES DEL TRACTO GENITAL FEMENINO
N849,5397,"POLIPO DEL TRACTO GENITAL FEMENINO, NO ESPECIFICADO"
N850,5398,HIPERPLASIA DE GLANDULA DEL ENDOMETRIO
N851,5399,HIPERPLASIA ADENOMATOSA DEL ENDOMETRIO
N852,5400,HIPERTROFIA DEL UTERO
N853,5401,SUBINVOLUCION DEL UTERO
N854,5402,MALA POSICION DEL UTERO
N855,5403,INVERSION DEL UTERO
N856,5404,SINEQUIAS INTRAUTERINAS
N857,5405,HEMATOMETRA
N858,5406,OTROS TRASTORNOS NO INFLAMATORIOS ESPECIFICADOS DEL UTERO
N859,5407,"TRASTORNO NO INFLAMATORIO DEL UTERO, NO ESPECIFICADO"
N86,5408,EROSION Y ECTROPION DEL CUELLO DEL UTERO
N870,5409,DISPLASIA CERVICAL LEVE
N871,5410,DISPLASIA CERVICAL MODERADA
N872,5411,"DISPLASIA CERVICAL SEVERA, NO CLASIFICADA EN OTRA PARTE"
N879,5412,"DISPLASIA DEL CUELLO DEL UTERO, NO ESPECIFICADA"
N880,5413,LEUCOPLASIA DEL CUELLO DEL UTERO
N881,5414,LACERACION ANTIGUA DEL CUELLO DEL UTERO
N882,5415,ESTRECHEZ Y ESTENOSIS DEL CUELLO DEL UTERO
N883,5416,INCOMPETENCIA DEL CUELLO DEL UTERO
N884,5417,ELONGACION HIPERTROFICA DEL CUELLO DEL UTERO
N888,5418,OTROS TRASTORNOS NO INFLAMATORIOS ESPECIFICADOS DEL CUELLO DEL UTERO
N889,5419,"TRASTORNO NO INFLAMATORIO DEL CUELLO DEL UTERO, NO ESPECIFICADO"
N890,5420,DISPLASIA VAGINAL LEVE
N891,5421,DISPLASIA VAGINAL MODERADA
N892,5422,"DISPLASIA VAGINAL SEVERA, NO CLASIFICADA EN OTRA PARTE"
N893,5423,"DISPLASIA DE LA VAGINA, NO ESPECIFICADA"
N894,5424,LEUCOPLASIA DE LA VAGINA
N895,5425,ESTRECHEZ Y ATRESIA DE LA VAGINA
N896,5426,ANILLO DE HIMEN ESTRECHO
N897,5427,HEMATOCOLPOS
N898,5428,OTROS TRASTORNOS ESPECIFICADOS NO INFLAMATORIOS DE LA VAGINA
N899,5429,"TRASTORNO NO INFLAMATORIO DE LA VAGINA, NO ESPECIFICADO"
N900,5430,DISPLASIA VULVAR LEVE
N901,5431,DISPLASIA VULVAR MODERADA
N902,5432,"DISPLASIA VULVAR SEVERA, NO CLASIFICADA EN OTRA PARTE"
N903,5433,"DISPLASIA DE LA VULVA, NO ESPECIFICADA"
N904,5434,LEUCOPLASIA DE LA VULVA
N905,5435,ATROFIA DE LA VULVA
N906,5436,HIPERTROFIA DE LA VULVA
N907,5437,QUISTE DE LA VULVA
N908,5438,OTROS TRASTORNOS NO INFLAMATORIOS ESPECIFICADOS DE LA VULVA Y DEL PERINEO
N909,5439,"TRASTORNO NO INFLAMATORIO DE LA VULVA Y DEL PERINEO, NO ESPECIFICADO"
N910,5440,AMENORREA PRIMARIA
N911,5441,AMENORREA SECUNDARIA
N912,5442,"AMENORREA, SIN OTRA ESPECIFICACION"
N913,5443,OLIGOMENORREA PRIMARIA
N914,5444,OLIGOMENORREA SECUNDARIA
N915,5445,OLIGOMENORREA NO ESPECIFICADA
N920,5446,MENSTRUACION EXCESIVA Y FRECUENTE CON CICLO REGULAR
N921,5447,MENSTRUACION EXCESIVA Y FRECUENTE CON CICLO IRREGULAR
N922,5448,MENSTRUACION EXCESIVA EN LA PUBERTAD
N923,5449,HEMORRAGIA POR OVULACION
N924,5450,HEMORRAGIA EXCESIVA EN PERIODO PREMENOPAUSICO
N925,5451,OTRAS MENSTRUACIONES IRREGULARES ESPECIFICADAS
N926,5452,"MENSTRUACION IRREGULAR, NO ESPECIFICADA"
N930,5453,HEMORRAGIA POSTCOITO Y POSTCONTACTO
N938,5454,OTRAS HEMORRAGIAS UTERINAS O VAGINALES ANORMALES ESPECIFICADAS
N939,5455,"HEMORRAGIA VAGINAL Y UTERINA ANORMAL, NO ESPECIFICADA"
N940,5456,DOLOR INTERMENSTRUAL
N941,5457,DISPAREUNIA
N942,5458,VAGINISMO
N943,5459,SINDROME DE TENSION PREMENSTRUAL
N944,5460,DISMENORREA PRIMARIA
N945,5461,DISMENORREA SECUNDARIA
N946,5462,"DISMENORREA, NO ESPECIFICADA"
N948,5463,OTRAS AFECCIONES ESPECIFICADAS ASOCIADAS CON LOS ORGANOS GENITALES FEMENINOS Y EL CICLO MENSTRUAL
N949,5464,AFECCIONES NO ESPECIFICADAS ASOCIADAS CON LOS ORGANOS GENITALES FEMENINOS Y EL CICLO MENSTRUAL
N950,5465,HEMORRAGIA POSTMENOPAUSICA
N951,5466,ESTADOS MENOPAUSICOS Y CLIMATERICOS FEMENINOS
N952,5467,VAGINITIS ATROFICA POSTMENOPAUSICA
N953,5468,ESTADOS ASOCIADOS CON MENOPAUSIA ARTIFICIAL
N958,5469,OTROS TRASTORNOS MENOPAUSICOS Y PERIMENOPAUSICOS ESPECIFICADOS
N959,5470,"TRASTORNO MENOPAUSICO Y PERIMENOPAUSICO, NO ESPECIFICADO"
N96,5471,ABORTADORA HABITUAL
N970,5472,INFERTILIDAD FEMENINA ASOCIADA CON FALTA DE OVULACION
N971,5473,INFERTILIDAD FEMENINA DE ORIGEN TUBARICO
N972,5474,INFERTILIDAD FEMENINA DE ORIGEN UTERINO
N973,5475,INFERTILIDAD FEMENINA DE ORIGEN CERVICAL
N974,5476,INFERTILIDAD FEMENINA ASOCIADA CON FACTORES MASCULINOS
N978,5477,INFERTILIDAD FEMENINA DE OTRO ORIGEN
N979,5478,"INFERTILIDAD FEMENINA, NO ESPECIFICADA"
N980,5479,INFECCION ASOCIADA CON INSEMINACION ARTIFICIAL
N981,5480,HIPERESTIMULACION DE OVARIOS
N982,5481,COMPLICACIONES EN EL INTENTO DE INTRODUCCION DEL HUEVO FECUNDADO EN LA FERTILIZACION EN VITRO
N983,5482,COMPLICACIONES EN EL INTENTO INTRODUCCION DEL EMBRION EN LA TRANSFERENCIA DE EMBRIONES
N988,5483,OTRAS COMPLICACIONES ASOCIADAS CON LA FECUNDACION ARTIFICIAL
N989,5484,COMPLICACION NO ESPECIFICADA ASOCIADA CON LA FECUNDACION ARTIFICIAL
N990,5485,INSUFICIENCIA RENAL CONSECUTIVA A PROCEDIMIENTOS
N991,5486,ESTRECHEZ URETRAL CONSECUTIVA A PROCEDIMIENTOS
N992,5487,ADHERENCIAS POSTOPERATORIAS DE LA VAGINA
N993,5488,PROLAPSO DE LA CUPULA VAGINAL DESPUES DE HISTERECTOMIA
N994,5489,ADHERENCIAS PERITONEALES PELVICAS CONSECUTIVAS A PROCEDIMIENTOS
N995,5490,MAL FUNCIONAMIENTO DE ESTOMA EXTERNO DE VIAS URINARIAS
N998,5491,OTROS TRASTORNOS DEL SISTEMA GENITOURINARIO CONSECUTIVOS A PROCEDIMIENTOS
N999,5492,TRASTORNO NO ESPECIFICADO DEL SISTEMA GENITOURINARIO CONSECUTIVO A PROCEDIMIENTOS
O000,5493,EMBARAZO ABDOMINAL
O001,5494,EMBARAZO TUBARICO
O002,5495,EMBARAZO OVARICO
O008,5496,OTROS EMBARAZOS ECTOPICOS
O009,5497,"EMBARAZO ECTOPICO, NO ESPECIFICADO"
O010,5498,MOLA HIDATIFORME CLASICA
O011,5499,"MOLA HIDATIFORME, INCOMPLETA O PARCIAL"
O019,5500,"MOLA HIDATIFORME, NO ESPECIFICADA"
O020,5501,DETENCION DEL DESARROLLO DEL HUEVO Y MOLA NO HIDATIFORME
O021,5502,ABORTO RETENIDO
O028,5503,OTROS PRODUCTOS ANORMALES ESPECIFICADOS DE LA CONCEPCION
O029,5504,"PRODUCTO ANORMAL DE LA CONCEPCION, NO ESPECIFICADO"
O030,5505,"ABORTO ESPONTANEO: INCOMPLETO, COMPLICADO CON INFECCIÓN GENITAL Y PELVIANA"
O031,5506,"ABORTO ESPONTANEO: INCOMPLETO, COMPLICADO POR HEMORRAGIA EXCESIVA O TARDIA"
O032,5507,"ABORTO ESPONTANEO: INCOMPLETO, COMPLICADO POR EMBOLIA"
O033,5508,"ABORTO ESPONTANEO: INCOMPLETO, CON OTRAS COMPLICACIONES ESPECIFICADAS Y LAS NO ESPECIFICADAS"
O034,5509,"ABORTO ESPONTANEO: INCOMPLETO, SIN COMPLICACION"
O035,5510,"ABORTO ESPONTANEO: COMPLETO O NO ESPECIFICADO, COMPLICADO CON INFECCION GENITAL Y PELVIANA"
O036,5511,"ABORTO ESPONTANEO: COMPLETO O NO ESPECIFICADO, COMPLICADO POR HEMORRAGIA EXCESIVA O TARDIA"
O037,5512,"ABORTO ESPONTANEO: COMPLETO O NO ESPECIFICADO, COMPLICADO POR EMBOLIA"
O038,5513,"ABORTO ESPONTANEO: COMPLETO O NO ESPECIFICADO, CON OTRAS COMPLICACIONES ESPECIFICADAS Y LAS NO ESPECIFICADAS"
O039,5514,"ABORTO ESPONTANEO: COMPLETO O NO ESPECIFICADO, SIN COMPLICACION"
O040,5515,"ABORTO MEDICO: INCOMPLETO, COMPLICADO CON INFECCIÓN GENITAL Y PELVIANA"
O041,5516,"ABORTO MEDICO: INCOMPLETO, COMPLICADO POR HEMORRAGIA EXCESIVA O TARDIA"
O042,5517,"ABORTO MEDICO: INCOMPLETO, COMPLICADO POR EMBOLIA"
O043,5518,"ABORTO MEDICO: INCOMPLETO, CON OTRAS COMPLICACIONES ESPECIFICADAS Y LAS NO ESPECIFICADAS"
O044,5519,"ABORTO MEDICO: INCOMPLETO, SIN COMPLICACION"
O045,5520,"ABORTO MEDICO: COMPLETO O NO ESPECIFICADO, COMPLICADO CON INFECCION GENITAL Y PELVIANA"
O046,5521,"ABORTO MEDICO: COMPLETO O NO ESPECIFICADO, COMPLICADO POR HEMORRAGIA EXCESIVA O TARDIA"
O047,5522,"ABORTO MEDICO: COMPLETO O NO ESPECIFICADO, COMPLICADO POR EMBOLIA"
O048,5523,"ABORTO MEDICO: COMPLETO O NO ESPECIFICADO, CON OTRAS COMPLICACIONES ESPECIFICADAS Y LAS NO ESPECIFICADAS"
O049,5524,"ABORTO MEDICO: COMPLETO O NO ESPECIFICADO, SIN COMPLICACION"
O050,5525,"OTRO ABORTO: INCOMPLETO, COMPLICADO CON INFECCIÓN GENITAL Y PELVIANA"
O051,5526,"OTRO ABORTO: INCOMPLETO, COMPLICADO POR HEMORRAGIA EXCESIVA O TARDIA"
O052,5527,"OTRO ABORTO: INCOMPLETO, COMPLICADO POR EMBOLIA"
O053,5528,"OTRO ABORTO: INCOMPLETO, CON OTRAS COMPLICACIONES ESPECIFICADAS Y LAS NO ESPECIFICADAS"
O054,5529,"OTRO ABORTO: INCOMPLETO, SIN COMPLICACION"
O055,5530,"OTRO ABORTO: COMPLETO O NO ESPECIFICADO, COMPLICADO CON INFECCION GENITAL Y PELVIANA"
O056,5531,"OTRO ABORTO: COMPLETO O NO ESPECIFICADO, COMPLICADO POR HEMORRAGIA EXCESIVA O TARDIA"
O057,5532,"OTRO ABORTO: COMPLETO O NO ESPECIFICADO, COMPLICADO POR EMBOLIA"
O058,5533,"OTRO ABORTO: COMPLETO O NO ESPECIFICADO, CON OTRAS COMPLICACIONES ESPECIFICADAS Y LAS NO ESPECIFICADAS"
O059,5534,"OTRO ABORTO: COMPLETO O NO ESPECIFICADO, SIN COMPLICACION"
O060,5535,"ABORTO NO ESPECIFICADO: INCOMPLETO, COMPLICADO CON INFECCIÓN GENITAL Y PELVIANA"
O061,5536,"ABORTO NO ESPECIFICADO: INCOMPLETO, COMPLICADO POR HEMORRAGIA EXCESIVA O TARDIA"
O062,5537,"ABORTO NO ESPECIFICADO: INCOMPLETO, COMPLICADO POR EMBOLIA"
O063,5538,"ABORTO NO ESPECIFICADO: INCOMPLETO, CON OTRAS COMPLICACIONES ESPECIFICADAS Y LAS NO ESPECIFICADAS"
O064,5539,"ABORTO NO ESPECIFICADO: INCOMPLETO, SIN COMPLICACION"
O065,5540,"ABORTO NO ESPECIFICADO: COMPLETO O NO ESPECIFICADO, COMPLICADO CON INFECCION GENITAL Y PELVIANA"
O066,5541,"ABORTO NO ESPECIFICADO: COMPLETO O NO ESPECIFICADO, COMPLICADO POR HEMORRAGIA EXCESIVA O TARDIA"
O067,5542,"ABORTO NO ESPECIFICADO: COMPLETO O NO ESPECIFICADO, COMPLICADO POR EMBOLIA"
O068,5543,"ABORTO NO ESPECIFICADO: COMPLETO O NO ESPECIFICADO, CON OTRAS COMPLICACIONES ESPECIFICADAS Y LAS NO ESPECIFICADAS"
O069,5544,"ABORTO NO ESPECIFICADO: COMPLETO O NO ESPECIFICADO, SIN COMPLICACION"
O070,5545,"FALLA DE LA INDUCCION MEDICA DEL ABORTO, COMPLICADO CON INFECCIÓN GENITAL Y PELVIANA"
O071,5546,"FALLA DE LA INDUCCION MEDICA DEL ABORTO, COMPLICADO POR HEMORRAGIA EXCESIVA O TARDIA"
O072,5547,"FALLA DE LA INDUCCION MEDICA DEL ABORTO, COMPLICADO POR EMBOLIA"
O073,5548,"FALLA DE LA INDUCCION MEDICA DEL ABORTO, CON OTRAS COMPLICACIONES ESPECIFICADAS Y LAS NO ESPECIFICADAS"
O074,5549,"FALLA DE LA INDUCCION MEDICA DEL ABORTO, SIN COMPLICACION"
O075,5550,"OTROS INTENTOS FALLIDOS DE ABORTO Y LOS NO ESPECIFICADOS, COMPLICADOS POR INFECCION GENITAL Y PELVIANA"
O076,5551,"OTROS INTENTOS FALLIDOS DE ABORTO Y LOS NO ESPECIFICADOS, COMPLICADOS POR HEMORRAGIA EXCESIVA O TARDIA"
O077,5552,"OTROS INTENTOS FALLIDOS DE ABORTO Y LOS NO ESPECIFICADOS, COMPLICADOS POR EMBOLIA"
O078,5553,"OTROS INTENTOS FALLIDOS DE ABORTO Y LOS NO ESPECIFICADOS, CON OTRAS COMPLICACIONES ESPECIFICADAS Y LAS NO ESPECIFICADAS"
O079,5554,"OTROS INTENTOS FALLIDOS DE ABORTO Y LOS NO ESPECIFICADOS, SIN COMPLICACION"
O080,5555,"INFECCION GENITAL Y PELVIANA CONSECUTIVA AL ABORTO, AL EMBARAZO ECTOPICO Y AL EMBARAZO MOLAR"
O081,5556,"HEMORRAGIA EXCESIVA O TARDIA CONSECUTIVA AL ABORTO, AL EMBARAZO ECTOPICO Y AL EMBARAZO MOLAR"
O082,5557,"EMBOLIA CONSECUTIVA AL ABORTO, AL EMBARAZO ECTOPICO Y AL EMBARAZO MOLAR"
O083,5558,"CHOQUE CONSECUTIVO AL ABORTO, AL EMBARAZO ECTOPICO Y AL EMBARAZO MOLAR"
O084,5559,"INSUFICIENCIA RENAL CONSECUTIVA AL ABORTO, AL EMBARAZO ECTOPICO Y AL EMBARAZO MOLAR"
O085,5560,"TRASTORNO METABOLICO CONSECUTIVO AL ABORTO, AL EMBARAZO ECTOPICO Y AL EMBARAZO MOLAR"
O086,5561,"LESION DE ORGANOS O TEJIDOS DE LA PELVIS CONSECUTIVO AL ABORTO, AL EMBARAZO ECTOPICO Y AL EMBARAZO MOLAR"
O087,5562,"OTRAS COMPLICACIONES VENOSAS CONSECUTIVA AL ABORTO, AL EMBARAZO ECTOPICO Y AL EMBARAZO MOLAR"
O088,5563,"OTRAS COMPLICACIONES CONSECUTIVAS AL ABORTO, AL EMBARAZO ECTOPICO Y AL EMBARAZO MOLAR"
O089,5564,"COMPLICACION NO ESPECIFICADA CONSECUTIVA AL ABORTO, AL EMBARAZO ECTOPICO Y AL EMBARAZO MOLAR"
O100,5565,"HIPERTENSION ESENCIAL PREEXISTENTE QUE COMPLICA EL EMBARAZO, EL PARTO Y EL PUERPERIO"
O101,5566,"ENFERMEDAD CARDIACA HIPERTENSIVA PREEXISTENTE QUE COMPLICA EL EMBARAZO, EL PARTO Y EL PUERPERIO"
O102,5567,"ENFERMEDAD RENAL HIPERTENSIVA PREEXISTENTE QUE COMPLICA EL EMBARAZO, EL PARTO Y EL PUERPERIO"
O103,5568,"ENFERMEDAD CARDIO-RENAL HIPERTENSIVA PREEXISTENTE QUE COMPLICA EL EMBARAZO, EL PARTO Y EL PUERPERIO"
O104,5569,"HIPERTENSION SECUNDARIA PREEXISTENTE QUE COMPLICA EL EMBARAZO, EL PARTO Y EL PUERPERIO"
O109,5570,"HIPERTENSION PREEXISTENTE NO ESPECIFICADA, QUE COMPLICA EL EMBARAZO, EL PARTO Y EL PUERPERIO"
O11,5571,"TRASTORNOS HIPERTENSIVOS PREEXISTENTES, CON PROTEINURIA AGREGADA"
O120,5572,EDEMA GESTACIONAL
O121,5573,PROTEINURIA GESTACIONAL
O122,5574,EDEMA GESTACIONAL CON PROTEINURIA
O13,5575,HIPERTENSION GESTACIONAL (INDUCIDA POR EL EMBARAZO) SIN PROTEINURIA SIGNIFICATIVA
O140,5576,PREECLAMPSIA MODERADA
O141,5577,PREECLAMPSIA SEVERA
O149,5578,"PREECLAMPSIA, NO ESPECIFICADA"
O150,5579,PREECLAMPSIA EN EL EMBARAZO
O151,5580,PREECLAMPSIA DURANTE EL TRABAJO DE PARTO
O152,5581,PREECLAMPSIA EN EL PUERPERIO
O159,5582,"PREECLAMPSIA, EN PERIODO NO ESPECIFICADO"
O16,5583,"HIPERTENSION MATERNA, NO ESPECIFICADA"
O200,5584,AMENAZA DE ABORTO
O208,5585,OTRAS HEMORRAGIAS PRECOCES DEL EMBARAZO
O209,5586,"HEMORRAGIA PRECOZ DEL EMBARAZO, SIN OTRA ESPECIFICACION"
O210,5587,HIPEREMESIS GRAVIDICA LEVE
O211,5588,HIPEREMESIS GRAVIDICA CON TRASTORNOS METABOLICOS
O212,5589,HIPEREMESIS GRAVIDICA TARDIA
O218,5590,OTROS VOMITOS QUE COMPLICAN EL EMBARAZO
O219,5591,"VOMITOS DEL EMBARAZO, NO ESPECIFICADO"
O220,5592,VENAS VARICOSAS DE LOS MIEMBROS INFERIORES EN EL EMBARAZO
O221,5593,VARICES GENITALES EN EL EMBARAZO
O222,5594,TROMBOFLEBITIS EN EL EMBARAZO
O223,5595,FLEBOTROMBOSIS PROFUNDA EN EL EMBARAZO
O224,5596,HEMORROIDES EN EL EMBARAZO
O225,5597,TROMBOSIS VENOSA CEREBRAL EN EL EMBARAZO
O228,5598,OTRAS COMPLICACIONES VENOSAS EN EL EMBARAZO
O229,5599,COMPLICACION VENOSA NO ESPECIFICADA EN EL EMBARAZO
O230,5600,INFECCION DEL RIÑON EN EL EMBARAZO
O231,5601,INFECCION DE LA VEJIGA URINARIA EN EL EMBARAZO
O232,5602,INFECCION DE LA URETRA EN EL EMBARAZO
O233,5603,INFECCION DE OTRAS PARTES DE LAS VIAS URINARIAS EN EL EMBARAZO
O234,5604,INFECCION NO ESPECIFICADA DE LAS VIAS URINARIAS EN EL EMBARAZO
O235,5605,INFECCION GENITAL EN EL EMBARAZO
O239,5606,OTRAS INFECCION Y LAS NO ESPECIFICADAS DE LAS VIAS GENITOURINARIAS EN EL EMBARAZO
O240,5607,"DIABETES MELLITUS PREEXISTENTE INSULINODEPENDIENTE, EN EL EMBARAZO"
O241,5608,"DIABETES MELLITUS PREEXISTENTE NO INSULINODEPENDIENTE, EN EL EMBARAZO"
O242,5609,"DIABETES MELLITUS PREEXISTENTE RELACIONADA CON DESNUTRICION, EN EL EMBARAZO"
O243,5610,"DIABETES MELLITUS PREEXISTENTE, SIN OTRA ESPECIFICACION, EN EL EMBARAZO"
O244,5611,DIABETES MELLITUS QUE SE ORIGINA EN EL EMBARAZO
O249,5612,"DIABETES MELLITUS NO ESPECIFICADA, EN EL EMBARAZO"
O25,5613,DESNUTRICION EN EL EMBARAZO
O260,5614,AUMENTO EXCESIVO DE PESO EN EL EMBARAZO
O261,5615,AUMENTO PEQUEÑO DE PESO EN EL EMBARAZO
O262,5616,ATENCION DEL EMBARAZO EN UNA ABORTADORA HABITUAL
O263,5617,RETENCION DE DISPOSITIVO ANTICONCEPTIVO INTRAUTERINO EN EL EMBARAZO
O264,5618,HERPES GESTACIONAL
O265,5619,SINDROME DE HIPOTENSION MATERNA
O266,5620,"TRASTORNO DEL HIGADO EN EL EMBARAZO, EL PARTO Y EL PUERPERIO"
O267,5621,"SUBLUXACION DE LA SINFISIS (DEL PUBIS) EN EL EMBARAZO, EL PARTO Y EL PUERPERIO"
O268,5622,OTRAS COMPLICACIONES ESPECIFICADAS RELACIONADAS CON EL EMBARAZO
O269,5623,"COMPLICACION RELACIONADA CON EL EMBARAZO, NO ESPECIFICADA"
O280,5624,HALLAZGO HEMATOLOGICO ANORMAL EN EL EXAMEN PRENATAL DE LA MADRE
O281,5625,HALLAZGO BIOQUIMICO ANORMAL EN EL EXAMEN PRENATAL DE LA MADRE
O282,5626,HALLAZGO CITOLOGICO ANORMAL EN EL EXAMEN PRENATAL DE LA MADRE
O283,5627,HALLAZGO ULTRASONICO ANORMAL EN EL EXAMEN PRENATAL DE LA MADRE
O284,5628,HALLAZGO RADIOLOGICO ANORMAL EN EL EXAMEN PRENATAL DE LA MADRE
O285,5629,HALLAZGO CROMOSOMICO O GENETICO ANORMAL EN EL EXAMEN PRENATAL DE LA MADRE
O288,5630,OTROS HALLAZGOS ANORMALES EN EL EXAMEN PRENATAL DE LA MADRE
O289,5631,HALLAZGO ANORMAL NO ESPECIFICADO EN EL EXAMEN PRENATAL DE LA MADRE
O290,5632,COMPLICACIONES PULMONARES DE LA ANESTESIA ADMINISTRADA DURANTE EL EMBARAZO
O291,5633,COMPLICACIONES CARDIACAS DE LA ANESTESIA ADMINISTRADA DURANTE EL EMBARAZO
O292,5634,COMPLICACIONES DEL SISTEMA NERVIOSO CENTRAL DEBIDAS A LA ANESTESIA ADMINISTRADA DURANTE EL EMBARAZO
O293,5635,REACCION TOXICA A LA ANESTESIA LOCAL ADMINISTRADA DURANTE EL EMBARAZO
O294,5636,CEFALALGIA INDUCIDA POR LA ANESTESIA ESPINAL O EPIDURAL ADMINISTRADAS DURANTE EL EMBARAZO
O295,5637,OTRAS COMPLICACIONES DE LA ANESTESIA ESPINAL O EPIDURAL ADMINISTRADAS DURANTE EL EMBARAZO
O296,5638,FALLA O DIFICULTAD EN LA INTUBACION DURANTE EL EMBARAZO
O298,5639,OTRAS COMPLICACIONES DE LA ANESTESIA ADMINISTRADA DURANTE EL EMBARAZO
O299,5640,COMPLICACION NO ESPECIFICADA DE LA ANESTESIA ADMINISTRADA DURANTE EL EMBARAZO
O300,5641,EMBARAZO DOBLE
O301,5642,EMBARAZO TRIPLE
O302,5643,EMBARAZO CUADRUPLE
O308,5644,OTROS EMBARAZOS MULTIPLES
O309,5645,"EMBARAZO MULTIPLE, NO ESPECIFICADO"
O310,5646,FETO PAPIRACEO
O311,5647,EMBARAZO QUE CONTINUA DESPUES DEL ABORTO DE UN FETO O MAS
O312,5648,EMBARAZO QUE CONTINUA DESPUES DE LA MUERTE INTRAUTERINA DE UN FETO O MAS
O318,5649,OTRAS COMPLICACIONES ESPECIFICADAS DEL EMBARAZO
O320,5650,ATENCION MATERNA POR POSICION FETAL INESTABLE
O321,5651,ATENCION MATERNA POR PRESENTACION DE NALGAS
O322,5652,ATENCION MATERNA POR POSICION FETAL OBLICUA O TRANSVERSA
O323,5653,"ATENCION MATERNA POR PRESENTACION DE CARA, DE FRENTE O DE MENTON"
O324,5654,ATENCION MATERNA POR CABEZA ALTA EN GESTACION A TERMINO
O325,5655,ATENCION MATERNA POR EMBARAZO MULTIPLE CON PRESENTACION ANORMAL DE UN FETO O MAS
O326,5656,ATENCION MATERNA POR PRESENTACION COMPUESTA
O328,5657,ATENCION MATERNA POR OTRAS PRESENTACIONES ANORMALES DEL FETO
O329,5658,ATENCION MATERNA POR PRESENTACION ANORMAL NO ESPECIFICADA DEL FETO
O330,5659,ATENCION MATERNA POR DESPROPORCION DEBIDA A DEFORMIDAD DE LA PELVIS OSEA EN LA MADRE
O331,5660,ATENCION MATERNA POR DESPROPORCION DEBIDA A ESTRECHEZ GENERAL DE LA PELVIS
O332,5661,ATENCION MATERNA POR DESPROPORCION DEBIDA A DISMINUCION DEL ESTRECHO SUPERIOR DE LA PELVIS
O333,5662,ATENCION MATERNA POR DESPROPORCION DEBIDA A DISMINUCION DEL ESTRECHO INFERIOR DE LA PELVIS
O334,5663,"ATENCION MATERNA POR DESPROPORCION FETOPELVIANA DE ORIGEN MIXTO, MATERNO Y FETAL"
O335,5664,ATENCION MATERNA POR DESPROPORCION DEBIDA A FETO DEMASIADO GRANDE
O336,5665,ATENCION MATERNA POR DESPROPORCION DEBIDA A FETO HIDROCEFALICO
O337,5666,ATENCION MATERNA POR DESPROPORCION DEBIDA A OTRA DEFORMIDAD FETAL
O338,5667,ATENCION MATERNA POR DESPROPORCION DE OTRO ORIGEN
O339,5668,ATENCION MATERNA POR DESPROPORCION DE ORIGEN NO ESPECIFICADO
O340,5669,ATENCION MATERNA POR ANOMALIA CONGENITA DEL UTERO
O341,5670,ATENCION MATERNA POR TUMOR DEL CUERPO DEL UTERO
O342,5671,ATENCION MATERNA POR CICATRIZ UTERINA DEBIDA A CIRUGIA PREVIA
O343,5672,ATENCION MATERNA POR INCOMPETENCIA DEL CUELLO UTERINO
O344,5673,ATENCION MATERNA POR OTRA ANORMALIDAD DEL CUELLO UTERINO
O345,5674,ATENCION MATERNA POR OTRAS ANORMALIDADES DEL UTERO GRAVIDO
O346,5675,ATENCION MATERNA POR ANORMALIDAD DE LA VAGINA
O347,5676,ATENCION MATERNA POR ANORMALIDAD DE LA VULVA Y DEL PERINEO
O348,5677,ATENCION MATERNA POR ANORMALIDADES DE LOS ORGANOS PELVIANOS
O349,5678,ATENCION MATERNA POR ANORMALIDAD NO ESPECIFICADA DE ORGANO PELVIANO
O350,5679,ATENCION MATERNA POR (PRESUNTA) MALFORMACION DEL SISTEMA NERVIOSO CENTRAL EN EL FETO
O351,5680,ATENCION MATERNA POR (PRESUNTA) ANORMALIDAD CROMOSOMICA EN EL FETO
O352,5681,ATENCION MATERNA POR (PRESUNTA) ENFERMEDAD HEREDITARIA EN EL FETO
O353,5682,ATENCION MATERNA POR (PRESUNTA) LESION FETAL DEBIDA A ENFERMEDAD VIRICA EN LA MADRE
O354,5683,ATENCION MATERNA POR (PRESUNTA) LESION AL FETO DEBIDA AL ALCOHOL
O355,5684,ATENCION MATERNA POR (PRESUNTA) LESION FETAL DEBIDA A DROGAS
O356,5685,ATENCION MATERNA POR (PRESUNTA) LESION AL FETO DEBIDA A RADIACION
O357,5686,ATENCION MATERNA POR (PRESUNTA) LESION FETAL DEBIDA A OTROS PROCEDIMIENTOS MEDICOS
O358,5687,ATENCION MATERNA POR OTRAS (PRESUNTA) ANORMALIDADES Y LESIONES FETALES
O359,5688,ATENCION MATERNA POR (PRESUNTA) ANORMALIDAD Y LESION FETAL NO ESPECIFICADA
O360,5689,ATENCION MATERNA POR ISOINMUNIZACION RHESUS
O361,5690,ATENCION MATERNA POR OTRA ISOINMUNIZACION
O362,5691,ATENCION MATERNA POR HIDROPESIA FETAL
O363,5692,ATENCION MATERNA POR SIGNOS DE HIPOXIA FETAL
O364,5693,ATENCION MATERNA POR MUERTE INTRAUTERINA
O365,5694,ATENCION MATERNA POR DEFICIT DEL CRECIMIENTO FETAL
O366,5695,ATENCION MATERNA POR CRECIMIENTO FETAL EXCESIVO
O367,5696,ATENCION MATERNA POR FETO VIABLE EN EMBARAZO ABDOMINAL
O368,5697,ATENCION MATERNA POR OTROS PROBLEMAS FETALES ESPECIFICADOS
O369,5698,ATENCION MATERNA POR OTROS PROBLEMAS FETALES NO ESPECIFICADOS
O40,5699,POLIHIDRAMNIOS
O410,5700,OLIGOHIDRAMNIOS
O411,5701,INFECCION DE LA BOLSA AMNIOTICA O DE LAS MEMBRANAS
O418,5702,OTROS TRASTORNOS ESPECIFICADOS DEL LIQUIDO AMNIOTICO Y DE LAS MEMBRANAS
O419,5703,"TRASTORNO DEL LIQUIDO AMNIOTICO Y DE LAS MEMBRANAS, NO ESPECIFICADO"
O420,5704,"RUPTURA PREMATURA DE LAS MEMBRANAS, E INICIO DEL TRABAJO DE PARTO DENTRO DE LAS 24 HORAS"
O421,5705,"RUPTURA PREMATURA DE LAS MEMBRANAS, E INICIO DEL TRABAJO DE PARTO DESPUÉS DE LAS 24 HORAS"
O422,5706,"RUPTURA PREMATURA DE LAS MEMBRANAS, TRABAJO DE PARTO RETRASADO POR LA TERAPEUTICA"
O429,5707,"RUPTURA PREMATURA DE LAS MEMBRANAS, SIN OTRA ESPECIFICACION"
O430,5708,SINDROME DE TRANSFUSION PLACENTERA
O431,5709,MALFORMACION DE LA PLACENTA
O438,5710,OTROS TRASTORNOS PLACENTARIOS
O439,5711,"TRASTORNO DE LA PLACENTA, NO ESPECIFICADO"
O440,5712,PLACENTA PREVIA CON ESPECIFICACION DE QUE NO HUBO HEMORRAGIA
O441,5713,PLACENTA PREVIA CON HEMORRAGIA
O450,5714,DESPRENDIMIENTO PREMATURO DE LA PLACENTA CON DEFECTO DE LA COAGULACION
O458,5715,OTROS DESPRENDIMIENTOS PREMATUROS DE LA PLACENTA
O459,5716,"DESPRENDIMIENTO PREMATURO DE LA PLACENTA, SIN OTRA ESPECIFICACION"
O460,5717,HEMORRAGIA ANTEPARTO CON DEFECTO DE LA COAGULACIÓN
O468,5718,OTRAS HEMORRAGIAS ANTEPARTO
O469,5719,"HEMORRAGIA ANTEPARTO, NO ESPECIFICADA"
O470,5720,FALSO TRABAJO DE PARTO ANTES DE LA 37 SEMANAS COMPLETAS DE GESTACION
O471,5721,FALSO TRABAJO DE PARTO ANTES DE LA 37 Y MAS SEMANAS COMPLETAS DE GESTACION
O479,5722,FALSO TRABAJO DE PARTO SIN OTRA ESPECIFICACION
O48,5723,EMBARAZO PROLONGADO
O60,5724,PARTO PREMATURO
O610,5725,FRACASO DE LA INDUCCION MEDICA DEL TRABAJO DE PARTO
O611,5726,FRACASO DE LA INDUCCION INSTRUMENTAL DEL TRABAJO DE PARTO
O618,5727,OTROS FRACASOS DE LA INDUCCION DEL TRABAJO DE PARTO
O619,5728,FRACASO NO ESPECIFICADO DE LA INDUCCION DEL TRABAJO DE PARTO
O620,5729,CONTRACCIONES PRIMARIAS INADECUADAS
O621,5730,INERCIA UTERINA SECUNDARIA
O622,5731,OTRAS INERCIAS UTERINAS
O623,5732,TRABAJO DE PARTO PRECIPITADO
O624,5733,"CONTRACCIONES UTERINAS HIPERTONICAS, INCOORDINADAS Y PROLONGADAS"
O628,5734,OTRAS ANOMALIAS DINAMICAS DEL TRABAJO DE PARTO
O629,5735,"ANOMALIA DINAMICA DEL TRABAJO DE PARTO, NO ESPECIFICADA"
O630,5736,PROLONGACION DEL PRIMER PERIODO (DEL TRABAJO DE PARTO)
O631,5737,PROLONGACION DEL SEGUNDO PERIODO (DEL TRABAJO DE PARTO)
O632,5738,"RETRASO DE LA EXPULSION DEL SEGUNDO GEMELO, DEL TERCERO, ETC"
O639,5739,"TRABAJO DE PARTO PROLONGADO, NO ESPECIFICADO"
O640,5740,TRABAJO DE PARTO OBSTRUIDO DEBIDO A ROTACION INCOMPLETA DE LA CABEZA FETAL
O641,5741,TRABAJO DE PARTO OBSTRUIDO DEBIDO A PRESENTACION DE NALGAS
O642,5742,TRABAJO DE PARTO OBSTRUIDO DEBIDO A PRESENTACION DE CARA
O643,5743,TRABAJO DE PARTO OBSTRUIDO DEBIDO A PRESENTACION DE FRENTE
O644,5744,TRABAJO DE PARTO OBSTRUIDO DEBIDO A PRESENTACION DE HOMBRO
O645,5745,TRABAJO DE PARTO OBSTRUIDO DEBIDO A PRESENTACION COMPUESTA
O648,5746,TRABAJO DE PARTO OBSTRUIDO DEBIDO A OTRAS PRESENTACIONES ANORMALES DEL FETO
O649,5747,TRABAJO DE PARTO OBSTRUIDO DEBIDO A PRESENTACION ANORMAL DEL FETO NO ESPECIFICADA
O650,5748,TRABAJO DE PARTO OBSTRUIDO DEBIDO A DEFORMIDAD DE LA PELVIS
O651,5749,TRABAJO DE PARTO OBSTRUIDO DEBIDO A ESTRECHEZ GENERAL DE LA PELVIS
O652,5750,TRABAJO DE PARTO OBSTRUIDO DEBIDO A DISMINUCION DEL ESTRECHO SUPERIOR DE LA PELVIS
O653,5751,TRABAJO DE PARTO OBSTRUIDO DEBIDO A DISMINUCION DEL ESTRECHO INFERIOR DE LA PELVIS
O654,5752,"TRABAJO DE PARTO OBSTRUIDO DEBIDO A DESPROPORCION FETOPELVIANA, SIN OTRA ESPECIFICACION"
O655,5753,TRABAJO DE PARTO OBSTRUIDO DEBIDO A ANOMALIAS DE LOS ORGANOS PELVIANOS MATERNOS
O658,5754,TRABAJO DE PARTO OBSTRUIDO DEBIDO A OTRAS ANOMALIAS PELVIANAS MATERNAS
O659,5755,TRABAJO DE PARTO OBSTRUIDO DEBIDO A ANOMALIA PELVIANA NO ESPECIFICADA
O660,5756,TRABAJO DE PARTO OBSTRUIDO DEBIDO A DISTOCIA DE HOMBROS
O661,5757,TRABAJO DE PARTO OBSTRUIDO DEBIDO A DISTOCIA GEMELAR
O662,5758,TRABAJO DE PARTO OBSTRUIDO DEBIDO A DISTOCIA POR FETO INUSUALMENTE GRANDE
O663,5759,TRABAJO DE PARTO OBSTRUIDO DEBIDO A OTRAS ANORMALIDADES DEL FETO
O664,5760,"FRACASO DE LA PRUEBA DEL TRABAJO DE PARTO, NO ESPECIFICADA"
O665,5761,FRACASO NO ESPECIFICADO DE LA APLICACION DE FORCEPS O DE VENTOSA EXTRACTORA
O668,5762,OTRAS OBSTRUCCIONES ESPECIFICADAS DEL TRABAJO DE PARTO
O669,5763,"TRABAJO DE PARTO OBSTRUIDO, SIN OTRA ESPECIFICACION"
O670,5764,HEMORRAGIA INTRAPARTO CON DEFECTOS DE LA COAGULACION
O678,5765,OTRAS HEMORRAGIAS INTRAPARTO
O679,5766,"HEMORRAGIA INTRAPARTO, NO ESPECIFICADA"
O680,5767,TRABAJO DE PARTO Y PARTO COMPLICADOS POR ANOMALIAS DE LA FRECUENCIA CARDIACA FETAL
O681,5768,TRABAJO DE PARTO Y PARTO COMPLICADOS POR LA PRESENCIA DE MECONIO EN EL LIQUIDO AMNIOTICO
O682,5769,TRABAJO DE PARTO Y PARTO COMPLICADOS POR ANOMALIA DE LA FRECUENCIA CARDIACA FETAL ASOCIADA CON PRESENCIA DE MECONIO EN LIQUIDO AMNIOTICO
O683,5770,TRABAJO DE PARTO Y PARTO COMPLICADOS POR EVIDENCIA BIOQUIMICA DE SUFRIMIENTO FETAL
O688,5771,TRABAJO DE PARTO Y PARTO COMPLICADOS POR OTRAS EVIDENCIAS DE SUFRIMIENTO FETAL
O689,5772,"TRABAJO DE PARTO Y PARTO COMPLICADOS POR SUFRIMIENTO FETAL, SIN OTRA ESPECIFICACION"
O690,5773,TRABAJO DE PARTO Y PARTO COMPLICADOS POR PROLAPSO DEL CORDON UMBILICAL
O691,5774,"TRABAJO DE PARTO Y PARTO COMPLICADOS POR CIRCULAR PERICERVICAL DEL CORDON, CON COMPRESION"
O692,5775,TRABAJO DE PARTO Y PARTO COMPLICADOS POR OTROS ENREDOS DEL CORDON
O693,5776,TRABAJO DE PARTO Y PARTO COMPLICADOS POR CORDON UMBILICAL CORTO
O694,5777,TRABAJO DE PARTO Y PARTO COMPLICADOS POR VASA PREVIA
O695,5778,TRABAJO DE PARTO Y PARTO COMPLICADOS POR LESION VASCULAR DEL CORDON
O698,5779,TRABAJO DE PARTO Y PARTO COMPLICADOS POR OTROS PROBLEMAS DEL CORDON UMBILICAL
O699,5780,TRABAJO DE PARTO Y PARTO COMPLICADOS POR PROBLEMAS NO ESPECIFICADOS DEL CORDON UMBILICAL
O700,5781,DESGARRO PERINEAL DE PRIMER GRADO DURANTE EL PARTO
O701,5782,DESGARRO PERINEAL DE SEGUNDO GRADO DURANTE EL PARTO
O702,5783,DESGARRO PERINEAL DE TERCER GRADO DURANTE EL PARTO
O703,5784,DESGARRO PERINEAL DE CUARTO GRADO DURANTE EL PARTO
O709,5785,"DESGARRO PERINEAL DURANTE EL PARTO, DE GRADO NO ESPECIFICADO"
O710,5786,RUPTURA DEL UTERO ANTES DEL INICIO DEL TRABAJO DE PARTO
O711,5787,RUPTURA DEL UTERO DURANTE EL TRABAJO DE PARTO
O712,5788,"INVERSION DEL UTERO, POSTPARTO"
O713,5789,DESGARRO OBSTETRICO DEL CUELLO UTERINO
O714,5790,"DESGARRO VAGINAL OBSTETRICO ALTO, SOLO"
O715,5791,OTROS TRAUMATISMOS OBSTETRICOS DE LOS ORGANOS PELVIANOS
O716,5792,TRAUMATISMO OBSTETRICO DE LOS LIGAMENTOS ARTICULACIONES DE LA PELVIS
O717,5793,HEMATOMA OBSTETRICO DE LA PELVIS
O718,5794,OTROS TRAUMAS OBSTETRICOS ESPECIFICADOS
O719,5795,"TRAUMA OBSTETRICO, NO ESPECIFICADO"
O720,5796,HEMORRAGIA DEL TERCER PERIODO DEL PARTO
O721,5797,OTRAS HEMORRAGIAS POSTPARTO INMEDIATAS
O722,5798,HEMORRAGIA POSTPARTO SECUNDARIA O TARDIA
O723,5799,DEFECTO DE LA COAGULACIÓN POSTPARTO
O730,5800,RETENCION DE LA PLACENTA SIN HEMORRAGIA
O731,5801,"RETENCION DE FRAGMENTOS DE LA PLACENTA O DE LAS MEMBRANAS, SIN HEMORRAGIA"
O740,5802,NEUMONITIS POR ASPIRACION DEBIDA A LA ANESTESIA ADMINISTRADA DURANTE EL TRABAJO DE PARTO Y EL PARTO
O741,5803,OTRAS COMPLICACIONES PULMONARES DEBIDAS A LA ANESTESIA ADMINISTRADA DURANTE EL TRABAJO DE PARTO Y EL PARTO
O742,5804,COMPLICACIONES CARDIACAS DE LA ANESTESIA ADMINISTRADA DURANTE EL TRABAJO DE PARTO Y EL PARTO
O743,5805,COMPLICACIONES DEL SISTEMA NERVIOSO CENTRAL POR LA ANESTESIA ADMINISTRADA DURANTE EL TRABAJO DE PARTO Y EL PARTO
O744,5806,REACCION TOXICA A LA ANESTESIA LOCAL ADMINISTRADA DURANTE EL TRABAJO DE PARTO Y EL PARTO
O745,5807,CEFALALGIA INDUCIDA POR LA ANESTESIA ESPINAL O EPIDURAL ADMINISTRADAS DURANTE EL TRABAJO DE PARTO Y EL PARTO
O746,5808,OTRAS COMPLICACIONES DE LA ANESTESIA ESPINAL O EPIDURAL ADMINISTRADAS DURANTE EL TRABAJO DE PARTO Y EL PARTO
O747,5809,FALLA O DIFICULTAD EN LA INTUBACION DURANTE EL TRABAJO DE PARTO Y EL PARTO
O748,5810,OTRAS COMPLICACIONES DE LA ANESTESIA ADMINISTRADA DURANTE EL TRABAJO DE PARTO Y EL PARTO
O749,5811,COMPLICACION NO ESPECIFICADA DE LA ANESTESIA ADMINISTRADA DURANTE EL TRABAJO DE PARTO Y EL PARTO
O750,5812,SUFRIMIENTO MATERNO DURANTE EL TRABAJO DE PARTO Y EL PARTO
O751,5813,CHOQUE DURANTE O DESPUES DEL TRABAJO DE PARTO Y EL PARTO
O752,5814,"PIREXA DURANTE EL TRABAJO DE PARTO, NO CLASIFICADA EN OTRA PARTE"
O753,5815,OTRAS INFECCIONES DURANTE EL TRABAJO DE PARTO
O754,5816,OTRAS COMPLICACIONES DE PROCEDIMIENTOS Y DE CIRUGIA OBSTETRICA
O755,5817,RETRASO DEL PARTO DESPUES DE LA RUPTURA ARTIFICIAL DE LAS MEMBRANAS
O756,5818,RETRASO DEL PARTO DESPUES DE LA RUPTURA ESPONTANEA O NO ESPECIFICADA DE LAS MEMBRANAS
O757,5819,PARTO VAGINAL POSTERIOR A UNA CESAREA PREVIA
O758,5820,OTRAS COMPLICACIONES ESPECIFICADAS DEL TRABAJO DE PARTO Y DEL PARTO
O759,5821,COMPLICACION NO ESPECIFICADA DEL TRABAJO DE PARTO Y DEL PARTO
O800,5822,"PARTO UNICO ESPONTANEO, PRESENTACION CEFALICA DE VERTICE"
O801,5823,"PARTO UNICO ESPONTANEO, PRESENTACION DE NALGAS O PODALICA"
O808,5824,"PARTO UNICO ESPONTANEO, OTRAS PRESENTACIONES"
O809,5825,"PARTO UNICO ESPONTANEO, SIN OTRA ESPECIFICACION"
O810,5826,PARTO CON FORCEPS BAJO
O811,5827,PARTO CON FORCEPS MEDIO
O812,5828,PARTO CON FORCEPS MEDIO CON ROTACION
O813,5829,PARTO CON FORCEPS DE OTROS TIPOS Y LOS NO ESPECIFICADOS
O814,5830,PARTO CON VENTOSA EXTRACTORA
O815,5831,PARTO CON COMBINACION DE FORCEPS Y VENTOSA EXTRACTORA
O820,5832,PARTO POR CESAREA ELECTIVA
O821,5833,PARTO POR CESAREA DE EMERGENCIA
O822,5834,PARTO POR CESAREA CON HISTERECTOMIA
O828,5835,OTROS PARTOS UNICOS POR CESAREA
O829,5836,"PARTO POR CESAREA, SIN OTRA ESPECIFICACION"
O830,5837,EXTRACCION DE NALGAS
O831,5838,"OTROS PARTOS UNICOS ASISTIDOS, DE NALGAS"
O832,5839,OTROS PARTOS UNICOS CON AYUDA DE MANIPULACION OBSTETRICA
O833,5840,PARTO DE FETO VIABLE EN EMBARAZO ABDOMINAL
O834,5841,OPERACION DESTRUCTIVA PARA FACILITAR EL PARTO
O838,5842,OTROS PARTOS UNICOS ASISTIDOS ESPECIFICADOS
O839,5843,"PARTO UNICO ASISTIDO, SIN OTRA ESPECIFICACION"
O840,5844,"PARTO MULTIPLE, TODOS ESPONTANEOS"
O841,5845,"PARTO MULTIPLE, TODOS FORCEPS Y VENTOSA EXTRACTORA"
O842,5846,"PARTO MULTIPLE, TODOS POR CESAREA"
O848,5847,OTROS PARTOS MULTIPLES
O849,5848,"PARTO MULTIPLE, NO ESPECIFICADO"
O85,5849,SEPSIS PUERPERAL
O860,5850,INFECCION DE HERIDA QUIRURGICA OBSTETRICA
O861,5851,OTRAS INFECCIONES GENITALES CONSECUTIVAS AL PARTO
O862,5852,INFECCION DE LAS VIAS URINARIAS CONSECUTIVA AL PARTO
O863,5853,OTRAS INFECCIONES DE LAS VIAS GENITOURINARIAS CONSECUTIVAS AL PARTO
O864,5854,PIREXA DE ORIGEN DESCONOCIDO CONSECUTIVA AL PARTO
O868,5855,OTRAS INFECCIONES PUERPERALES ESPECIFICADAS
O870,5856,TROMBOFLEBITIS SUPERFICIAL EN EL PUERPERIO
O871,5857,FLEBOTROMBOSIS PROFUNDA EN EL PUERPERIO
O872,5858,HEMORROIDES EN EL PUERPERIO
O873,5859,TROBOSIS VENOSA CEREBRAL EN EL PUERPERIO
O878,5860,OTRAS COMPLICACIONES VENOSAS EN EL PUERPERIO
O879,5861,"COMPLICACION VENOSA EN EL PUERPERIO, NO ESPECIFICADA"
O880,5862,"EMBOLIA GASEOSA, OBSTETRICA"
O881,5863,EMBOLIA DE LIQUIDO AMNIOTICO
O882,5864,"EMBOLIA DE COAGULO SANGUINEO, OBSTETRICA"
O883,5865,"EMBOLIA SEPTICA Y PIEMICA, OBSTETRICA"
O888,5866,OTRAS EMBOLIAS OBSTETRICAS
O890,5867,COMPLICACIONES PULMONARES DE LA ANESTESIA ADMINISTRADA DURANTE EL PUERPERIO
O891,5868,COMPLICACIONES CARDIACAS DE LA ANESTESIA ADMINISTRADA DURANTE EL PUERPERIO
O892,5869,COMPLICACIONES DEL SISTEMA NERVIOSO CENTRAL DEBIDAS A LA ANESTESIA ADMINISTRADA DURANTE EL PUERPERIO
O893,5870,REACCION TOXICA A LA ANESTESIA LOCAL ADMINISTRADA DURANTE EL PUERPERIO
O894,5871,CEFALALGIA INDUCIDA POR LA ANESTESIA ESPINAL O EPIDURAL ADMINISTRADAS DURANTE EL PUERPERIO
O895,5872,OTRAS COMPLICACIONES DE LA ANESTESIA ESPINAL O EPIDURAL ADMINISTRADAS DURANTE EL PUERPERIO
O896,5873,FALLA O DIFICULTAD EN LA INTUBACION DURANTE EL PUERPERIO
O898,5874,OTRAS COMPLICACIONES DE LA ANESTESIA ADMINISTRADA DURANTE EL PUERPERIO
O899,5875,COMPLICACION NO ESPECIFICADA DE LA ANESTESIA ADMINISTRADA DURANTE EL TRABAJO PUERPERIO
O900,5876,DEHISCENCIA DE SUTURA DE CESAREA
O901,5877,DEHISCENCIA DE SUTURA OBSTÉTRICA PERINEAL
O902,5878,HEMATOMA DE HERIDA QUIRÚRGICA OBSTETRICA
O903,5879,CARDIOMIOPATIA EN EL PUERPERIO
O904,5880,INSUFICIENCIA RENAL AGUDA POSTPARTO
O905,5881,TIROIDITIS POSTPARTO
O908,5882,"OTRAS COMPLICACIONES PUERPERALES, NO CLASIFICADAS EN OTRA PARTE"
O909,5883,"COMPLICACION PUERPERAL , NO ESPECIFICADA"
O910,5884,INFECCIONES DEL PEZON ASOCIADAS CON EL PARTO
O911,5885,ABSCESO DE LA MAMA ASOCIADO CON EL PARTO
O912,5886,MASTITIS NO PURULENTA ASOCIADA CON EL PARTO
O920,5887,RETRACCION DEL PEZON ASOCIADA CON EL PARTO
O921,5888,FISURAS DEL PEZON ASOCIADAS CON EL PARTO
O922,5889,OTROS TRASTORNOS DE LA MAMA Y LOS NO ESPECIFICADOS ASOCIADOS CON EL PARTO
O923,5890,AGALACTIA
O924,5891,HIPOGALACTIA
O925,5892,SUPRESION DE LA LACTANCIA
O926,5893,GALACTORREA
O927,5894,OTROS TRASTORNOS Y LOS NO ESPECIFICADOS DE LA LACTANCIA
O93,5895,MUERTE MATERNA DE CAUSA BASICA ESPECIFICADA EN OTRO CAPITULO RELACIONADA CON EL EMBARAZO
O95,5896,MUERTE OBSTETRICA DE CAUSA NO ESPECIFICADA
O96,5897,MUERTE MATERNA DEBIDA A CUALQUIER CAUSA OBSTETRICA QUE OCURRE DESPUES DE 42 DIAS PERO ANTES DE UN AÑO DEL PARTO
O97,5898,MUERTE POR SECUELAS DE CAUSAS OBSTETRICAS DIRECTAS
O980,5899,"TUBERCULOSIS QUE COMPLICA EL EMBARAZO, EL PARTO Y EL PUERPERIO"
O981,5900,"SIFILIS QUE COMPLICA EL EMBARAZO, EL PARTO Y EL PUERPERIO"
O982,5901,"GONORREA A QUE COMPLICA EL EMBARAZO, EL PARTO Y EL PUERPERIO"
O983,5902,"OTRAS INFECCIONES CON UN MODO DE TRANSMISION PREDOMINANTE SEXUAL QUE COMPLICAN EL EMBARAZO, EL PARTO Y EL PUERPERIO"
O984,5903,"HEPATITIS VIRAL QUE COMPLICA EL EMBARAZO, EL PARTO Y EL PUERPERIO"
O985,5904,"OTRAS ENFERMEDADES VIRALES QUE COMPLICAN EL EMBARAZO, EL PARTO Y EL PUERPERIO"
O986,5905,"ENFERMEDADES CAUSADAS POR PROTOZOARIOS QUE COMPLICAN EL EMBARAZO, EL PARTO Y EL PUERPERIO"
O988,5906,"OTRAS ENFERMEDADES INFECCIOSAS Y PARASITARIAS MATERNAS QUE COMPLICAN EL EMBARAZO, EL PARTO Y EL PUERPERIO"
O989,5907,"ENFERMEDAD INFECCIOSA Y PARASITARIA MATERNA NO ESPECIFICADA QUE COMPLICA EL EMBARAZO, EL PARTO Y EL PUERPERIO"
O990,5908,"ANEMIA QUE COMPLICA EL EMBARAZO, EL PARTO Y EL PUERPERIO"
O991,5909,"OTRAS ENFERMEDADES DE LA SANGRE Y DE LOS ORGANOS HEMATOPOYETICOS Y CIERTOS TRASTORNOS QUE AFECTAN EL SISTEMA INMUNITARIO CUANDO COMPLICAN EL EMBARAZO, EL PARTO Y EL PUERPERIO"
O992,5910,"ENFERMEDADES ENDOCRINAS, DE LA NUTRICION Y DEL METABOLISMO QUE COMPLICAN EL EMBARAZO, EL PARTO Y EL PUERPERIO"
O993,5911,"TRASTORNOS MENTALES Y ENFERMEDADES DEL SISTEMA NERVIOSO QUE COMPLICAN EL EMBARAZO, EL PARTO Y EL PUERPERIO"
O994,5912,"ENFERMEDADES DEL SISTEMA CIRCULATORIO QUE COMPLICAN EL EMBARAZO, EL PARTO Y EL PUERPERIO"
O995,5913,"ENFERMEDADES DEL SISTEMA RESPIRATORIO QUE COMPLICAN EL EMBARAZO, EL PARTO Y EL PUERPERIO"
O996,5914,"ENFERMEDADES DEL SISTEMA DIGESTIVO QUE COMPLICAN EL EMBARAZO, EL PARTO Y EL PUERPERIO"
O997,5915,"ENFERMEDADES DE LA PIEL Y DE TEJIDO SUBCUTANEO QUE COMPLICAN EL EMBARAZO, EL PARTO Y EL PUERPERIO"
O998,5916,"OTRAS ENFERMEDADES ESPECIFICADAS Y AFECCIONES QUE COMPLICAN EL EMBARAZO, EL PARTO Y EL PUERPERIO"
P000,5917,FETO Y RECIEN NACIDO AFECTADOS POR TRASTORNOS HIPERTENSIVOS DE LA MADRE
P001,5918,FETO Y RECIEN NACIDO AFECTADOS POR ENFERMEDADES RENALES Y DE LAS VIAS URINARIAS DE LA MADRE
P002,5919,FETO Y RECIEN NACIDO AFECTADOS POR ENFERMEDADES INFECCIOSAS Y PARASITARIAS DE LA MADRE
P003,5920,FETO Y RECIEN NACIDO AFECTADOS POR ENFERMEDADES CIRCULATORIAS Y RESPIRATORIAS DE LA MADRE
P004,5921,FETO Y RECIEN NACIDO AFECTADOS POR TRASTORNOS NUTRICIONALES DE LA MADRE
P005,5922,FETO Y RECIEN NACIDO AFECTADOS POR TRAUMATISMO DE LA MADRE
P006,5923,FETO Y RECIEN NACIDO AFECTADOS POR PROCEDIMIENTO QUIRURGICO DE LA MADRE
P007,5924,"FETO Y RECIEN NACIDO AFECTADOS POR OTRO PROCEDIMIENTO MEDICO DE LA MADRE, NO CLASIFICADO EN OTRA PARTE"
P008,5925,FETO Y RECIEN NACIDO AFECTADOS POR OTRAS AFECCIONES MATERNAS
P009,5926,FETO Y RECIEN NACIDO AFECTADOS POR AFECCION MATERNA NO ESPECIFICADA
P010,5927,FETO Y RECIEN NACIDO AFECTADOS POR INCOMPETENCIA DEL CUELLO UTERINO
P011,5928,FETO Y RECIEN NACIDO AFECTADOS POR RUPTURA PREMATURA DE LAS MEMBRANAS
P012,5929,FETO Y RECIEN NACIDO AFECTADOS POR OLIGOHIDRAMNIOS
P013,5930,FETO Y RECIEN NACIDO AFECTADOS POR POLIHIDRAMNIOS
P014,5931,FETO Y RECIEN NACIDO AFECTADOS POR EMBARAZO ECTOPICO
P015,5932,FETO Y RECIEN NACIDO AFECTADOS POR EMBARAZO MULTIPLE
P016,5933,FETO Y RECIEN NACIDO AFECTADOS POR MUERTE MATERNA
P017,5934,FETO Y RECIEN NACIDO AFECTADOS POR PRESENTACION ANOMALA ANTES DEL TRABAJO DE PARTO
P018,5935,FETO Y RECIEN NACIDO AFECTADOS POR OTRAS COMPLICACIONES MATERNAS DEL EMBARAZO
P019,5936,FETO Y RECIEN NACIDO AFECTADOS POR COMPLICACIONES MATERNAS NO ESPECIFICADAS DEL EMBARAZO
P020,5937,FETO Y RECIEN NACIDO AFECTADOS POR PLACENTA PREVIA
P021,5938,FETO Y RECIEN NACIDO AFECTADOS POR OTRAS FORMAS DE DESPRENDIMIENTO Y DE HEMORRAGIA PLACENTARIOS
P022,5939,FETO Y RECIEN NACIDO AFECTADOS POR OTRAS ANOMALIAS MORFOLOGICAS Y FUNCIONALES DE LA PLACENTA Y LAS NO ESPECIFICADAS
P023,5940,FETO Y RECIEN NACIDO AFECTADOS POR SINDROMES DE TRANSFUSION PLACENTARIA
P024,5941,FETO Y RECIEN NACIDO AFECTADOS POR PROLAPSO DEL CORDON UMBILICAL
P025,5942,FETO Y RECIEN NACIDO AFECTADOS POR OTRA COMPRESION DEL CORDON UMBILICAL
P026,5943,FETO Y RECIEN NACIDO AFECTADOS POR OTRAS COMPLICACIONES DEL CORDON UMBILICAL Y LAS NO ESPECIFICADAS
P027,5944,FETO Y RECIEN NACIDO AFECTADOS POR CORIOAMNIONITIS
P028,5945,FETO Y RECIEN NACIDO AFECTADOS POR OTRAS ANORMALIDADES DE LAS MEMBRANAS
P029,5946,FETO Y RECIEN NACIDO AFECTADOS POR ANORMALIDAD NO ESPECIFICADA DE LAS MEMBRANAS
P030,5947,FETO Y RECIEN NACIDO AFECTADOS POR PARTO Y EXTRACCION DE NALGAS
P031,5948,"FETO Y RECIEN NACIDO AFECTADOS POR OTRA PRESENTACION ANOMALA, POSICION ANOMALA Y DESPROPORCION DURANTE EL TRABAJO DE PARTO Y EL PARTO"
P032,5949,FETO Y RECIEN NACIDO AFECTADOS POR PARTO CON FORCEPS
P033,5950,FETO Y RECIEN NACIDO AFECTADOS POR PARTO CON VENTOSA EXTRACTORA
P034,5951,FETO Y RECIEN NACIDO AFECTADOS POR PARTO POR CESAREA
P035,5952,FETO Y RECIEN NACIDO AFECTADOS POR PARTO PRECIPITADO
P036,5953,FETO Y RECIEN NACIDO AFECTADOS POR CONTRACCIONES UTERINAS ANORMALES
P038,5954,FETO Y RECIEN NACIDO AFECTADOS POR OTRAS COMPLICACIONES ESPECIFICADAS DEL TRABAJO DE PARTO Y DEL PARTO
P039,5955,FETO Y RECIEN NACIDO AFECTADOS POR COMPLICACIONES NO ESPECIFICADAS DEL TRABAJO DE PARTO Y DEL PARTO
P040,5956,"FETO Y RECIEN NACIDO AFECTADOS POR ANESTESIA Y ANALGESIA MATERNA EN EL EMBARAZO, EN EL TRABAJO DE PARTO Y EN EL PARTO"
P041,5957,FETO Y RECIEN NACIDO AFECTADOS POR OTRAS MEDICACIONES MATERNAS
P042,5958,FETO Y RECIEN NACIDO AFECTADOS POR TABAQUISMO DE LA MADRE
P043,5959,FETO Y RECIEN NACIDO AFECTADOS POR ALCOHOLISMO DE LA MADRE
P044,5960,FETO Y RECIEN NACIDO AFECTADOS POR DROGADICCION MATERNA
P045,5961,FETO Y RECIEN NACIDO AFECTADOS POR EL USO MATERNO DE SUSTANCIAS QUIMICAS NUTRICIONALES
P046,5962,FETO Y RECIEN NACIDO AFECTADOS POR EXPOSICION MATERNA A SUSTANCIAS QUIMICAS AMBIENTALES
P048,5963,FETO Y RECIEN NACIDO AFECTADOS POR OTRAS INFLUENCIAS NOCIVAS DE LA MADRE
P049,5964,"FETO Y RECIEN NACIDO AFECTADOS POR INFLUENCIAS NOCIVAS DE LA MADRE, NO ESPECIFICADAS"
P050,5965,BAJO PESO PARA LA EDAD GESTACIONAL
P051,5966,PEQUEÑO PARA EDAD GESTACIONAL
P052,5967,"DESNUTRICION FETAL, SIN MENCION DE PESO O TALLA BAJOS PARA LA EDAD GESTACIONAL"
P059,5968,"RETARDO DEL CRECIMIENTO FETAL, NO ESPECIFICADO"
P070,5969,PESO EXTREMADAMENTE BAJO AL NACER
P071,5970,OTRO PESO BAJO AL NACER
P072,5971,INMATURIDAD EXTREMA
P073,5972,OTROS RECIEN NACIDOS PRETERMINO
P080,5973,RECIEN NACIDO EXCEPCIONALMENTE GRANDE
P081,5974,OTROS RECIEN NACIDOS CON SOBREPESO PARA LA EDAD GESTACIONAL
P082,5975,RECIEN NACIDO POSTERMINO SIN SOBREPESO PARA SU EDAD GESTACIONAL
P100,5976,HEMORRAGIA SUBDURAL DEBIDA A TRAUMATISMO DEL NACIMIENTO
P101,5977,HEMORRAGIA CEREBRAL DEBIDA A TRAUMATISMO DEL NACIMIENTO
P102,5978,HEMORRAGIA INTRAVENTRICULAR DEBIDA A TRAUMATISMO DEL NACIMIENTO
P103,5979,HEMORRAGIA SUBARACNOIDEA DEBIDA A TRAUMATISMO DEL NACIMIENTO
P104,5980,DESGARRO TENTORIAL DEBIDO A TRAUMATISMO DEL NACIMIENTO
P108,5981,OTRAS HEMORRAGIAS Y LACERACIONES INTRACRANEALES DEBIDAS A TRAUMATISMO DEL NACIMIENTO
P109,5982,"HEMORRAGIA Y LACERACION INTRACRANEALES NO ESPECIFICADAS, DEBIDAS A TRAUMATISMO DEL NACIMIENTO"
P110,5983,EDEMA CEREBRAL DEBIDO A TRAUMATISMO DEL NACIMIENTO
P111,5984,OTRAS LESIONES ESPECIFICADAS DEL ENCEFALO DEBIDAS A TRAUMATISMO DEL NACIMIENTO
P112,5985,"LESION NO ESPECIFICADA DEL ENCEFALO, DEBIDA A TRAUMATISMO DEL NACIMIENTO"
P113,5986,TRAUMATISMO DEL NACIMIENTO EN EL NERVIO FACIAL
P114,5987,TRAUMATISMO DEL NACIMIENTO EN OTROS NERVIOS CRANEALES
P115,5988,TRAUMATISMO DEL NACIMIENTO EN LA COLUMNA VERTEBRAL Y EN LA MEDULA ESPINAL
P119,5989,"TRAUMATISMO DEL NACIMIENTO EN EL SISTEMA NERVIOSO CENTRAL, NO ESPECIFICADO"
P120,5990,CEFALOHEMATOMA DEBIDO A TRAUMATISMO DEL NACIMIENTO
P121,5991,CAPUT SUCCEDANEUM DEBIDO A TRAUMATISMO DEL NACIMIENTO
P122,5992,HEMORRAGIA EPICRANEAL SUBAPONEUROTICA DEBIDA A TRAUMATISMO DEL NACIMIENTO
P123,5993,EQUIMOSIS DEL CUERO CABELLUDO DEBIDA A TRAUMATISMO DEL NACIMIENTO
P124,5994,TRAUMATISMO EN EL CUERO CABELLUDO DEL RECIEN NACIDO POR MONITOREO FETAL
P128,5995,OTROS TRAUMATISMOS DEL NACIMIENTO EN EL CUERO CABELLUDO
P129,5996,"TRAUMATISMO DEL NACIMIENTO EN EL CUERO CABELLUDO, NO ESPECIFICADO"
P130,5997,FRACTURA DEL CRANEO DEBIDA A TRAUMATISMO DEL NACIMIENTO
P131,5998,OTROS TRAUMATISMOS DEL CRANEO DURANTE EL NACIMIENTO
P132,5999,TRAUMATISMO DEL FEMUR DURANTE EL NACIMIENTO
P133,6000,TRAUMATISMO DE OTROS HUESOS LARGOS DURANTE EL NACIMIENTO
P134,6001,FRACTURA DE LA CLAVICULA DEBIDA A TRAUMATISMO DEL NACIMIENTO
P138,6002,TRAUMATISMO DEL NACIMIENTO EN OTRAS PARTES DEL ESQUELETO
P139,6003,TRAUMATISMO NO ESPECIFICADO DEL ESQUELETO DURANTE EL NACIMIENTO
P140,6004,PARALISIS DE ERB DEBIDA A TRAUMATISMO DEL NACIMIENTO
P141,6005,PARALISIS DE KLUMPKE DEBIDA A TRAUMATISMO DL NACIMIENTO
P142,6006,PARALISIS DEL NERVIO FRENICO DEBIDA A TRAUMATISMO DEL NACIMIENTO
P143,6007,OTRO TRAUMATISMO DEL PLEXO BRAQUIAL DURANTE EL NACIMIENTO
P148,6008,TRAUMATISMO DURANTE EL NACIMIENTO EN OTRAS PARTES DEL SISTEMA NERVIOSO PERIFERICO
P149,6009,TRAUMATISMO NO ESPECIFICADO DEL SISTEMA NERVIOSO PERIFERICO DURANTE EL NACIMIENTO
P150,6010,LESION DEL HIGADO DURANTE EL NACIMIENTO
P151,6011,LESION DEL BAZO DURANTE EL NACIMIENTO
P152,6012,TRAUMATISMO DEL MÚSCULO ESTERNOCLEIDOMASTOIDEO DURANTE EL NACIMIENTO
P153,6013,TRAUMATISMO OCULAR DURANTE EL NACIMIENTO
P154,6014,TRAUMATISMO FACIAL DURANTE EL NACIMIENTO
P155,6015,TRAUMATISMO DE LOS GENITALES EXTERNOS DURANTE EL NACIMIENTO
P156,6016,NECROSIS GRASA SUBCUTANEA DEBIDA A TRAUMATISMO DEL NACIMIENTO
P158,6017,"OTROS TRAUMATISMOS ESPECIFICADOS, DURANTE EL NACIMIENTO"
P159,6018,"TRAUMATISMO NO ESPECIFICADO, DURANTE EL NACIMIENTO"
P200,6019,HIPOXIA INTRAUTERINA NOTADA POR PRIMERA VEZ ANTES DEL INICIO DEL TRABAJO DE PARTO
P201,6020,HIPOXIA INTRAUTERINA NOTADA POR PRIMERA VEZ DURANTE EL TRABAJO DE PARTO
P209,6021,"HIPOXIA INTRAUTERINA, NO ESPECIFICADA"
P210,6022,"ASFIXIA DEL NACIMIENTO, SEVERA"
P211,6023,"ASFIXIA DEL NACIMIENTO, LEVE Y MODERADA"
P219,6024,"ASFIXIA DEL NACIMIENTO, NO ESPECIFICADA"
P220,6025,SINDROME DE DIFICULTAD RESPIRATORIA DEL RECIEN NACIDO
P221,6026,TAQUIPNEA TRANSITORIA DEL RECIEN NACIDO
P228,6027,OTRAS DIFICULTADES RESPIRATORIAS DEL RECIEN NACIDO
P229,6028,"DIFICULTAD RESPIRATORIA DEL RECIEN NACIDO, NO ESPECIFICADA"
P230,6029,NEUMONIA CONGENITA DEBIDA A AGENTE VIRAL
P231,6030,NEUMONIA CONGENITA DEBIDA A CHLAMYDIA
P232,6031,NEUMONIA CONGENITA DEBIDA A ESTAFILOCOCOS
P233,6032,NEUMONIA CONGENITA DEBIDA A ESTREPTOCOCOS DEL GRUPO B
P234,6033,NEUMONIA CONGENITA DEBIDA A ESCHERICHIA COLI
P235,6034,NEUMONIA CONGENITA DEBIDA A PSEUDOMONAS
P236,6035,NEUMONIA CONGENITA DEBIDA A OTROS AGENTES BACTERIANOS
P238,6036,NEUMONIA CONGENITA DEBIDA A OTROS ORGANISMOS
P239,6037,"NEUMONIA CONGENITA, ORGANISMO NO ESPECIFICADO"
P240,6038,ASPIRACION NEONATAL DE MECONIO
P241,6039,ASPIRACION NEONATAL DEL LIQUIDO AMNIOTICO Y DE MOCO
P242,6040,ASPIRACION NEONATAL DE SANGRE
P243,6041,ASPIRACION NEONATAL DE LECHE Y ALIMENTO REGURGITADO
P248,6042,OTROS SINDROMES DE ASPIRACION NEONATAL
P249,6043,"SINDROME DE ASPIRACION NEONATAL, SIN OTRA ESPECIFICACION"
P250,6044,ENFISEMA INTERSTICIAL ORIGINADO EN EL PERIODO PERINATAL
P251,6045,NEUMOTORAX ORIGINADO EN EL PERIODO PERINATAL
P252,6046,NEUMOMEDIASTINO ORIGINADO EN EL PERIODO PERINATAL
P253,6047,NEUMOPERICARDIO ORIGINADO EN EL PERIODO PERINATAL
P258,6048,"OTRAS AFECCIONES RELACIONADAS CON EL ENFISEMA INTERSTICIAL, ORIGINADAS EN EL PERIODO PERINATAL"
P260,6049,HEMORRAGIA TRAQUEOBRONQUIAL ORIGINADA EN EL PERIODO PERINATAL
P261,6050,HEMORRAGIA PULMONAR MASIVA ORIGINADA EN EL PERIODO PERINATAL
P268,6051,OTRAS HEMORRAGIAS PULMONARES ORIGINADAS EN EL PERIODO PERINATAL
P269,6052,"HEMORRAGIA PULMONAR NO ESPECIFICADA, ORIGINADA EN EL PERIODO PERINATAL"
P270,6053,SINDROME DE WILSON-MIKITY
P271,6054,DISPLASIA BRONCOPULMONAR ORIGINADA EN EL PERIODO PERINATAL
P278,6055,OTRAS ENFERMEDADES RESPIRATORIAS CRONICAS ORIGINADAS EN EL PERIODO PERINATAL
P279,6056,ENFERMEDAD RESPIRATORIA CRONICA NO ESPECIFICADA ORIGINADA EN EL PERIODO PERINATAL
P280,6057,ATELECTASIA PRIMARIA DEL RECIEN NACIDO
P281,6058,OTRAS ATELECTASIAS DEL RECIEN NACIDO Y LAS NO ESPECIFICADAS
P282,6059,ATAQUE CIANOTICO DEL RECIEN NACIDO
P283,6060,APNEA PRIMARIA DEL SUEÑO DEL RECIEN NACIDO
P284,6061,OTRAS APNEAS DEL RECIEN NACIDO
P285,6062,INSUFICIENCIA RESPIRATORIA DEL RECIEN NACIDO
P288,6063,OTROS PROBLEMAS RESPIRATORIOS ESPECIFICADOS DEL RECIEN NACIDO
P289,6064,AFECCION RESPIRATORIA NO ESPECIFICADA DEL RECIEN NACIDO
P290,6065,INSUFICIENCIA CARDIACA NEONATAL
P291,6066,DISRITMIA CARDIACA NEONATAL
P292,6067,HIPERTENSION NEONATAL
P293,6068,PERSISTENCIA DE LA CIRCULACION FETAL
P294,6069,ISQUEMIA MIOCARDICA TRANSITORIA DEL RECIEN NACIDO
P298,6070,OTROS TRASTORNOS CARDIOVASCULARES ORIGINADOS EN EL PERIODO PERINATAL
P299,6071,"TRASTORNO CARDIOVASCULAR NO ESPECIFICADO, ORIGINADO EN EL PERIODO PERINATAL"
P350,6072,SINDROME DE RUBEOLA CONGENITA
P351,6073,INFECCION CITOMEGALOVIRICA CONGENITA
P352,6074,INFECCIONES CONGENITAS POR VIRUS DEL HERPES SIMPLE
P353,6075,HEPATITIS VIRAL CONGENITA
P358,6076,OTRAS ENFERMEDADES VIRALES CONGENITAS
P359,6077,"ENFERMEDAD VIRAL CONGÉNITA, SIN OTRA ESPECIFICACION"
P360,6078,SEPSIS DEL RECIEN NACIDO DEBIDA A ESTREPTOCOCO DEL GRUPO B
P361,6079,SEPSIS DEL RECIEN NACIDO DEBIDA A OTROS ESTREPTOCOCOS Y A LOS NO ESPECIFICADOS
P362,6080,SEPSIS DEL RECIEN NACIDO DEBIDA A STAPHYLOCOCCUS AUREUS
P363,6081,SEPSIS DEL RECIEN NACIDO DEBIDA A OTROS ESTAFILOCOCOS Y A LOS NO ESPECIFICADOS
P364,6082,SEPSIS DEL RECIEN NACIDO DEBIDA A ESCHERICHIA COLI
P365,6083,SEPSIS DEL RECIEN NACIDO DEBIDA A ANAEROBIOS
P368,6084,SEPSIS DEL RECIEN NACIDO DEBIDA A OTRAS BACTERIAS
P369,6085,"SEPSIS BACTERIANA DEL RECIEN NACIDO, NO ESPECIFICADA"
P370,6086,TUBERCULOSIS CONGENITA
P371,6087,TOXOPLASMOSIS CONGENITA
P372,6088,LISTERIOSIS CONGENITA (DISEMINADA)
P373,6089,PALUDISMO CONGENITO POR PLASMODIUM FALCIPARUM
P374,6090,OTROS PALUDISMOS CONGENITOS
P375,6091,CANDIDIASIS NEONATAL
P378,6092,OTRAS ENFERMEDADES NEONATALES INFECCIOSAS O PARASITARIAS ESPECIFICADAS
P379,6093,"ENFERMEDAD INFECCIOSA O PARASITARIA CONGENITA, NO ESPECIFICADA"
P38,6094,ONFALITIS DEL RECIEN NACIDO CON O SIN HEMORRAGIA LEVE
P390,6095,MASTITIS INFECCIOSA NEONATAL
P391,6096,CONJUNTIVITIS Y DACRIOCISTITIS NEONATALES
P392,6097,"INFECCION INTRAAMNIOTICA DEL FETO, NO CLASIFICADA EN OTRA PARTE"
P393,6098,INFECCION NEONATAL DE LAS VIAS URINARIAS
P394,6099,INFECCION CUTANEA NEONATAL
P398,6100,OTRAS INFECCIONES ESPECIFICADAS PROPIAS DEL PERIODO PERINATAL
P399,6101,"INFECCION PROPIA DEL PERIODO PERINATAL, NO ESPECIFICADA"
P500,6102,PERDIDA DE SANGRE FETAL POR VASA PREVIA
P501,6103,PERDIDA DE SANGRE FETAL POR RUPTURA DEL CORDON UMBILICAL
P502,6104,PERDIDA DE SANGRE FETAL POR LA PLACENTA
P503,6105,HEMORRAGIA FETAL HACIA OTRO GEMELO
P504,6106,HEMORRAGIA FETAL HACIA LA CIRCULACION MATERNA
P505,6107,PERDIDA DE SANGRE FETAL POR EL CORTE DEL CORDON UMBILICAL EN EL OTRO GEMELO
P508,6108,OTRAS PERDIDAS DE SANGRE FETAL
P509,6109,PERDIDA DE SANGRE FETAL NO ESPECIFICADA
P510,6110,HEMORRAGIA UMBILICAL MASIVA DEL RECIEN NACIDO
P518,6111,OTRAS HEMORRAGIAS UMBILICALES DEL RECIEN NACIDO
P519,6112,"HEMORRAGIA UMBILICAL DEL RECIEN NACIDO, SIN OTRA ESPECIFICACION"
P520,6113,"HEMORRAGIA INTRAVENTRICULAR (NO TRAUMATICA) GRADO 1, DEL FETO Y DEL RECIEN NACIDO"
P521,6114,"HEMORRAGIA INTRAVENTRICULAR (NO TRAUMATICA) GRADO 2, DEL FETO Y DEL RECIEN NACIDO"
P522,6115,"HEMORRAGIA INTRAVENTRICULAR (NO TRAUMATICA) GRADO 3, DEL FETO Y DEL RECIEN NACIDO"
P523,6116,"HEMORRAGIA INTRAVENTRICULAR (NO TRAUMATICA) DEL FETO Y DEL RECIEN NACIDO, SIN OTRA ESPECIFICACION"
P524,6117,HEMORRAGIA INTRACEREBRAL (NO TRAUMATICA) DEL FETO Y DEL RECIEN NACIDO
P525,6118,HEMORRAGIA SUBARACNOIDEA (NO TRAUMATICA) DEL FETO Y DEL RECIEN NACIDO
P526,6119,HEMORRAGIA CEREBELOSA Y DE LA FOSA POSTERIOR (NO TRAUMATICA) DEL FETO Y DEL RECIEN NACIDO
P528,6120,OTRAS HEMORRAGIAS INTRACRANEALES (NO TRAUMATICAS) DEL FETO Y DEL RECIEN NACIDO
P529,6121,"HEMORRAGIA INTRACRANEAL (NO TRAUMATICA) DEL FETO Y DEL RECIEN NACIDO, SIN OTRA ESPECIFICACION"
P53,6122,ENFERMEDAD HEMORRAGICA DEL FETO Y DEL RECIEN NACIDO
P540,6123,HEMATEMESIS NEONATAL
P541,6124,MELENA NEONATAL
P542,6125,HEMORRAGIA RECTAL NEONATAL
P543,6126,OTRAS HEMORRAGIAS GASTROINTESTINALES NEONATALES
P544,6127,HEMORRAGIA SUPRARRENAL NEONATAL
P545,6128,HEMORRAGIA CUTANEA NEONATAL
P546,6129,HEMORRAGIA VAGINAL NEONATAL
P548,6130,OTRAS HEMORRAGIAS FETALES Y NEONATALES ESPECIFICADAS
P549,6131,"HEMORRAGIA NEONATAL, NO ESPECIFICADA"
P550,6132,INCOMPATIBILIDAD RH DEL FETO Y DEL RECIEN NACIDO
P551,6133,INCOMPATIBILIDAD ABO DEL FETO Y DEL RECIEN NACIDO
P558,6134,OTRAS ENFERMEDADES HEMOLITICAS DEL FETO Y DEL RECIEN NACIDO
P559,6135,"ENFERMEDAD HEMOLITICA DEL FETO Y DEL RECIEN NACIDO, NO ESPECIFICADA"
P560,6136,HIDROPESIA FETAL DEBIDA A INCOMPATIBILIDAD
P569,6137,HIDROPESIA FETAL DEBIDA A OTRAS ENFERMEDADES HEMOLITICAS ESPECIFICADAS Y A LAS NO ESPECIFICADAS
P570,6138,KERNICTERUS DEBIDO A INCOMPATIBILIDAD
P578,6139,KERNICTERUS DEBIDO A OTRAS CAUSAS ESPECIFICADAS
P579,6140,"KERNICTERUS, NO ESPECIFICADO"
P580,6141,ICTERICIA NEONATAL DEBIDA A CONTUSION
P581,6142,ICTERICIA NEONATAL DEBIDA A HEMORRAGIA
P582,6143,ICTERICIA NEONATAL DEBIDA A INFECCION
P583,6144,ICTERICIA NEONATAL DEBIDA A POLICITEMIA
P584,6145,ICTERICIA NEONATAL DEBIDA A DROGAS O TOXINAS TRANSMITIDAS POR LA MADRE O ADMINISTRADAS AL RECIEN NACIDO
P585,6146,ICTERICIA NEONATAL DEBIDA A DEGLUCION DE SANGRE MATERNA
P588,6147,ICTERICIA NEONATAL DEBIDA A OTRAS HEMOLISIS EXCESIVAS ESPECIFICADAS
P589,6148,ICTERICIA NEONATAL DEBIDA A HEMOLISIS EXCESIVA SIN OTRA ESPECIFICACION
P590,6149,ICTERICIA NEONATAL ASOCIADA CON EL PARTO ANTES DE TERMINO
P591,6150,SINDROME DE LA BILIS ESPESA
P592,6151,ICTERICIA NEONATAL DEBIDA A OTRA LESION HEPATICA ESPECIFICADA O NO
P593,6152,ICTERICIA NEONATAL POR INHIBIDOR DE LA LECHE MATERNA
P598,6153,ICTERICIA NEONATAL POR OTRAS CAUSAS ESPECIFICADAS
P599,6154,"ICTERICIA NEONATAL, NO ESPECIFICADA"
P60,6155,COAGULACION INTRAVASCULAR DISEMINADA EN EL FETO Y EL RECIEN NACIDO
P610,6156,TROMBOCITOPENIA NEONATAL TRANSITORIA
P611,6157,POLICITEMIA NEONATAL
P612,6158,ANEMIA DE LA PREMATURIDAD
P613,6159,ANEMIA CONGENITA DEBIDA A PERDIDA DE SANGRE FETAL
P614,6160,"OTRAS ANEMIAS CONGENITAS, NO CLASIFICADAS EN OTRA PARTE"
P615,6161,NEUTROPENIA NEONATAL TRANSITORIA
P616,6162,OTROS TRASTORNOS NEONATALES TRANSITORIOS DE LA COAGULACIÓN
P618,6163,OTROS TRASTORNOS HEMATOLOGICOS PERINATALES ESPECIFICADOS
P619,6164,"TRASTORNO HEMATOLOGICO PERINATAL, NO ESPECIFICADO"
P700,6165,SINDROME DEL RECIEN NACIDO DE MADRE CON DIABETES GESTACIONAL
P701,6166,SINDROME DEL RECIEN NACIDO DE MADRE CON DIABETICA
P702,6167,DIABETES MELLITUS NEONATAL
P703,6168,HIPOGLICEMIA NEONATAL YATROGENICA
P704,6169,OTRAS HIPOGLICEMIAS NEONATALES
P708,6170,OTROS TRASTORNOS TRANSITORIOS DEL METABOLISMO DE LOS CARBOHIDRATOS EN EL FETO Y EL RECIEN NACIDO
P709,6171,TRASTORNO TRANSITORIO NO ESPECIFICADO DEL METABOLISMO DE LOS CARBOHIDRATOS EN EL FETO Y EL RECIEN NACIDO
P710,6172,HIPOCALCEMIA DEL RECIEN NACIDO DEBIDA A LA LECHE DE VACA
P711,6173,OTRA HIPOCALCEMIA NEONATAL
P712,6174,HIPOMAGNESEMIA NEONATAL
P713,6175,TETANIA NEONATAL SIN MENCION DE DEFICIENCIA DE CALCIO O DE MAGNESIO
P714,6176,HIPOPARATIROIDISMO NEONATAL TRANSITORIO
P718,6177,OTROS TRASTORNOS NEONATALES TRANSITORIOS DEL METABOLISMO DEL CALCIO Y DEL MAGNESIO
P719,6178,TRASTORNO NEONATAL TRANSITORIO NO ESPECIFICADO DEL METABOLISMO DEL CALCIO Y DEL MAGNESIO
P720,6179,"BOCIO NEONATAL, NO CLASIFICADO EN OTRA PARTE"
P721,6180,HIPERTIROIDISMO NEONATAL TRANSITORIO
P722,6181,"OTROS TRASTORNOS NEONATALES TRANSITORIOS DE LA FUNCION TIROIDEA, NO CLASIFICADOS EN OTRA PARTE"
P728,6182,OTROS TRASTORNOS ENDOCRINOS NEONATALES TRANSITORIOS ESPECIFICADOS
P729,6183,"TRASTORNO ENDOCRINO NEONATAL TRANSITORIO, NO ESPECIFICADO"
P740,6184,ACIDOSIS METABOLICA TARDIA DEL RECIEN NACIDO
P741,6185,DESHIDRATACION DEL RECIEN NACIDO
P742,6186,ALTERACIONES DEL EQUILIBRIO DEL SODIO EN EL RECIEN NACIDO
P743,6187,ALTERACIONES DEL EQUILIBRIO DEL POTASIO EN EL RECIEN NACIDO
P744,6188,OTRAS ALTERACIONES ELECTROLITICAS TRANSITORIAS DEL RECIEN NACIDO
P745,6189,TIROSINEMIA TRANSITORIA DEL RECIEN NACIDO
P748,6190,OTRAS ALTERACIONES METABOLICAS TRANSITORIAS DEL RECIEN NACIDO
P749,6191,"TRASTORNO METABOLICO TRANSITORIO DEL RECIEN NACIDO, NO ESPECIFICADO"
P75,6192,ILEO MECONIAL (E84.1)
P760,6193,SINDROME DEL TAPON DE MECONIO
P761,6194,ILEO TRANSITORIO DEL RECIEN NACIDO
P762,6195,OBSTRUCCION INTESTINAL DEBIDA A LA LECHE ESPESA
P768,6196,OTRAS OBSTRUCCIONES INTESTINALES ESPECIFICADAS DEL RECIEN NACIDO
P769,6197,"OBSTRUCCION INTESTINAL DEL RECIEN NACIDO, NO ESPECIFICADA"
P77,6198,ENTEROCOLITIS NECROTIZANTE DEL FETO Y DEL RECIEN NACIDO
P780,6199,PERFORACION INTESTINAL PERINATAL
P781,6200,OTRAS PERITONITIS NEONATALES
P782,6201,HEMATEMESIS Y MELENA NEONATALES DEBIDAS A LA DEGLUCION DE SANGRE MATERNA
P783,6202,DIARREA NEONATAL NO INFECCIOSA
P788,6203,OTROS TRASTORNOS PERINATALES ESPECIFICOS DEL SISTEMA DIGESTIVO
P789,6204,"TRASTORNO PERINATAL DEL SISTEMA DIGESTIVO, NO ESPECIFICADO"
P800,6205,SINDROME DE ENFRIAMIENTO
P808,6206,OTRAS HIPOTERMIAS DEL RECIEN NACIDO
P809,6207,"HIPOTERMIA DEL RECIEN NACIDO, NO ESPECIFICADA"
P810,6208,HIPERTERMIA DEL RECIEN NACIDO INDUCIDA POR LAS CONDICIONES AMBIENTALES
P818,6209,OTRAS ALTERACIONES ESPECIFICADAS DE LA REGULACION DE LA TEMPERATURA DEL RECIEN NACIDO
P819,6210,ALTERACION NO ESPECIFICADA DE LA REGULACION DE LA TEMPERATURA EN EL RECIEN NACIDO
P830,6211,ESCLEREMA NEONATAL
P831,6212,ERITEMA TOXICO NEONATAL
P832,6213,HIDROPESIA FETAL NO DEBIDA A ENFERMEDAD HEMOLITICA
P833,6214,"OTROS EDEMAS Y LOS NO ESPECIFICADOS, PROPIOS DEL FETO Y DEL RECIEN NACIDO"
P834,6215,INGURGITACION MAMARIA DEL RECIEN NACIDO
P835,6216,HIDROCELE CONGENITO
P836,6217,POLIPO UMBILICAL DEL RECIEN NACIDO
P838,6218,"OTRAS AFECCIONES ESPECIFICADAS DE LA PIEL, PROPIAS DEL FETO Y DEL RECIEN NACIDO"
P839,6219,"AFECCION NO ESPECIFICADA DE LA PIEL, PROPIAS DEL FETO Y DEL RECIEN NACIDO"
P90,6220,CONVULSIONES DEL RECIEN NACIDO
P910,6221,ISQUEMIA CEREBRAL NEONATAL
P911,6222,QUISTES PERIVENTRICULARES ADQUIRIDOS DEL RECIEN NACIDO
P912,6223,LEUCOMALACIA NEONATAL
P913,6224,IRRITABILIDAD CEREBRAL NEONATAL
P914,6225,DEPRESION CEREBRAL NEONATAL
P915,6226,COMA NEONATAL
P918,6227,OTRAS ALTERACIONES CEREBRALES ESPECIFICADAS DEL RECIEN NACIDO
P919,6228,ALTERACION CEREBRAL NO ESPECIFICADA DEL RECIEN NACIDO
P920,6229,VOMITOS DEL RECIEN NACIDO
P921,6230,REGURGITACION Y RUMIACION DEL RECIEN NACIDO
P922,6231,LENTITUD EN LA INGESTION DE ALIMENTOS DEL RECIEN NACIDO
P923,6232,HIPOALIMENTACION DEL RECIEN NACIDO
P924,6233,HIPERALIMENTACION DEL RECIEN NACIDO
P925,6234,DIFICULTAD NEONATAL EN LA LACTANCIA MATERNA
P928,6235,OTROS PROBLEMAS DE ALIMENTACION DEL RECIEN NACIDO
P929,6236,PROBLEMA NO ESPECIFICADO DE LA ALIMENTACION DEL RECIEN NACIDO
P93,6237,REACCIONES E INTOXICACIONES DEBIDAS A DROGAS ADMINISTRADAS AL FETO Y AL RECIEN NACIDO
P940,6238,MIASTENIA GRAVE NEONATAL TRANSITORIA
P941,6239,HIPERTONIA CONGENITA
P942,6240,HIPOTONIA CONGENITA
P948,6241,OTROS TRASTORNOS DEL TONO MUSCULAR EN EL RECIEN NACIDO
P949,6242,TRASTORNO NO ESPECIFICADO DEL TONO MUSCULAR EN EL RECIEN NACIDO
P95,6243,MUERTE FETAL DE CAUSA NO ESPECIFICADA
P960,6244,INSUFICIENCIA RENAL CONGENITA
P961,6245,SINTOMAS NEONATALES DE ABSTINENCIA POR DROGADICCION MATERNA
P962,6246,SINTOMAS DE ABSTINENCIA POR EL USO TERAPEUTICO DE DROGAS EN EL RECIEN NACIDO
P963,6247,AMPLITUD DE LA SUTURAS CRANEALES DEL RECIEN NACIDO
P964,6248,"TERMINACION DEL EMBARAZO, QUE AFECTA AL FETO Y AL RECIEN NACIDO"
P965,6249,"COMPLICACIONES DE PROCEDIMIENTOS INTRAUTERINOS, NO CLASIFICADOS EN OTRA PARTE"
P968,6250,OTRAS AFECCIONES ESPECIFICADAS ORIGINADAS EN EL PERIODO PERINATAL
P969,6251,AFECCION NO ESPECIFICADA ORIGINADA EN EL PERIODO PERINATAL
Q000,6252,ANENCEFALIA
Q001,6253,CRANEORRAQUISQUISIS
Q002,6254,INIENCEFALIA
Q010,6255,ENCEFALOCELE FRONTAL
Q011,6256,ENCEFALOCELE NASOFRONTAL
Q012,6257,ENCEFALOCELE OCCIPITAL
Q018,6258,ENCEFALOCELE DE OTROS SITIOS
Q019,6259,"ENCEFALOCELE, NO ESPECIFICADO"
Q02,6260,MICROCEFALIA
Q030,6261,MALFORMACIONES DEL ACUEDUCTO DE SILVIO
Q031,6262,ATRESIA DE LOS AGUJEROS DE MAGENDIE Y DE LUSCHKA
Q038,6263,OTROS HIDROCEFALOS CONGENITOS
Q039,6264,"HIDROCEFALO CONGENITO, NO ESPECIFICADO"
Q040,6265,MALFORMACIONES CONGENITAS DEL CUERPO CALLOSO
Q041,6266,ARRINENCEFALIA
Q042,6267,HOLOPROSENCEFALIA
Q043,6268,OTRAS ANOMALIAS HIPOPLASICAS DEL ENCEFALO
Q044,6269,DISPLASIA OPTICOSEPTAL
Q045,6270,MEGALENCEFALIA
Q046,6271,QUISTES CEREBRALES CONGENITOS
Q048,6272,"OTRAS MALFORMACIONES CONGENITAS DEL ENCEFALO, ESPECIFICADAS"
Q049,6273,"MALFORMACION CONGENITA DEL ENCEFALO, NO ESPECIFICADA"
Q050,6274,ESPINA BIFIDA CERVICAL CON HIDROCEFALO
Q051,6275,ESPINA BIFIDA TORACICA CON HIDROCEFALO
Q052,6276,ESPINA BIFIDA LUMBAR CON HIDROCEFALO
Q053,6277,ESPINA BIFIDA SACRA CON HIDROCEFALO
Q054,6278,"ESPINA BIFIDA CON HIDROCEFALO, SIN OTRA ESPECIFICACION"
Q055,6279,ESPINA BIFIDA CERVICAL SIN HIDROCEFALO
Q056,6280,ESPINA BIFIDA TORACICA SIN HIDROCEFALO
Q057,6281,ESPINA BIFIDA LUMBAR SIN HIDROCEFALO
Q058,6282,ESPINA BIFIDA SACRA SIN HIDROCEFALO
Q059,6283,"ESPINA BIFIDA, NO ESPECIFICADA"
Q060,6284,AMIELIA
Q061,6285,HIPOPLASIA Y DISPLASIA DE LA MEDULA ESPINAL
Q062,6286,DIASTEMATOMIELIA
Q063,6287,OTRAS ANOMALIAS CONGENITAS DE LA COLA DE CABALLO
Q064,6288,HIDROMIELIA
Q068,6289,OTRAS MALFORMACIONES CONGENITAS ESPECIFICADAS DE LA MEDULA ESPINAL
Q069,6290,"MALFORMACION CONGENITA DE LA MEDULA ESPINAL, NO ESPECIFICADA"
Q070,6291,SINDROME DE ARNOLD-CHIARI
Q078,6292,"OTRAS MALFORMACIONES CONGENITAS DEL SISTEMA NERVIOSO, ESPECIFICADAS"
Q079,6293,"MALFORMACION CONGENITA DEL SISTEMA NERVIOSO, NO ESPECIFICADA"
Q100,6294,BLEFAROPTOSIS CONGENITA
Q101,6295,ECTROPION CONGENITO
Q102,6296,ENTROPION CONGENITO
Q103,6297,OTRAS MALFORMACIONES CONGENITAS DE LOS PARPADOS
Q104,6298,AUSENCIA Y AGENESIA DEL APARATO LAGRIMAL
Q105,6299,ESTENOSIS Y ESTRECHEZ CONGENITAS DEL CONDUCTO LAGRIMAL
Q106,6300,OTRAS MALFORMACIONES CONGENITAS DEL APARATO LAGRIMAL
Q107,6301,MALFORMACION CONGENITA DE LA ORBITA
Q110,6302,GLOBO OCULAR QUISTICO
Q111,6303,OTRAS ANOFTALMIAS
Q112,6304,MICROFTALMIA
Q113,6305,MACROFTALMIA
Q120,6306,CATARATA CONGENITA
Q121,6307,DESPLAZAMIENTO CONGENITO DEL CRISTALINO
Q122,6308,COLOBOMA DEL CRISTALINO
Q123,6309,AFAQUIA CONGENITA
Q124,6310,ESFEROFAQUIA
Q128,6311,OTRAS MALFORMACIONES CONGENITAS DEL CRISTALINO
Q129,6312,"MALFORMACION CONGENITA DEL CRISTALINO, NO ESPECIFICADA"
Q130,6313,COLOBOMA DEL IRIS
Q131,6314,AUSENCIA DEL IRIS
Q132,6315,OTRAS MALFORMACIONES DEL IRIS
Q133,6316,OPACIDAD CORNEAL CONGENITA
Q134,6317,OTRAS MALFORMACIONES CONGENITAS DE LA CORNEA
Q135,6318,ESCLEROTICA AZUL
Q138,6319,OTRAS MALFORMACIONES CONGENITAS DEL SEGMENTO ANTERIOR DEL OJO
Q139,6320,"MALFORMACION CONGENITA DEL SEGMENTO ANTERIOR DEL OJO, NO ESPECIFICADA"
Q140,6321,MALFORMACION CONGENITA DEL HUMOR VITREO
Q141,6322,MALFORMACION CONGENITA DE LA RETINA
Q142,6323,MALFORMACION CONGENITA DEL DISCO OPTICO
Q143,6324,MALFORMACION CONGENITA DE LA COROIDES
Q148,6325,OTRAS MALFORMACIONES CONGENITAS DEL SEGMENTO POSTERIOR DEL OJO
Q149,6326,"MALFORMACION CONGENITA DEL SEGMENTO POSTERIOR DEL OJO, NO ESPECIFICADA"
Q150,6327,GLAUCOMA CONGENITO
Q158,6328,"OTRAS MALFORMACIONES CONGENITAS DEL OJO, ESPECIFICADAS"
Q159,6329,"MALFORMACIONES CONGENITAS DEL OJO, NO ESPECIFICADAS"
Q160,6330,AUSENCIA CONGENITA DEL PABELLON (DE LA OREJA)
Q161,6331,"AUSENCIA CONGENITA, ATRESIA O ESTRECHEZ DEL CONDUCTO AUDITIVO (EXTERNO)"
Q162,6332,AUSENCIA DE LA TROMPA DE EUSTAQUIO
Q163,6333,MALFORMACION CONGENITA DE LOS HUESILLOS DEL OIDO
Q164,6334,OTRAS MALFORMACIONES CONGENITAS DEL OIDO MEDIO
Q165,6335,MALFORMACION CONGENITA DEL OIDO INTERNO
Q169,6336,"MALFORMACION CONGENITA DEL OIDO QUE CAUSA ALTERACION DE LA AUDICION, SIN OTRA ESPECIFICACION"
Q170,6337,OREJA SUPERNUMERARIA
Q171,6338,MACROTIA
Q172,6339,MICROTIA
Q173,6340,OTRAS DEFORMIDADES DEL PABELLON AURICULAR
Q174,6341,ANOMALIA DE LA POSICION DE LA OREJA
Q175,6342,OREJA PROMINENTE
Q178,6343,"OTRAS MALFORMACIONES CONGENITAS DEL OIDO, ESPECIFICADAS"
Q179,6344,"MALFORMACION CONGENITA DEL OIDO, NO ESPECIFICADA"
Q180,6345,"SENO, FISTULA O QUISTE DE LA HENDIDURA BRANQUIAL"
Q181,6346,SENO Y QUISTE PREAURICULAR
Q182,6347,OTRAS MALFORMACIONES DE LAS HENDIDURAS BRANQUIALES
Q183,6348,PTERIGION DEL CUELLO
Q184,6349,MACROSTOMIA
Q185,6350,MICROSTOMIA
Q186,6351,MACROQUEILIA
Q187,6352,MICROQUEILIA
Q188,6353,OTRAS MALFORMACIONES CONGENITAS ESPECIFICADAS DE CARA Y CUELLO
Q189,6354,"MALFORMACION CONGENITA DE LA CARA Y DEL CUELLO, NO ESPECIFICADA"
Q200,6355,TRONCO ARTERIOSO COMUN
Q201,6356,TRANSPOSICION DE LOS GRANDES VASOS DEL VENTRICULO DERECHO
Q202,6357,TRANSPOSICION DE LOS GRANDES VASOS DEL VENTRICULO IZQUIERDO
Q203,6358,DISCORDANCIA DE LA CONEXIÓN VENTRICULOARTERIAL
Q204,6359,VENTRICULO CON DOBLE ENTRADA
Q205,6360,DISCORDANCIA DE LA CONEXIÓN AURICULOVENTRICULAR
Q206,6361,ISOMERISMO DE LOS APENDICES AURICULARES
Q208,6362,OTRAS MALFORMACIONES CONGENITAS DE LAS CAMARAS CARDIACAS Y SUS CONEXIONES
Q209,6363,"MALFORMACION CONGENITAS DE LAS CAMARAS CARDIACAS Y SUS CONEXIONES, NO ESPECIFICADA"
Q210,6364,DEFECTO DEL TABIQUE VENTRICULAR
Q211,6365,DEFECTO DEL TABIQUE AURICULAR
Q212,6366,DEFECTO DEL TABIQUE AURICULOVENTRICULAR
Q213,6367,TETRALOGIA DE FALLOT
Q214,6368,DEFECTO DEL TABIQUE AORTOPULMONAR
Q218,6369,OTRAS MALFORMACIONES CONGENITAS DE LOS TABIQUES CARDIACOS
Q219,6370,"MALFORMACION CONGENITA DEL TABIQUE CARDIACO, NO ESPECIFICADA"
Q220,6371,ATRESIA DE LA VALVULA PULMONAR
Q221,6372,ESTENOSIS CONGENITA DE LA VALVULA PULMONAR
Q222,6373,INSUFICIENCIA CONGENITA DE LA VALVULA PULMONAR
Q223,6374,OTRAS MALFORMACIONES CONGENITAS DE LA VALVULA PULMONAR
Q224,6375,ESTENOSIS CONGENITA DE LA VALVULA TRICUSPIDE
Q225,6376,ANOMALIA DE EBSTEIN
Q226,6377,SINDROME DE HIPOPLASIA DEL CORAZON DERECHO
Q228,6378,OTRAS MALFORMACIONES CONGENITAS DE LA VALVULA TRICUSPIDE
Q229,6379,"MALFORMACION CONGENITA DE LA VALVULA TRICUSPIDE, NO ESPECIFICADA"
Q230,6380,ESTENOSIS CONGENITA DE LA VALVULA AORTICA
Q231,6381,INSUFICIENCIA CONGENITA DE LA VALVULA AORTICA
Q232,6382,ESTENOSIS MITRAL CONGENITA
Q233,6383,INSUFICIENCIA MITRAL CONGENITA
Q234,6384,SINDROME DE HIPOPLASIA DEL CORAZON IZQUIERDO
Q238,6385,OTRAS MALFORMACIONES CONGENITAS DE LAS VALVULAS AORTICA Y MITRAL
Q239,6386,"MALFORMACION CONGENITA DE LAS VALVULAS AORTICA Y MITRAL, NO ESPECIFICADA"
Q240,6387,DEXTROCARDIA
Q241,6388,LEVOCARDIA
Q242,6389,CORAZON TRIAURICULAR
Q243,6390,ESTENOSIS DEL INFUNDIBULO PULMONAR
Q244,6391,ESTENOSIS SUBAORTICA CONGENITA
Q245,6392,MALFORMACION DE LOS VASOS CORONARIOS
Q246,6393,BLOQUEO CARDIACO CONGENITO
Q248,6394,"OTRAS MALFORMACIONES CONGENITAS DEL CORAZON, ESPECIFICADAS"
Q249,6395,"MALFORMACION CONGENITA DEL CORAZON, NO ESPECIFICADA"
Q250,6396,CONDUCTO ARTERIOSO PERMEABLE
Q251,6397,COARTACION DE LA AORTA
Q252,6398,ATRESIA DE LA AORTA
Q253,6399,ESTENOSIS DE LA AORTA
Q254,6400,OTRAS MALFORMACIONES CONGENITAS DE LA AORTA
Q255,6401,ATRESIA DE LA ARTERIA PULMONAR
Q256,6402,ESTENOSIS DE LA ARTERIA PULMONAR
Q257,6403,OTRAS MALFORMACIONES CONGENITAS DE LA ARTERIA PULMONAR
Q258,6404,OTRAS MALFORMACIONES CONGENITAS DE LAS GRANDES ARTERIAS
Q259,6405,"MALFORMACION CONGENITA DE LAS GRANDES ARTERIAS, NO ESPECIFICADA"
Q260,6406,ESTENOSIS CONGENITA DE LA VENA CAVA
Q261,6407,PERSISTENCIA DE LA VENA CAVA SUPERIOR IZQUIERDA
Q262,6408,CONEXIÓN ANOMALA TOTAL DE LAS VENAS PULMONARES
Q263,6409,CONEXIÓN ANOMALA PARCIAL DE LAS VENAS PULMONARES
Q264,6410,"CONEXIÓN ANOMALA DE LAS VENAS PULMONARES, SIN OTRA ESPECIFICACION"
Q265,6411,CONEXIÓN ANOMALA DE LA VENA PORTA
Q266,6412,FISTULA ARTERIA HEPATICA-VENA PORTA
Q268,6413,OTRAS MALFORMACIONES CONGENITAS DE LAS GRANDES VENAS
Q269,6414,"MALFORMACION CONGENITA DE LAS GRANDES VENAS, NO ESPECIFICADA"
Q270,6415,AUSENCIA DE HIPOPLASIA CONGENITA DE LA ARTERIA UMBILICAL
Q271,6416,ESTENOSIS CONGENITA DE LA ARTERIA RENAL
Q272,6417,OTRAS MALFORMACIONES CONGENITAS DE LA ARTERIA RENAL
Q273,6418,MALFORMACION ARTERIOVENOSA PERIFERICA
Q274,6419,FLEBECTASIA CONGENITA
Q278,6420,"OTRAS MALFORMACIONES CONGENITAS DEL SISTEMA VASCULAR PERIFERICO, ESPECIFICADAS"
Q279,6421,"MALFORMACION CONGENITA DEL SISTEMA VASCULAR PERIFERICO, NO ESPECIFICADA"
Q280,6422,MALFORMACION ARTERIOVENOSA DE LOS VASOS PRECEREBRALES
Q281,6423,OTRAS MALFORMACIONES DE LOS VASOS PRECEREBRALES
Q282,6424,MALFORMACION ARTERIOVENOSA DE LOS VASOS CEREBRALES
Q283,6425,OTRAS MALFORMACIONES DE LOS VASOS CEREBRALES
Q288,6426,"OTRAS MALFORMACIONES CONGENITAS DEL SISTEMA CIRCULATORIO, ESPECIFICADAS"
Q289,6427,MALFORMACION CONGENITA DEL SISTEMA CIRCULATORIO NO ESPECIFICADA
Q300,6428,ATRESIA DE LAS COANAS
Q301,6429,AGENESIA O HIPOPLASIA DE LA NARIZ
Q302,6430,"HENDIDURA, FISURA O MUESCA DE LA NARIZ"
Q303,6431,PERFORACION CONGENITA DEL TABIQUE NASAL
Q308,6432,OTRAS MALFORMACIONES CONGENITAS DE LA NARIZ
Q309,6433,"MALFORMACION CONGENITA DE LA NARIZ, NO ESPECIFICADA"
Q310,6434,PTERIGION DE LA LARINGE
Q311,6435,ESTENOSIS SUBGLOTICA CONGENITA
Q312,6436,HIPOPLASIA LARINGEA
Q313,6437,LARINGOCELE
Q315,6438,LARINGOMALACIA CONGENITA
Q318,6439,OTRAS MALFORMACIONES CONGENITAS DE LA LARINGE
Q319,6440,"MALFORMACION CONGENITA DE LA LARINGE, NO ESPECIFICADA"
Q320,6441,TRAQUEOMALACIA CONGENITA
Q321,6442,OTRAS MALFORMACIONES CONGENITAS DE LA TRAQUEA
Q322,6443,BRONCOMALACIA CONGENITA
Q323,6444,ESTENOSIS CONGENITA DE LOS BRONQUIOS
Q324,6445,OTRAS MALFORMACIONES CONGENITAS DE LOS BRONQUIOS
Q330,6446,QUISTE PULMONAR CONGENITO
Q331,6447,LOBULO PULMONAR SUPERNUMERARIO
Q332,6448,SECUESTRO DEL PULMON
Q333,6449,AGENESIA DEL PULMON
Q334,6450,BRONQUIECTASIA CONGENITA
Q335,6451,TEJIDO ECTOPICO EN EL PULMON
Q336,6452,HIPOPLASIA Y DISPLASIA PULMONAR
Q338,6453,OTRAS MALFORMACIONES CONGENITAS DEL PULMON
Q339,6454,"MALFORMACION CONGENITA DEL PULMON, NO ESPECIFICADA"
Q340,6455,ANOMALIA DE LA PLEURA
Q341,6456,QUISTE CONGENITO DEL MEDIASTINO
Q348,6457,OTRAS MALFORMACIONES CONGENITAS ESPECIFICADAS DEL SISTEMA RESPIRATORIO
Q349,6458,"MALFORMACION CONGENITA DEL SISTEMA RESPIRATORIO, NO ESPECIFICADA"
Q351,6459,FISURA DEL PALADAR DURO
Q353,6460,FISURA DEL PALADAR BLANDO
Q355,6461,FISURA DEL PALADAR DURO Y DEL PALADAR BLANDO
Q357,6462,FISURA DE LA UVULA
Q359,6463,"FISURA DEL PALADAR, SIN OTRA ESPECIFICACION"
Q360,6464,"LABIO LEPORINO, BILATERAL"
Q361,6465,"LABIO LEPORINO, LINEA MEDIA"
Q369,6466,"LABIO LEPORINO, UNILATERAL"
Q370,6467,FISURA DEL PALADAR DURO CON LABIO LEPORINO BILATERAL
Q371,6468,FISURA DEL PALADAR DURO CON LABIO LEPORINO UNILATERAL
Q372,6469,FISURA DEL PALADAR BLANDO CON LABIO LEPORINO BILATERAL
Q373,6470,FISURA DEL PALADAR BLANDO CON LABIO LEPORINO UNILATERAL
Q374,6471,FISURA DEL PALADAR DURO Y DEL PALADAR BLANDO CON LABIO LEPORINO BILATERAL
Q375,6472,FISURA DEL PALADAR DURO Y DEL PALADAR BLANDO CON LABIO LEPORINO UNILATERAL
Q378,6473,"FISURA DEL PALADAR CON LABIO LEPORINO BILATERAL, SIN OTRA ESPECIFICACION"
Q379,6474,"FISURA DEL PALADAR CON LABIO LEPORINO UNILATERAL, SIN OTRA ESPECIFICACION"
Q380,6475,"MALFORMACIONES CONGENITAS DE LOS LABIOS, NO CLASIFICADAS EN OTRA PARTE"
Q381,6476,ANQUILOGLOSIA
Q382,6477,MACROGLOSIA
Q383,6478,OTRAS MALFORMACIONES CONGENITAS DE LA LENGUA
Q384,6479,MALFORMACIONES CONGENITAS DE LAS GLANDULAS Y DE LOS CONDUCTOS SALIVALES
Q385,6480,"MALFORMACIONES CONGENITAS DEL PALADAR, NO CLASIFICADAS EN OTRA PARTE"
Q386,6481,OTRAS MALFORMACIONES CONGENITAS DE LA BOCA
Q387,6482,DIVERTICULO FARINGEO
Q388,6483,OTRAS MALFORMACIONES CONGENITAS DE LA LARINGE
Q390,6484,ATRESIA DEL ESOFAGO SIN MENCION DE FISTULA
Q391,6485,ATRESIA DEL ESOFAGO CON FISTULA TRAQUEOESOFAGICA
Q392,6486,FISTULA TRAQUEOESOFAGICA CONGENITA SIN MENCION DE ATRESIA
Q393,6487,ESTRECHEZ O ESTENOSIS CONGENITA DEL ESOFAGO
Q394,6488,PTERIGION DEL ESOFAGO
Q395,6489,DILATACION CONGENITA DEL ESOFAGO
Q396,6490,DIVERTICULO DEL ESOFAGO
Q398,6491,OTRAS MALFORMACIONES CONGENITAS DEL ESOFAGO
Q399,6492,"MALFORMACION CONGENITA DEL ESOFAGO, NO ESPECIFICADA"
Q400,6493,ESTENOSIS HIPERTROFICA CONGENITA DEL PILORO
Q401,6494,HERNIA HIATAL CONGENITA
Q402,6495,"OTRAS MALFORMACIONES CONGENITAS DEL ESTOMAGO, ESPECIFICADAS"
Q403,6496,"MALFORMACION CONGENITA DEL ESTOMAGO, NO ESPECIFICADA"
Q408,6497,OTRAS MALFORMACIONES CONGENITAS DE LA PARTE SUPERIOR DEL TUBO DIGESTIVO
Q409,6498,"MALFORMACION CONGENITA DE LA PARTE SUPERIOR DEL TUBO DIGESTIVO, NO ESPECIFICADA"
Q410,6499,"AUSENCIA, ATRESIA Y ESTENOSIS CONGENITA DEL DUODENO"
Q411,6500,"AUSENCIA, ATRESIA Y ESTENOSIS CONGENITA DEL YEYUNO"
Q412,6501,"AUSENCIA, ATRESIA Y ESTENOSIS CONGENITA DEL ILEON"
Q418,6502,"AUSENCIA, ATRESIA Y ESTENOSIS CONGENITA DE OTRAS PARTES ESPECIFICADAS DEL INTESTINO DELGADO"
Q419,6503,"AUSENCIA, ATRESIA Y ESTENOSIS CONGENITA DEL INTESTINO DELGADO, PARTE NO ESPECIFICADA"
Q420,6504,"AUSENCIA, ATRESIA Y ESTENOSIS CONGENITA DEL RECTO, CON FISTULA"
Q421,6505,"AUSENCIA, ATRESIA Y ESTENOSIS CONGENITA DEL RECTO, SIN FISTULA"
Q422,6506,"AUSENCIA, ATRESIA Y ESTENOSIS CONGENITA DEL ANO, CON FISTULA"
Q423,6507,"AUSENCIA, ATRESIA Y ESTENOSIS CONGENITA DEL ANO, SIN FISTULA"
Q428,6508,"AUSENCIA, ATRESIA Y ESTENOSIS CONGENITA DE OTRAS PARTES DEL INTESTINO GRUESO"
Q429,6509,"AUSENCIA, ATRESIA Y ESTENOSIS CONGENITA DEL INTESTINO GRUESO, PARTE NO ESPECIFICADA"
Q430,6510,DIVERTICULO DE MECKEL
Q431,6511,ENFERMEDAD DE HIRSCHSPRUNG
Q432,6512,OTROS TRASTORNOS FUNCIONALES CONGENITOS DEL COLON
Q433,6513,MALFORMACIONES CONGENITAS DE LA FIJACION DEL INTESTINO
Q434,6514,DUPLICACION DEL INTESTINO
Q435,6515,ANO ECTOPICO
Q436,6516,FISTULA CONGENITA DEL RECTO Y DEL ANO
Q437,6517,PERSISTENCIA DE LA CLOACA
Q438,6518,"OTRAS MALFORMACIONES CONGENITAS DEL INTESTINO, NO ESPECIFICADAS"
Q439,6519,"MALFORMACION CONGENITA DEL INTESTINO, NO ESPECIFICADA"
Q440,6520,"AGENESIA, APLASIA E HIPOPLASIA DE LA VESICULA BILIAR"
Q441,6521,OTRAS MALFORMACIONES CONGENITAS DE LA VESICULA BILIAR
Q442,6522,ATRESIA DE LOS CONDUCTOS BILIARES
Q443,6523,ESTRECHEZ Y ESTENOSIS CONGENITA DE LOS CONDUCTOS BILIARES
Q444,6524,QUISTE DEL COLEDOCO
Q445,6525,OTRAS MALFORMACIONES CONGENITAS DE LOS CONDUCTOS BILIARES
Q446,6526,ENFERMEDAD QUISTICA DEL HIGADO
Q447,6527,OTRAS MALFORMACIONES CONGENITAS DEL HIGADO
Q450,6528,"AGENESIA, APLASIA E HIPOPLASIA DEL PANCREAS"
Q451,6529,PANCREAS ANULAR
Q452,6530,QUISTE CONGENITO DEL PANCREAS
Q453,6531,OTRAS MALFORMACIONES CONGENITAS DEL PANCREAS Y DEL CONDUCTO PANCREATICO
Q458,6532,"OTRAS MALFORMACIONES CONGENITAS DEL SISTEMA DIGESTIVO, ESPECIFICADAS"
Q459,6533,"MALFORMACION CONGENITA DEL SISTEMA DIGESTIVO, NO ESPECIFICADA"
Q500,6534,AUSENCIA CONGENITA DEL OVARIO
Q501,6535,QUISTE EN DESARROLLO DEL OVARIO
Q502,6536,TORSION CONGENITA DEL OVARIO
Q503,6537,OTRAS MALFORMACIONES CONGENITAS DE LOS OVARIOS
Q504,6538,QUISTE EMBRIONARIO DE LA TROMPA DE FALOPIO
Q505,6539,QUISTE EMBRIONARIO DEL LIGAMENTO ANCHO
Q506,6540,OTRAS MALFORMACIONES CONGENITAS DE LA TROMPA DE FALOPIO Y DEL LIGAMENTO ANCHO
Q510,6541,AGENESIA Y APLASIA DEL UTERO
Q511,6542,DUPLICACION DEL UTERO CON DUPLICACION DEL CUELLO UTERINO Y DE LA VAGINA
Q512,6543,OTRA DUPLICACION DEL UTERO
Q513,6544,UTERO BICORNE
Q514,6545,UTERO UNICORNE
Q515,6546,AGENESIA Y APLASIA DEL CUELLO UTERINO
Q516,6547,QUISTE EMBRIONARIO DL CUELLO UTERINO
Q517,6548,FISTULA CONGENITA ENTRE EL UTERO Y EL TRACTO DIGESTIVO Y URINARIO
Q518,6549,OTRA MALFORMACIONES CONGENITAS DEL UTERO Y DEL CUELLO UTERINO
Q519,6550,"MALFORMACION CONGENITA DEL UTERO Y DEL CUELLO UTERINO, NO ESPECIFICADA"
Q520,6551,AUSENCIA CONGENITA DE LA VAGINA
Q521,6552,DUPLICACION DE LA VAGINA
Q522,6553,FISTULA RECTOVAGINAL CONGENITA
Q523,6554,HIMEN IMPERFORADO
Q524,6555,OTRAS MALFORMACIONES CONGENITAS DE LA VAGINA
Q525,6556,FUSION DE LABIOS DE LA VULVA
Q526,6557,MALFORMACION CONGENITA DEL CLITORIS
Q527,6558,OTRAS MALFORMACIONES CONGENITAS DE LA VULVA
Q528,6559,"OTRAS MALFORMACIONES CONGENITAS DE LOS ORGANOS GENITALES FEMENINOS, ESPECIFICADAS"
Q529,6560,"MALFORMACION CONGENITA DE LOS GENITALES FEMENINOS, NO ESPECIFICADA"
Q530,6561,ECTOPIA TESTICULAR
Q531,6562,"TESTICULO NO DESCENDIDO, UNILATERAL"
Q532,6563,"TESTICULO NO DESCENDIDO, BILATERAL"
Q539,6564,"TESTICULO NO DESCENDIDO, SIN OTRA ESPECIFICACION"
Q540,6565,HIPOSPADIAS DEL GLANDE
Q541,6566,HIPOSPADIAS PENEANA
Q542,6567,HIPOSPADIAS PENOSCROTAL
Q543,6568,HIPOSPADIAS PERINEAL
Q544,6569,ENCORDAMIENTO CONGENITO DEL PENE
Q548,6570,OTRAS HIPOSPADIAS
Q549,6571,"HIPOSPADIAS, NO ESPECIFICADA"
Q550,6572,AUSENCIA Y APLASIA DEL TESTICULO
Q551,6573,HIPOPLASIA DEL TESTICULO Y DEL ESCROTO
Q552,6574,OTRAS MALFORMACIONES CONGENITAS DE LOS TESTICULOS Y DEL ESCROTO
Q553,6575,ATRESIA DEL CONDUCTO DEFERENTE
Q554,6576,"OTRAS MALFORMACIONES CONGENITAS DE LOS CONDUCTOS DEFERENTES, DEL EPIDIDIMO, DE LAS VESICULAS SEMINALES Y DE LA PROSTATA"
Q555,6577,APLASIA Y AUSENCIA CONGENITA DEL PENE
Q556,6578,OTRAS MALFORMACIONES CONGENITAS DEL PENE
Q558,6579,"OTRAS MALFORMACIONES CONGENITAS DE LOS ORGANOS GENITALES MASCULINOS, ESPECIFICADAS"
Q559,6580,"MALFORMACION CONGENITA DE LOS ORGANOS GENITALES MASCULINOS, NO ESPECIFICADA"
Q560,6581,"HERMAFRODITISMO, NO CLASIFICADO EN OTRA PARTE"
Q561,6582,"SEUDOHERMAFRODITISMO MASCULINO, NO CLASIFICADO EN OTRA PARTE"
Q562,6583,"SEUDOHERMAFRODITISMO FEMENINO, NO CLASIFICADO EN OTRA PARTE"
Q563,6584,"SEUDOHERMAFRODITISMO, NO ESPECIFICADO"
Q564,6585,"SEXO INDETERMINADO, SIN OTRA ESPECIFICACION"
Q600,6586,"AGENESIA RENAL, UNILATERAL"
Q601,6587,"AGENESIA RENAL, BILATERAL"
Q602,6588,"AGENESIA RENAL, SIN OTRA ESPECIFICACIÓN"
Q603,6589,"HIPOPLASIA RENAL, UNILATERAL"
Q604,6590,"HIPOPLASIA RENAL, BILATERAL"
Q605,6591,"HIPOPLASIA RENAL, NO ESPECIFICADA"
Q606,6592,SINDROME DE POTTER
Q610,6593,QUISTE RENAL SOLITARIO CONGENITO
Q611,6594,"RIÑON POLIQUISTICO, AUTOSOMICO RECESIVO"
Q612,6595,"RIÑON POLIQUISTICO, AUTOSOMICO DOMINANTE"
Q613,6596,"RIÑON POLIQUISTICO, TIPO NO ESPECIFICADO"
Q614,6597,DISPLASIA RENAL
Q615,6598,RIÑON QUISTICO MEDULAR
Q618,6599,OTRAS ENFERMEDADES RENALES QUISTICAS
Q619,6600,"ENFERMEDAD QUISTICA DEL RIÑON, NO ESPECIFICADA"
Q620,6601,HIDRONEFROSIS CONGENITA
Q621,6602,ATRESIA Y ESTENOSIS DEL URETER
Q622,6603,MEGALOURETER CONGENITO
Q623,6604,OTROS DEFECTOS OBSTRUCTIVOS DE LA PELVIS RENAL Y DEL URETER
Q624,6605,AGENESIA DEL URETER
Q625,6606,DUPLICACION DEL URETER
Q626,6607,MALA POSICION DEL URETER
Q627,6608,REFLUJO VESICO-URETERO-RENAL CONGENITO
Q628,6609,OTRAS MALFORMACIONES CONGENITAS DEL URETER
Q630,6610,RIÑON SUPERNUMERARIO
Q631,6611,"RIÑON LOBULADO, FUSIONADO Y EN HERRADURA"
Q632,6612,RIÑON ECTOPICO
Q633,6613,HIPERPLASIA RENAL Y RIÑON GIGANTE
Q638,6614,"OTRAS MALFORMACIONES CONGENITAS DEL RIÑON, ESPECIFICADAS"
Q639,6615,"MALFORMACION CONGENITA DEL RIÑON, NO ESPECIFICADA"
Q640,6616,EPISPADIAS
Q641,6617,EXTROFIA DE LA VEJIGA URINARIA
Q642,6618,VALVULAS URETRALES POSTERIORES CONGENITAS
Q643,6619,OTRAS ATRESIAS Y ESTENOSIS DE LA URETRA Y DEL CUELLO DE LA VEJIGA
Q644,6620,MALFORMACION DEL URACO
Q645,6621,AUSENCIA CONGENITA DE LA VEJIGA Y DE LA URETRA
Q646,6622,DIVERTICULO CONGENITO DE LA VEJIGA
Q647,6623,OTRAS MALFORMACIONES CONGENITAS DE LA VEJIGA Y DE LA URETRA
Q648,6624,"OTRAS MALFORMACIONES CONGENITAS DEL APARATO URINARIO, ESPECIFICADAS"
Q649,6625,"MALFORMACION CONGENITA DEL APARATO URINARIO, NO ESPECIFICADA"
Q650,6626,"LUXACION CONGENITA DE LA CADERA, UNILATERAL"
Q651,6627,"LUXACION CONGENITA DE LA CADERA, BILATERAL"
Q652,6628,"LUXACION CONGENITA DE LA CADERA, NO ESPECIFICADA"
Q653,6629,"SUBLUXACION CONGENITA DE LA CADERA, UNILATERAL"
Q654,6630,"SUBLUXACION CONGENITA DE LA CADERA, BILATERAL"
Q655,6631,"SUBLUXACION CONGENITA DE LA CADERA, NO ESPECIFICADA"
Q656,6632,CADERA INESTABLE
Q658,6633,OTRAS DEFORMIDADES CONGENITAS DE LA CADERA
Q659,6634,"DEFORMIDAD CONGENITA DE LA CADERA, NO ESPECIFICADA"
Q660,6635,TALIPES EQUINOVARUS
Q661,6636,TALIPES CALCANEOVARUS
Q662,6637,METATARSUS VARUS
Q663,6638,OTRAS DEFORMIDADES VARUS CONGENITAS DE LOS PIES
Q664,6639,TALIPES CALCANEOVALGUS
Q665,6640,PIE PLANO CONGENITO
Q666,6641,OTRAS DEFORMIDADES VALGUS CONGENITAS DE LOS PIES
Q667,6642,PIE CAVUS
Q668,6643,OTRAS DEFORMIDADES CONGENITAS DE LOS PIES
Q669,6644,"DEFORMIDAD CONGENITA DE LOS PIES, NO ESPECIFICADA"
Q670,6645,ASIMETRIA FACIAL
Q671,6646,FACIES COMPRIMIDA
Q672,6647,DOLICOCEFALIA
Q673,6648,PLAGIOCEFALIA
Q674,6649,"OTRAS DEFORMIDADES CONGENITAS DEL CRANEO, DE LA CARA Y DE LA MANDIBULA"
Q675,6650,DEFORMIDAD CONGENITA DE LA COLUMNA VERTEBRAL
Q676,6651,TORAX EXCAVADO
Q677,6652,TORAX EN QUILLA
Q678,6653,OTRAS DEFORMIDADES CONGENITAS DEL TORAX
Q680,6654,DEFORMIDAD CONGENITA DEL MUSCULO ESTERNOCLEIDOMASTOIDEO
Q681,6655,DEFORMIDAD CONGENITA DE LA MANO
Q682,6656,DEFORMIDAD CONGENITA DE LA RODILLA
Q683,6657,CURVATURA CONGENITA DEL FEMUR
Q684,6658,CURVATURA CONGENITA DE LA TIBIA Y EL PERONE
Q685,6659,"CURVATURA CONGENITA DE HUESO(S) LARGO(S) DEL MIEMBRO INFERIOR, SIN OTRA ESPECIFICACION"
Q688,6660,"OTRAS DEFORMIDADES CONGENITAS OSTEOMUSCULARES, ESPECIFICADAS"
Q690,6661,DEDO(S) SUPERNUMERARIO(S) DE LA MANO
Q691,6662,PULGAR(ES) SUPERNUMERARIO(S)
Q692,6663,DEDO(S) SUPERNUMERARIO(S) DEL PIE
Q699,6664,"POLIDACTILIA, NO ESPECIFICADA"
Q700,6665,FUSION DE LOS DEDOS DE LA MANO
Q701,6666,MEMBRANA INTERDIGITAL DE LA MANO
Q702,6667,FUSION DE LOS DEDOS DEL PIE
Q703,6668,MEMBRANA INTERDIGITAL DEL PIE
Q704,6669,POLISINDACTILIA
Q709,6670,"SINDACTILIA, NO ESPECIFICADA"
Q710,6671,AUSENCIA CONGENITA COMPLETA DEL (DE LOS) MIEMBRO(S) SUPERIOR(ES)
Q711,6672,AUSENCIA CONGENITA DEL BRAZO Y DEL ANTEBRAZO CON PRESENCIA DE LA MANO
Q712,6673,AUSENCIA CONGENITA DEL ANTEBRAZO Y DE LA MANO
Q713,6674,AUSENCIA CONGENITA DE LA MANO Y EL (LOS) DEDO(S)
Q714,6675,DEFECTO POR REDUCCION LONGITUDINAL DEL RADIO
Q715,6676,DEFECTO POR REDUCCION LONGITUDINAL DEL CUBITO
Q716,6677,MANO EN PINZA DE LANGOSTA
Q718,6678,OTROS DEFECTOS POR REDUCCION DEL (DE LOS) MIEMBRO(S) SUPERIOR(ES)
Q719,6679,"DEFECTO POR REDUCCION DEL MIEMBRO SUPERIOR, NO ESPECIFICADO"
Q720,6680,AUSENCIA CONGENITA COMPLETA DEL (DE LOS) MIEMBRO(S) INFERIOR(ES)
Q721,6681,AUSENCIA CONGENITA DEL MUSLO Y DE LA PIERNA CON PRESENCIA DEL PIE
Q722,6682,AUSENCIA CONGENITA DE LA PIERNA Y DEL PIE
Q723,6683,AUSENCIA CONGENITA DEL PIE Y DEDO(S) DEL PIE
Q724,6684,DEFECTO POR REDUCCION LONGITUDINAL DEL FEMUR
Q725,6685,DEFECTO POR REDUCCION LONGITUDINAL DE LA TIBIA
Q726,6686,DEFECTO POR REDUCCION LONGITUDINAL DEL PERONE
Q727,6687,PIE HENDIDO
Q728,6688,OTROS DEFECTOS POR REDUCCION DEL (DE LOS) MIEMBRO(S) INFERIOR(ES)
Q729,6689,"DEFECTO POR REDUCCION DEL MIEMBRO INFERIOR, NO ESPECIFICADO"
Q730,6690,AUSENCIA COMPLETA DE MIEMBRO(S) NO ESPECIFICADO(S)
Q731,6691,"FOCOMELIA, MIEMBRO(S) NO ESPECIFICADO(S)"
Q738,6692,OTROS DEFECTOS POR REDUCCION DE MIEMBRO(S) NO ESPECIFICADO(S)
Q740,6693,"OTRAS MALFORMACIONES CONGENITAS DE (DE LOS) MIEMBRO(S) SUPERIOR(ES), INCLUIDA LA CINTURA ESCAPULAR"
Q741,6694,MALFORMACION CONGENITA DE LA RODILLA
Q742,6695,"OTRAS MALFORMACIONES CONGENITAS DEL (DE LOS) MIEMBRO(S) INFERIOR(ES), INCLUIDA LA CINTURA PELVIANA"
Q743,6696,ARTROGRIPOSIS MULTIPLE CONGENITA
Q748,6697,OTRAS MALFORMACIONES CONGENITAS ESPECIFICADAS DEL (DE LOS) MIEMBRO(S)
Q749,6698,"MALFORMACION CONGENITA DE MIEMBRO(S), NO ESPECIFICADA"
Q750,6699,CRANEOSINOSTOSIS
Q751,6700,DISOSTOSIS CRANEOFACIAL
Q752,6701,HIPERTELORISMO
Q753,6702,MACROCEFALIA
Q754,6703,DISOSTOSIS MAXILOFACIAL
Q755,6704,DISOSTOSIS OCULOMAXILAR
Q758,6705,OTRAS MALFORMACIONES CONGENITAS ESPECIFICADAS DE LOS HUESOS DEL CRANEO Y DE LA CARA
Q759,6706,MALFORMACION CONGENITA NO ESPECIFICADA DE LOS HUESOS DEL CRANEO Y DE LA CARA
Q760,6707,ESPINA BIFIDA OCULTA
Q761,6708,SINDROME DE KLIPPEL-FEIL
Q762,6709,ESPONDILOLISTESIS CONGENITA
Q763,6710,ESCOLIOSIS CONGENITA DEBIDA A MALFORMACION CONGENITA OSEA
Q764,6711,"OTRA MALFORMACION CONGENITA DE LA COLUMNA VERTEBRAL, NO ASOCIADA CON ESCOLIOSIS"
Q765,6712,COSTILLA CERVICAL
Q766,6713,OTRAS MALFORMACIONES CONGENITAS DE LAS COSTILLAS
Q767,6714,MALFORMACION CONGENITA DEL ESTERNON
Q768,6715,OTRAS MALFORMACIONES CONGENITAS DEL TORAX OSEO
Q769,6716,"MALFORMACION CONGENITA DEL TORAX OSEO, NO ESPECIFICADA"
Q770,6717,ACONDROGENESIS
Q771,6718,ENANISMO TANATOFORICO
Q772,6719,SINDROME DE COSTILLA CORTA
Q773,6720,CONDRODISPLASIA PUNCTATA
Q774,6721,ACONDROPLASIA
Q775,6722,DISPLASIA DISTROFICA
Q776,6723,DISPLASIA CONDROECTODERMICA
Q777,6724,DISPLASIA ESPONDILOEPIFISARIA
Q778,6725,OTRAS OSTEOCONDRODISPLASIAS CON DEFECTOS DEL CRECIMIENTO DE LOS HUESOS LARGOS Y DE LA COLUMNA VERTEBRAL
Q779,6726,"OSTEOCONDRODISPLASIA CON DEFECTOS DEL CRECIMIENTO DE LOS HUESOS LARGOS Y DE LA COLUMNA VERTEBRAL, SIN OTRA ESPECIFICACION"
Q780,6727,OSTEOGENESIS IMPERFECTA
Q781,6728,DISPLASIA POLIOSTOTICA FIBROSA
Q782,6729,OSTEOPETROSIS
Q783,6730,DISPLASIA DIAFISARIA PROGRESIVA
Q784,6731,ENCONDROMATOSIS
Q785,6732,DISPLASIA METAFISARIA
Q786,6733,EXOSTOSIS CONGENITA MULTIPLE
Q788,6734,OTRAS OSTEOCONDRODISPLASIAS ESPECIFICADAS
Q789,6735,"OSTEOCONDRODISPLASIA, NO ESPECIFICADA"
Q790,6736,HERNIA DIAFRAGMATICA CONGENITA
Q791,6737,OTRAS MALFORMACIONES CONGENITAS DEL DIAFRAGMA
Q792,6738,EXONFALOS
Q793,6739,GASTROSQUISIS
Q794,6740,SINDROME DEL ABDOMEN EN CIRUELA PASA
Q795,6741,OTRAS MALFORMACIONES CONGENITAS DE LA PARED ABDOMINAL
Q796,6742,SINDROME DE EHLERS-DANLOS
Q798,6743,OTRAS MALFORMACIONES CONGENITAS DEL SISTEMA OSTEOMUSCULAR
Q799,6744,"MALFORMACION CONGENITA DEL SISTEMA OSTEOMUSCULAR, NO ESPECIFICADA"
Q800,6745,ICTIOSIS VULGAR
Q801,6746,ICTIOSIS LIGADA AL CROMOSOMA X
Q802,6747,ICTIOSIS LAMELAR
Q803,6748,ERITRODERMIA ICTIOSIFORME VESICULAR CONGENITA
Q804,6749,FETO ARLEQUÍN
Q808,6750,OTRAS ICTIOSIS CONGENITAS
Q809,6751,"ICTIOSIS CONGENITA, NO ESPECIFICADA"
Q810,6752,EPIDERMOLISIS BULLOSA SIMPLE
Q811,6753,EPIDERMOLISIS BULLOSA LETAL
Q812,6754,EPIDERMOLISIS BULLOSA DISTROFICA
Q818,6755,OTRAS EPIDERMOLISIS BULLOSAS
Q819,6756,"EPIDERMOLISIS BULLOSA, NO ESPECIFICADA"
Q820,6757,LINFEDEMA HEREDITARIO
Q821,6758,XERODERMA PIGMENTOSO
Q822,6759,MASTOCITOSIS
Q823,6760,INCONTINENCIA PIGMENTARIA
Q824,6761,DISPLASIA ECTODERMICA (ANHIDROTICA)
Q825,6762,"NEVO NO NEOPLASICO, CONGENITO"
Q828,6763,"OTRAS MALFORMACIONES CONGENITAS DE LA PIEL, ESPECIFICADAS"
Q829,6764,"MALFORMACION CONGENITA DE LA PIEL, NO ESPECIFICADA"
Q830,6765,AUSENCIA CONGENITA DE LA MAMA CON AUSENCIA DEL PEZON
Q831,6766,MAMA SUPERNUMERARIA
Q832,6767,AUSENCIA DEL PEZON
Q833,6768,PEZON SUPERNUMERARIO
Q838,6769,OTRAS MALFORMACIONES CONGENITAS DE LA MAMA
Q839,6770,"MALFORMACION CONGENITA DE LA MAMA, NO ESPECIFICADA"
Q840,6771,ALOPECIA CONGENITA
Q841,6772,"ALTERACIONES MORFOLOGICAS CONGENITAS DEL PELO, NO CLASIFICADAS EN OTRA PARTE"
Q842,6773,OTRAS MALFORMACIONES CONGENITAS DEL PELO
Q843,6774,ANONIQUIA
Q844,6775,LEUCONIQUIA CONGENITA
Q845,6776,AGRANDAMIENTO E HIPERTROFIA DE LAS UÑAS
Q846,6777,OTRAS MALFORMACIONES CONGENITAS DE LAS UÑAS
Q848,6778,"OTRAS MALFORMACIONES CONGENITAS DE LAS FANERAS, ESPECIFICADAS"
Q849,6779,"MALFORMACION CONGENITA DE LAS FANERAS, NO ESPECIFICADA"
Q850,6780,NEUROFIBROMATOSIS (NO MALIGNA)
Q851,6781,ESCLEROSIS TUBEROSA
Q858,6782,"OTRAS FACOMATOSIS, NO CLASIFICADAS EN OTRA PARTE"
Q859,6783,"FACOMATOSIS, NO ESPECIFICADA"
Q860,6784,SINDROME FETAL (DISMORFICO) DEBIDO AL ALCOHOL
Q861,6785,SINDROME DE HIDANTOINA FETAL
Q862,6786,DISMORFISMO DEBIDO A WARFARINA
Q868,6787,OTROS SINDROMES DE MALFORMACIONES CONGENITAS DEBIDOS A CAUSAS EXOGENAS CONOCIDAS
Q870,6788,SINDROMES DE MALFORMACIONES CONGENITAS QUE AFECTAN PRINCIPALMENTE LA APARIENCIA FACIAL
Q871,6789,SINDROMES DE MALFORMACIONES CONGENITAS ASOCIADAS PRINCIPALMENTE CON ESTATURA BAJA
Q872,6790,SINDROMES DE MALFORMACIONES CONGENITAS QUE AFECTAN PRINCIPALMENTE LOS MIEMBROS
Q873,6791,SINDROMES DE MALFORMACIONES CONGENITAS CON EXCESO DE CRECIMIENTO PRECOZ
Q874,6792,SINDROME DE MARFAN
Q875,6793,OTROS SINDROMES DE MALFORMACIONES CONGENITAS CON OTROS CAMBIOS ESQUELETICOS
Q878,6794,"OTROS SINDROMES DE MALFORMACIONES CONGENITAS ESPECIFICADOS, NO CLASIFICADOS EN OTRA PARTE"
Q890,6795,MALFORMACIONES CONGENITAS DEL BAZO
Q891,6796,MALFORMACIONES CONGENITAS DE LA GLANDULA SUPRARRENAL
Q892,6797,MALFORMACIONES CONGENITAS OTRAS GLANDULAS ENDOCRINAS
Q893,6798,SITUS INVERSUS
Q894,6799,GEMELOS SIAMESES
Q897,6800,"MALFORMACIONES CONGENITAS MULTIPLES, NO CLASIFICADAS EN OTRA PARTE"
Q898,6801,"OTRAS MALFORMACIONES CONGENITAS, ESPECIFICADAS"
Q899,6802,"MALFORMACION CONGENITA, NO ESPECIFICADA"
Q900,6803,"TRISOMIA 21, POR FALTA DE DISYUNCION MEIOTICA"
Q901,6804,"TRISOMIA 21, MOSAICO (POR FALTA DE DISYUNCION MITOTICA)"
Q902,6805,"TRISOMIA 21, POR TRANSLOCACION"
Q909,6806,"SINDROME DE DOWN, NO ESPECIFICADO"
Q910,6807,"TRISOMIA 18, POR FALTA DE DISYUNCION MEIOTICA"
Q911,6808,"TRISOMIA 18, MOSAICO (POR FALTA DE DISYUNCION MITOTICA)"
Q912,6809,"TRISOMIA 18, POR TRANSLOCACION"
Q913,6810,"SINDROME DE EDWARDS, NO ESPECIFICADO"
Q914,6811,"TRISOMIA 13, POR FALTA DE DISYUNCION MEIOTICA"
Q915,6812,"TRISOMIA 13, MOSAICO (POR FALTA DE DISYUNCION MITOTICA)"
Q916,6813,"TRISOMIA 13, POR TRANSLOCACION"
Q917,6814,"SINDROME DE PATAU, NO ESPECIFICADO"
Q920,6815,"TRISOMIA DE UN CROMOSOMA COMPLETO, POR FALTA DE DISYUNCION MEIOTICA"
Q921,6816,"TRISOMIA DE UN CROMOSOMA COMPLETO, MOSAICO (POR FALTA DE DISYUNCION MITOTICA)"
Q922,6817,TRISOMIA PARCIAL MAYOR
Q923,6818,TRISOMIA PARCIAL MENOR
Q924,6819,DUPLICACIONES VISIBLES SOLO EN LA PROMETAFASE
Q925,6820,DUPLICACIONES CON OTROS REORDENAMIENTOS COMPLEJOS
Q926,6821,CROMOSOMAS MARCADORES SUPLEMENTARIOS
Q927,6822,TRIPLOIDIA Y POLIPLOIDIA
Q928,6823,"OTRAS TRISOMIAS Y TRISOMIAS PARCIALES DE LOS AUTOSOMAS, ESPECIFICADAS"
Q929,6824,"TRISOMIA Y TRISOMIA PARCIAL DE LOS AUTOSOMAS, SIN OTRA ESPECIFICACION"
Q930,6825,"MONOSOMIA COMPLETA DE UN CROMOSOMA, POR FALTA DE DISYUNCION MEIOTICA"
Q931,6826,"MONOSOMIA COMPLETA DE UN CROMOSOMA, MOSAICO (POR FALTA DE DISYUNCION MITOTICA)"
Q932,6827,CROMOSOMA REEMPLAZADO POR ANILLO O DICENTRICO
Q933,6828,SUPRESION DEL BRAZO CORTO DEL CROMOSOMA 4
Q934,6829,SUPRESION DEL BRAZO CORTO DEL CROMOSOMA 5
Q935,6830,OTRAS SUPRESIONES DE PARTE DE UN CROMOSOMA
Q936,6831,SUPRESIONES VISIBLES SOLO EN LA PROMETAFASE
Q937,6832,SUPRESIONES CON OTROS REORDENAMIENTOS COMPLEJOS
Q938,6833,OTRAS SUPRESIONES DE LOS AUTOSOMAS
Q939,6834,"SUPRESION DE LOS AUTOSOMAS, NO ESPECIFICADA"
Q950,6835,TRANSLOCACION EQUILIBRADA E INSERCION EN INDIVIDUO NORMAL
Q951,6836,INVERSION CROMOSOMICA EN INDIVIDUO NORMAL
Q952,6837,REORDENAMIENTO AUTOSOMICO EQUILIBRADO EN INDIVIDUO ANORMAL
Q953,6838,REORDENAMIENTO AUTOSOMICO/SEXUAL EQUILIBRADO EN INDIVIDUO ANORMAL
Q954,6839,INDIVIDUOS CON HETEROCROMATINA MARCADORA
Q955,6840,INDIVIDUOS CON SITIO FRAGIL AUTOSOMICO
Q958,6841,OTROS REORDENAMIENTOS EQUILIBRADOS Y MARCADORES ESTRUCTURALES
Q959,6842,"REORDENAMIENTO EQUILIBRADO Y MARCADOR ESTRUCTURAL, SIN OTRA ESPECIFICACION"
Q960,6843,"CARIOTIPO 45,X"
Q961,6844,"CARIOTIPO 46,X ISO (XQ)"
Q962,6845,"CARIOTIPO 46,X CON CROMOSOMA SEXUAL ANORMAL EXCEPTO ISO (XQ)"
Q963,6846,"MOSAICO 45,X/46,XX O XY"
Q964,6847,"MOSAICO 45,X/OTRA(S) LINEA(S) CELULAR(ES) CON CROMOSOMA SEXUAL ANORMAL"
Q968,6848,OTRAS VARIANTES DEL SINDROME DE TURNER
Q969,6849,"SINDROME DE TURNER, NO ESPECIFICADO"
Q970,6850,"CARIOTIPO 47,XXX"
Q971,6851,MUJER CON MAS DE TRES CROMOSOMAS X
Q972,6852,"MOSAICO, LINEAS CON NUMERO VARIABLE DE CROMOSOMAS X"
Q973,6853,"MUJER CON CARIOTIPO 46,XY"
Q978,6854,"OTRAS ANOMALIAS DE LOS CROMOSOMAS SEXUALES, CON FENOTIPO FEMENINO, ESPECIFICADAS"
Q979,6855,"ANOMALIA DE LOS CROMOSOMAS SEXUALES, CON FENOTIPO FEMENINO, SIN OTRA ESPECIFICACION"
Q980,6856,"SINDROME DE KLINEFELTER, CARIOTIPO 47,XXY"
Q981,6857,"SINDROME DE KLINEFELTER, HOMBRE CON MAS DE DOS CROMOSOMAS X"
Q982,6858,"SINDROME DE KLINEFELTER, HOMBRE CON CARIOTIPO 46,XX"
Q983,6859,"OTRO HOMBRE CON CARIOTIPO 46,XX"
Q984,6860,"SINDROME DE KLINEFELTER, NO ESPECIFICADO"
Q985,6861,"CARIOTIPO 47,XYY"
Q986,6862,HOMBRE CON CROMOSOMA SEXUAL ESTRUCTURALMENTE ANORMAL
Q987,6863,HOMBRE CON MOSAICO DE CROMOSOMAS SEXUALES
Q988,6864,"OTRAS ANOMALIAS DE LOS CROMOSOMAS SEXUALES, CON FENOTIPO MASCULINO, ESPECIFICADAS"
Q989,6865,"ANOMALIA DE LOS CROMOSOMAS SEXUALES, FENOTIPO MASCULINO, SIN OTRA ESPECIFICACION"
Q990,6866,"QUIMERA 46,XX/46,XY"
Q991,6867,"HERMAFRODITA VERDADERO 46,XX"
Q992,6868,CROMOSOMA X FRAGIL
Q998,6869,OTRAS ANOMALIAS DE LOS CROMOSOMAS. ESPECIFICADAS
Q999,6870,"ANOMALIA CROMOSOMICA, NO ESPECIFICADA"
R000,6871,"TAQUICARDIA, NO ESPECIFICADA"
R001,6872,"BRADICARDIA, NO ESPECIFICADA"
R002,6873,PALPITACIONES
R008,6874,OTRAS ANORMALIDADES DEL LATIDO CARDIACO Y LAS NO ESPECIFICADAS
R010,6875,SOPLOS CARDIACOS BENIGNOS O INOCENTES
R011,6876,"SOPLO CARDIACO, NO ESPECIFICADO"
R012,6877,OTROS SONIDOS CARDIACOS
R02,6878,"GANGRENA, NO CLASIFICADA EN OTRA PARTE"
R030,6879,"LECTURA ELEVADA DE LA PRESION SANGUINEA, SIN DIAGNOSTICO DE HIPERTENSION"
R031,6880,LECTURA DE PRESION BAJA NO ESPECIFICA
R040,6881,EPISTAXIS
R041,6882,HEMORRAGIA DE LA GARGANTA
R042,6883,HEMOPTISIS
R048,6884,HEMORRAGIA DE OTROS SITIOS DE LAS VIAS RESPIRATORIAS
R049,6885,"HEMORRAGIA DE LAS VIAS RESPIRATORIAS, NO ESPECIFICADA"
R05,6886,TOS
R060,6887,DISNEA
R061,6888,ESTRIDOR
R062,6889,SILBIDO
R063,6890,RESPIRACION PERIODICA
R064,6891,HIPERVENTILACION
R065,6892,RESPIRACION CON LA BOCA
R066,6893,HIPO
R067,6894,ESTORNUDO
R068,6895,OTRAS ANORMALIDADES DE LA RESPIRACION Y LAS NO ESPECIFICADAS
R070,6896,DOLOR DE GARGANTA
R071,6897,DOLOR EN EL PECHO AL RESPIRAR
R072,6898,DOLOR PRECORDIAL
R073,6899,OTROS DOLORES EN EL PECHO
R074,6900,"DOLOR EN EL PECHO, NO ESPECIFICADO"
R090,6901,ASFIXIA
R091,6902,PLEURESIA
R092,6903,PARO RESPIRATORIO
R093,6904,ESPUTO ANORMAL
R098,6905,OTROS SINTOMAS Y SIGNOS ESPECIFICADOS QUE INVOLUCRAN LOS SISTEMAS CIRCULATORIO Y RESPIRATORIO
R100,6906,ABDOMEN AGUDO
R101,6907,DOLOR ABDOMINAL LOCALIZADO EN PARTE SUPERIOR
R102,6908,DOLOR PELVICO Y PERINEAL
R103,6909,DOLOR LOCALIZADO EN OTRAS PARTES INFERIORES DEL ABDOMEN
R104,6910,OTROS DOLORES ABDOMINALES Y LOS NO ESPECIFICADOS
R11,6911,NAUSEA Y VOMITO
R12,6912,ACIDEZ
R13,6913,DISFAGIA
R14,6914,FLATULENCIA Y AFECCIONES AFINES
R15,6915,INCONTINENCIA FECAL
R160,6916,"HEPATOMEGALIA, NO CLASIFICADA EN OTRA PARTE"
R161,6917,"ESPLENOMEGALIA, NO CLASIFICADA EN OTRA PARTE"
R162,6918,"HEPATOMEGALIA CON ESPLENOMEGALIA, NO CLASIFICADAS EN OTRA PARTE"
R17,6919,ICTERICIA NO ESPECIFICADA
R18,6920,ASCITIS
R190,6921,"TUMEFACCION, MASA O PROMINENCIA INTRAABDOMINAL Y PELVICA"
R191,6922,SONIDOS INTESTINALES ANORMALES
R192,6923,PERISTALSIS VISIBLE
R193,6924,RIGIDEZ ABDOMINAL
R194,6925,CAMBIOS EN LOS HABITOS INTESTINALES
R195,6926,OTRAS ANORMALIDADES FECALES
R196,6927,HALITOSIS
R198,6928,OTROS SINTOMAS Y SIGNOS ESPECIFICADOS QUE INVOLUCRAN EL SISTEMA DIGESTIVO Y EL ABDOMEN
R200,6929,ANESTESIA DE LA PIEL
R201,6930,HIPOESTESIA DE LA PIEL
R202,6931,PARESTESIA DE LA PIEL
R203,6932,HIPERESTESIA
R208,6933,OTRAS ALTERACIONES DE LA SENSIBILIDAD CUTANEA Y LAS NO ESPECIFICADAS
R21,6934,SALPULLIDO Y OTRAS ERUPCIONES CUTANEAS NO ESPECIFICADAS
R220,6935,"TUMEFACCION, MASA O PROMINENCIA LOCALIZADA EN LA CABEZA"
R221,6936,"TUMEFACCION, MASA O PROMINENCIA LOCALIZADA EN EL CUELLO"
R222,6937,"TUMEFACCION, MASA O PROMINENCIA LOCALIZADA EN EL TRONCO"
R223,6938,"TUMEFACCION, MASA O PROMINENCIA LOCALIZADA EN EL MIEMBRO SUPERIOR"
R224,6939,"TUMEFACCION, MASA O PROMINENCIA LOCALIZADA EN EL MIEMBRO INFERIOR"
R227,6940,"TUMEFACCION, MASA O PROMINENCIA LOCALIZADA EN SITIOS MULTIPLES"
R229,6941,"TUMEFACCION, MASA O PROMINENCIA LOCALIZADA EN PARTE NO ESPECIFICADA"
R230,6942,CIANOSIS
R231,6943,PALIDEZ
R232,6944,RUBOR
R233,6945,EQUIMOSIS ESPONTANEA
R234,6946,CAMBIOS EN LA TEXTURA DE LA PIEL
R238,6947,OTROS CAMBIOS DE LA PIEL Y LOS NO ESPECIFICADOS
R250,6948,MOVIMIENTOS ANORMALES DE LA CABEZA
R251,6949,TEMBLOR NO ESPECIFICADO
R252,6950,CALAMBRES Y ESPASMOS
R253,6951,FASCICULACION
R258,6952,OTROS MOVIMIENTOS ANORMALES INVOLUNTARIOS Y LOS NO ESPECIFICADOS
R260,6953,MARCHA ATAXICA
R261,6954,MARCHA PARALITICA
R262,6955,"DIFICULTAD PARA CAMINAR, NO CLASIFICADA EN OTRA PARTE"
R268,6956,OTRAS ANORMALIDADES DE LA MARCHA Y DE LA MOVILIDAD Y LAS NO ESPECIFICADAS
R270,6957,"ATAXIA, NO ESPECIFICADA"
R278,6958,OTRAS FALLAS DE LA COORDINACION Y LAS NO ESPECIFICADAS
R290,6959,TETANIA
R291,6960,MENINGISMO
R292,6961,REFLEJOS ANORMALES
R293,6962,POSTURA ANORMAL
R294,6963,CHASQUIDO DE LA CADERA
R298,6964,OTROS SINTOMAS Y SIGNOS QUE INVOLUCRAN LOS SISTEMAS NERVIOSO Y OSTEOMUSCULAR Y LOS NO ESPECIFICADOS
R300,6965,DISURIA
R301,6966,TENESMO VESICAL
R309,6967,"MICCION DOLOROSA, NO ESPECIFICADA"
R31,6968,"HEMATURIA, NO ESPECIFICADA"
R32,6969,"INCONTINENCIA URINARIA, NO ESPECIFICADA"
R33,6970,RETENCION DE ORINA
R34,6971,ANURIA Y OLIGURIA
R35,6972,POLIURIA
R36,6973,DESCARGA URETRAL
R390,6974,EXTRAVASACION DE LA ORINA
R391,6975,OTRAS DIFICULTADES DE LA MICCION
R392,6976,UREMIA EXTRARRENAL
R398,6977,OTROS SINTOMAS Y SIGNOS QUE INVOLUCRAN EL SISTEMA URINARIO Y LOS NO ESPECIFICADOS
R400,6978,SOMNOLENCIA
R401,6979,ESTUPOR
R402,6980,"COMA, NO ESPECIFICADO"
R410,6981,DESORIENTACION NO ESPECIFICADA
R411,6982,AMNESIA ANTEROGRADA
R412,6983,AMNESIA RETROGRADA
R413,6984,OTRA AMNESIA
R418,6985,OTROS SINTOMAS Y SIGNOS QUE INVOLUCRAN LA FUNCION COGNOSCITIVA Y LA CONCIENCIA Y LOS NO ESPECIFICADOS
R42,6986,MAREO Y DESVANECIMIENTO
R430,6987,ANOSMIA
R431,6988,PAROSMIA
R432,6989,PARAGEUSIA
R438,6990,OTRAS ALTERACIONES DEL GUSTO Y DEL OLFATO Y LAS NO ESPECIFICADAS
R440,6991,ALUCINACIONES AUDITIVAS
R441,6992,ALUCINACIONES VISUALES
R442,6993,OTRAS ALUCINACIONES
R443,6994,"ALUCINACIONES, NO ESPECIFICADAS"
R448,6995,OTROS SINTOMAS Y SIGNOS QUE INVOLUCRAN LAS SENSACIONES Y PERCEPCIONES GENERALES Y LOS NO ESPECIFICADOS
R450,6996,NERVIOSISMO
R451,6997,INQUIETUD Y AGITACION
R452,6998,INFELICIDAD
R453,6999,DESMORALIZACION Y APATIA
R454,7000,IRRITABILIDAD Y ENOJO
R455,7001,HOSTILIDAD
R456,7002,VIOLENCIA FISICA
R457,7003,"TENSION Y ESTADO DE CHOQUE EMOCIONAL, NO ESPECIFICADO"
R458,7004,OTROS SINTOMAS Y SIGNOS QUE INVOLUCRAN EL ESTADO EMOCIONAL
R460,7005,MUY BAJO NIVEL DE HIGIENE PERSONAL
R461,7006,APARIENCIA PERSONAL EXTRAÑA
R462,7007,CONDUCTA EXTRAÑA E INEXPLICABLE
R463,7008,HIPERACTIVIDAD
R464,7009,LENTITUD Y POBRE RESPUESTA
R465,7010,SUSPICACIA Y EVASIVIDAD MARCADAS
R466,7011,PREOCUPACION INDEBIDA POR SUCESOS QUE CAUSAN TENSION
R467,7012,VERBOSIDAD Y DETALLES CIRCUNSTANCIALES QUE OSCURECEN LA RAZON DE LA CONSULTA O EL CONTACTO
R468,7013,OTROS SINTOMAS Y SIGNOS QUE INVOLUCRAN LA APARIENCIA Y EL COMPORTAMIENTO
R470,7014,DISFASIA Y AFASIA
R471,7015,DISARTRIA Y ANARTRIA
R478,7016,OTRAS ALTERACIONES DEL HABLA Y LAS NO ESPECIFICADAS
R480,7017,DISLEXIA Y ALEXIA
R481,7018,AGNOSIA
R482,7019,APRAXIA
R488,7020,OTRAS DISFUNCIONES SIMBOLICAS Y LAS NO ESPECIFICADAS
R490,7021,DISFONIA
R491,7022,AFONIA
R492,7023,HIPERNASALIDAD E HIPONASALIDAD
R498,7024,OTRAS ALTERACIONES DE LA VOZ Y LAS NO ESPECIFICADAS
R500,7025,FIEBRE CON ESCALOFRIO
R501,7026,FIEBRE PERSISTENTE
R509,7027,"FIEBRE, NO ESPECIFICADA"
R51,7028,CEFALEA
R520,7029,DOLOR AGUDO
R521,7030,DOLOR CRONICO INTRATABLE
R522,7031,OTRO DOLOR CRONICO
R529,7032,"DOLOR, NO ESPECIFICADO"
R53,7033,MALESTAR Y FATIGA
R54,7034,SENILIDAD
R55,7035,SINCOPE Y COLAPSO
R560,7036,CONVULSIONES FEBRILES
R568,7037,OTRAS CONVULSIONES Y LAS NO ESPECIFICADAS
R570,7038,CHOQUE CARDIOGENICO
R571,7039,CHOQUE HIPOVOLEMICO
R578,7040,OTRAS FORMAS DE CHOQUE
R579,7041,"CHOQUE , NO ESPECIFICADO"
R58,7042,"HEMORRAGIA, NO CLASIFICADA EN OTRA PARTE"
R590,7043,ADENOMEGALIA LOCALIZADA
R591,7044,ADENOMEGALIA GENERALIZADA
R599,7045,"ADENOMEGALIA, NO ESPECIFICADA"
R600,7046,EDEMA LOCALIZADO
R601,7047,EDEMA GENERALIZADO
R609,7048,"EDEMA, NO ESPECIFICADO"
R610,7049,HIPERHIDROSIS LOCALIZADA
R611,7050,HIPERHIDROSIS GENERALIZADA
R619,7051,"HIPERHIDROSIS, NO ESPECIFICADA"
R620,7052,RETARDO EN DESARROLLO
R628,7053,OTRAS FALTAS DEL DESARROLLO FISIOLOGICO NORMAL ESPERADO
R629,7054,FALTA DEL DESARROLLO FISIOLOGICO NORMAL ESPERADO SIN OTRA ESPECIFICACION
R630,7055,ANOREXIA
R631,7056,POLIDIPSIA
R632,7057,POLIFAGIA
R633,7058,DIFICULTADES Y MALA ADMINISTRACION DE LA ALIMENTACION
R634,7059,PERDIDA ANORMAL DE PESO
R635,7060,AUMENTO ANORMAL DE PESO
R638,7061,OTROS SINTOMAS Y SIGNOS CONCERNIENTES A LA ALIMENTACION Y A LA INGESTION DE LIQUIDOS
R64,7062,CAQUEXIA
R680,7063,HIPOTERMIA NO ASOCIADA CON BAJA TEMPERATURA DEL AMBIENTE
R681,7064,SINTOMAS NO ESPECIFICOS PROPIOS DE LA INFANCIA
R682,7065,"BOCA SECA, NO ESPECIFICADA"
R683,7066,DEDOS DE LA MANO DEFORMES
R688,7067,OTROS SINTOMAS Y SIGNOS GENERALES ESPECIFICADOS
R69,7068,CAUSAS DE MORBILIDAD DESCONOCIDAS Y NO ESPECIFICADAS
R700,7069,VELOCIDAD DE ERITROSEDIMENTACION ELEVADA
R701,7070,VISCOSIDAD PLASMATICA ANORMAL
R71,7071,ANORMALIDAD DE LOS ERITROCITOS
R72,7072,"ANORMALIDADES DE LOS LEUCOCITOS, NO CLASIFICADAS EN OTRA PARTE"
R730,7073,ANORMALIDADES EN LA PRUEBA DE TOLERANCIA A LA GLUCOSA
R739,7074,"HIPERGLICEMIA, NO ESPECIFICADA"
R740,7075,ELEVACION DE LOS NIVELES DE TRANSAMINASAS O DESHIDROGENASA LACTICA [DHL]
R748,7076,NIVELES ANORMALES DE OTRAS ENZIMAS EN SUERO
R749,7077,"NIVEL ANORMAL DE ENZIMAS EN SUERO, NO ESPECIFICADO"
R75,7078,EVIDENCIAS DE LABORATORIO DEL VIRUS DE LA INMUNODEFICIENCIA HUMANA [VIH]
R760,7079,TITULACION ELEVADA DE ANTICUERPOS
R761,7080,REACCION ANORMAL A LA PRUEBA CON TUBERCULINA
R762,7081,FALSO POSITIVO EN LA PRUEBA SEROLOGICA PARA SIFILIS
R768,7082,OTROS HALLAZGOS INMUNOLOGICOS ANORMALES ESPECIFICADOS EN SUERO
R769,7083,HALLAZGOS INMUNOLOGICOS ANORMALES ESPECIFICADOS EN SUERO
R770,7084,ANORMALIDAD DE LA ALBUMINA
R771,7085,ANORMALIDAD DE LA GLOBULINA
R772,7086,ANORMALIDAD DE LA ALFAFETOPROTEINA
R778,7087,OTRAS ANORMALIDADES ESPECIFICADAS DE LAS PROTEINAS PLASMATICAS
R779,7088,ANORMALIDADES NO ESPECIFICADAS DE LAS PROTEINAS PLASMATICAS
R780,7089,HALLAZGO DE ALCOHOL EN LA SANGRE
R781,7090,HALLAZGO DE DROGAS OPIACEAS EN LA SANGRE
R782,7091,HALLAZGO DE COCAINA EN LA SANGRE
R783,7092,HALLAZGO DE ALUCINOGENOS EN LA SANGRE
R784,7093,HALLAZGO DE OTRAS DROGAS POTENCIALMENTE ADICTIVAS EN LA SANGRE
R785,7094,HALLAZGO DE DROGAS PSICOTROPICAS EN LA SANGRE
R786,7095,HALLAZGO DE AGENTES ESTEROIDES EN LA SANGRE
R787,7096,HALLAZGO DE NIVELES ANORMALES DE METALES PESADOS EN LA SANGRE
R788,7097,HALLAZGO DE OTRAS SUSTANCIAS ESPECIFICAS QUE NORMALMENTE NO SE ENCUENTRAN EN LA SANGRE
R789,7098,HALLAZGO DE SUSTANCIA NO ESPECIFICA QUE NORMALMENTE NO SE ENCUENTRAN EN LA SANGRE
R790,7099,NIVEL ANORMAL DE MINERAL EN LA SANGRE
R798,7100,OTROS HALLAZGOS ANORMALES ESPECIFICADOS EN LA QUIMICA SANGUINEA
R799,7101,"HALLAZGO ANORMAL EN LA QUIMICA SANGUINEA, SIN OTRA ESPECIFICACION"
R80,7102,PROTEINURIA AISLADA
R81,7103,GLUCOSURIA
R820,7104,QUILURIA
R821,7105,MIOGLOBINURIA
R822,7106,BILIURIA
R823,7107,HEMOGLOBINURIA
R824,7108,ACETONURIA
R825,7109,"ELEVACION DE LOS NIVELES DE DROGAS, MEDICAMENTOS Y SUSTANCIAS BIOLOGICAS EN LA ORINA"
R826,7110,NIVELES ANORMALES EN LA ORINA DE SUSTANCIAS DE ORIGEN PRINCIPALMENTE NO MEDICINAL
R827,7111,HALLAZGOS ANORMALES EN EL EXAMEN MICROBIOLOGICO DE LA ORINA
R828,7112,HALLAZGOS ANORMALES EN EL EXAMEN CITOLOGICO E HISTOLOGICO DE LA ORINA
R829,7113,OTROS HALLAZGOS ANORMALES EN LA ORINA Y LOS NO ESPECIFICADOS
R830,7114,HALLAZGOS ANORMALES EN EL LIQUIDO CEFALORRAQUIDEO: NIVEL ANORMAL DE ENZIMAS
R831,7115,HALLAZGOS ANORMALES EN EL LIQUIDO CEFALORRAQUIDEO: NIVEL ANORMAL DE HORMONAS
R832,7116,"HALLAZGOS ANORMALES EN EL LIQUIDO CEFALORRAQUIDEO: NIVEL ANORMAL DE OTRAS DROGAS, MEDICAMENTOS Y SUSTANCIAS BIOLOGICAS"
R833,7117,HALLAZGOS ANORMALES EN EL LIQUIDO CEFALORRAQUIDEO: NIVEL ANORMAL DE SUSTANCIAS DE ORIGEN FUNDAMENTALMENTE NO MEDICINAL
R834,7118,HALLAZGOS ANORMALES EN EL LIQUIDO CEFALORRAQUIDEO: HALLAZGOS INMUNOLOGICOS ANORMALES
R835,7119,HALLAZGOS ANORMALES EN EL LIQUIDO CEFALORRAQUIDEO: HALLAZGOS MICROBIOLOGICOS ANORMALES HALLAZGOS POSITIVOS EN EL CULTIVO
R836,7120,"HALLAZGOS ANORMALES EN EL LIQUIDO CEFALORRAQUIDEO: HALLAZGOS CITOLOGICOS ANORMALES, FROTIS ANORMAL DE PAPANICOLAOU"
R837,7121,HALLAZGOS ANORMALES EN EL LIQUIDO CEFALORRAQUIDEO: HALLAZGOS HISTOLOGICOS ANORMALES
R838,7122,"HALLAZGOS ANORMALES EN EL LIQUIDO CEFALORRAQUIDEO: OTROS HALLAZGOS ANORMALES, HALLAZGOS CROMOSOMICOS ANORMALES"
R839,7123,"HALLAZGOS ANORMALES EN EL LIQUIDO CEFALORRAQUIDEO: HALLAZGOS ANORMALES, NO ESPECIFICADOS"
R840,7124,HALLAZGOS ANORMALES EN MUESTRAS TOMADAS DE ORGANOS RESPIRATORIOS Y TORACICOS: NIVEL ANORMAL DE ENZIMAS
R841,7125,HALLAZGOS ANORMALES EN MUESTRAS TOMADAS DE ORGANOS RESPIRATORIOS Y TORACICOS: NIVEL ANORMAL DE HORMONAS
R842,7126,"HALLAZGOS ANORMALES EN MUESTRAS TOMADAS DE ORGANOS RESPIRATORIOS Y TORACICOS: NIVEL ANORMAL DE OTRAS DROGAS, MEDICAMENTOS Y SUSTANCIAS BIOLOGICAS"
R843,7127,HALLAZGOS ANORMALES EN MUESTRAS TOMADAS DE ORGANOS RESPIRATORIOS Y TORACICOS: NIVEL ANORMAL DE SUSTANCIAS DE ORIGEN FUNDAMENTALMENTE NO MEDICINAL
R844,7128,HALLAZGOS ANORMALES EN MUESTRAS TOMADAS DE ORGANOS RESPIRATORIOS Y TORACICOS: HALLAZGOS INMUNOLOGICOS ANORMALES
R845,7129,"HALLAZGOS ANORMALES EN MUESTRAS TOMADAS DE ORGANOS RESPIRATORIOS Y TORACICOS: HALLAZGOS MICROBIOLOGICOS ANORMALES, HALLAZGOS POSITIVOS EN EL CULTIVO"
R846,7130,"HALLAZGOS ANORMALES EN MUESTRAS TOMADAS DE ORGANOS RESPIRATORIOS Y TORACICOS: HALLAZGOS CITOLOGICOS ANORMALES, FROTIS ANORMAL DE PAPANICOLAOU"
R847,7131,HALLAZGOS ANORMALES EN MUESTRAS TOMADAS DE ORGANOS RESPIRATORIOS Y TORACICOS: HALLAZGOS HISTOLOGICOS ANORMALES
R848,7132,"HALLAZGOS ANORMALES EN MUESTRAS TOMADAS DE ORGANOS RESPIRATORIOS Y TORACICOS: OTROS HALLAZGOS ANORMALES, HALLAZGOS CROMOSOMICOS ANORMALES"
R849,7133,"HALLAZGOS ANORMALES EN MUESTRAS TOMADAS DE ORGANOS RESPIRATORIOS Y TORACICOS: HALLAZGOS ANORMALES, NO ESPECIFICADOS"
R850,7134,HALLAZGOS ANORMALES EN MUESTRAS TOMADAS DE ORGANOS DIGESTIVOS Y DE LA CAVIDAD ABDOMINAL: NIVEL ANORMAL DE ENZIMAS
R851,7135,HALLAZGOS ANORMALES EN MUESTRAS TOMADAS DE ORGANOS DIGESTIVOS Y DE LA CAVIDAD ABDOMINAL: NIVEL ANORMAL DE HORMONAS
R852,7136,"HALLAZGOS ANORMALES EN MUESTRAS TOMADAS DE ORGANOS DIGESTIVOS Y DE LA CAVIDAD ABDOMINAL: NIVEL ANORMAL DE OTRAS DROGAS, MEDICAMENTOS Y SUSTANCIAS BIOLOGICAS"
R853,7137,HALLAZGOS ANORMALES EN MUESTRAS TOMADAS DE ORGANOS DIGESTIVOS Y DE LA CAVIDAD ABDOMINAL: NIVEL ANORMAL DE SUSTANCIAS DE ORIGEN FUNDAMENTALMENTE NO MEDICINAL
R854,7138,HALLAZGOS ANORMALES EN MUESTRAS TOMADAS DE ORGANOS DIGESTIVOS Y DE LA CAVIDAD ABDOMINAL: HALLAZGOS INMUNOLOGICOS ANORMALES
R855,7139,"HALLAZGOS ANORMALES EN MUESTRAS TOMADAS DE ORGANOS DIGESTIVOS Y DE LA CAVIDAD ABDOMINAL: HALLAZGOS MICROBIOLOGICOS ANORMALES, HALLAZGOS POSITIVOS EN EL CULTIVO"
R856,7140,"HALLAZGOS ANORMALES EN MUESTRAS TOMADAS DE ORGANOS DIGESTIVOS Y DE LA CAVIDAD ABDOMINAL: HALLAZGOS CITOLOGICOS ANORMALES, FROTIS ANORMAL DE PAPANICOLAOU"
R857,7141,HALLAZGOS ANORMALES EN MUESTRAS TOMADAS DE ORGANOS DIGESTIVOS Y DE LA CAVIDAD ABDOMINAL: HALLAZGOS HISTOLOGICOS ANORMALES
R858,7142,"HALLAZGOS ANORMALES EN MUESTRAS TOMADAS DE ORGANOS DIGESTIVOS Y DE LA CAVIDAD ABDOMINAL: OTROS HALLAZGOS ANORMALES, HALLAZGOS CROMOSOMICOS ANORMALES"
R859,7143,"HALLAZGOS ANORMALES EN MUESTRAS TOMADAS DE ORGANOS DIGESTIVOS Y DE LA CAVIDAD ABDOMINAL: HALLAZGOS ANORMALES, NO ESPECIFICADOS"
R860,7144,HALLAZGOS ANORMALES EN MUESTRAS TOMADAS DE ORGANOS GENITALES MASCULINOS: NIVEL ANORMAL DE ENZIMAS
R861,7145,HALLAZGOS ANORMALES EN MUESTRAS TOMADAS DE ORGANOS GENITALES MASCULINOS: NIVEL ANORMAL DE HORMONAS
R862,7146,"HALLAZGOS ANORMALES EN MUESTRAS TOMADAS DE ORGANOS GENITALES MASCULINOS : NIVEL ANORMAL DE OTRAS DROGAS, MEDICAMENTOS Y SUSTANCIAS BIOLOGICAS"
R863,7147,HALLAZGOS ANORMALES EN MUESTRAS TOMADAS DE ORGANOS GENITALES MASCULINOS: NIVEL ANORMAL DE SUSTANCIAS DE ORIGEN FUNDAMENTALMENTE NO MEDICINAL
R864,7148,HALLAZGOS ANORMALES EN MUESTRAS TOMADAS DE ORGANOS GENITALES MASCULINOS: HALLAZGOS INMUNOLOGICOS ANORMALES
R865,7149,"HALLAZGOS ANORMALES EN MUESTRAS TOMADAS DE ORGANOS GENITALES MASCULINOS: HALLAZGOS MICROBIOLOGICOS ANORMALES, HALLAZGOS POSITIVOS EN EL CULTIVO"
R866,7150,"HALLAZGOS ANORMALES EN MUESTRAS TOMADAS DE ORGANOS GENITALES MASCULINOS: HALLAZGOS CITOLOGICOS ANORMALES, FROTIS ANORMAL DE PAPANICOLAOU"
R867,7151,HALLAZGOS ANORMALES EN MUESTRAS TOMADAS DE ORGANOS GENITALES MASCULINOS: HALLAZGOS HISTOLOGICOS ANORMALES
R868,7152,"HALLAZGOS ANORMALES EN MUESTRAS TOMADAS DE ORGANOS GENITALES MASCULINOS: OTROS HALLAZGOS ANORMALES, HALLAZGOS CROMOSOMICOS ANORMALES"
R869,7153,"HALLAZGOS ANORMALES EN MUESTRAS TOMADAS DE ORGANOS GENITALES MASCULINOS: HALLAZGOS ANORMALES, NO ESPECIFICADOS"
R870,7154,HALLAZGOS ANORMALES EN MUESTRAS TOMADAS DE ORGANOS GENITALES FEMENINOS: NIVEL ANORMAL DE ENZIMAS
R871,7155,HALLAZGOS ANORMALES EN MUESTRAS TOMADAS DE ORGANOS GENITALES FEMENINOS: NIVEL ANORMAL DE HORMONAS
R872,7156,"HALLAZGOS ANORMALES EN MUESTRAS TOMADAS DE ORGANOS GENITALES FEMENINOS: NIVEL ANORMAL DE OTRAS DROGAS, MEDICAMENTOS Y SUSTANCIAS BIOLOGICAS"
R873,7157,HALLAZGOS ANORMALES EN MUESTRAS TOMADAS DE ORGANOS GENITALES FEMENINOS: NIVEL ANORMAL DE SUSTANCIAS DE ORIGEN FUNDAMENTALMENTE NO MEDICINAL
R874,7158,HALLAZGOS ANORMALES EN MUESTRAS TOMADAS DE ORGANOS GENITALES FEMENINOS: HALLAZGOS INMUNOLOGICOS ANORMALES
R875,7159,"HALLAZGOS ANORMALES EN MUESTRAS TOMADAS DE ORGANOS GENITALES FEMENINOS: HALLAZGOS MICROBIOLOGICOS ANORMALES, HALLAZGOS POSITIVOS EN EL CULTIVO"
R876,7160,HALLAZGOS ANORMALES EN MUESTRAS TOMADAS DE ORGANOS GENITALES FEMENINOS: HALLAZGOS CITOLOGICOS ANORMALES
R877,7161,HALLAZGOS ANORMALES EN MUESTRAS TOMADAS DE ORGANOS GENITALES FEMENINOS: HALLAZGOS HISTOLOGICOS ANORMALES
R878,7162,"HALLAZGOS ANORMALES EN MUESTRAS TOMADAS DE ORGANOS GENITALES FEMENINOS: OTROS HALLAZGOS ANORMALES, HALLAZGOS CROMOSOMICOS ANORMALES"
R879,7163,"HALLAZGOS ANORMALES EN MUESTRAS TOMADAS DE ORGANOS GENITALES FEMENINOS: HALLAZGOS ANORMALES, NO ESPECIFICADOS"
R890,7164,"HALLAZGOS ANORMALES EN MUESTRAS TOMADAS DE OTROS ORGANOS, SISTEMAS Y TEJIDOS: NIVEL ANORMAL DE ENZIMAS"
R891,7165,"HALLAZGOS ANORMALES EN MUESTRAS TOMADAS DE OTROS ORGANOS, SISTEMAS Y TEJIDOS: NIVEL ANORMAL DE HORMONAS"
R892,7166,"HALLAZGOS ANORMALES EN MUESTRAS TOMADAS DE OTROS ORGANOS, SISTEMAS Y TEJIDOS: NIVEL ANORMAL DE OTRAS DROGAS, MEDICAMENTOS Y SUSTANCIAS BIOLOGICAS"
R893,7167,"HALLAZGOS ANORMALES EN MUESTRAS TOMADAS DE OTROS ORGANOS, SISTEMAS Y TEJIDOS: NIVEL ANORMAL DE SUSTANCIAS DE ORIGEN FUNDAMENTALMENTE NO MEDICINAL"
R894,7168,"HALLAZGOS ANORMALES EN MUESTRAS TOMADAS DE OTROS ORGANOS, SISTEMAS Y TEJIDOS: HALLAZGOS INMUNOLOGICOS ANORMALES"
R895,7169,"HALLAZGOS ANORMALES EN MUESTRAS TOMADAS DE OTROS ORGANOS, SISTEMAS Y TEJIDOS: HALLAZGOS MICROBIOLOGICOS ANORMALES, HALLAZGOS POSITIVOS EN EL CULTIVO"
R896,7170,"HALLAZGOS ANORMALES EN MUESTRAS TOMADAS DE OTROS ORGANOS, SISTEMAS Y TEJIDOS: HALLAZGOS CITOLOGICOS ANORMALES, FROTIS ANORMAL DE PAPANICOLAOU"
R897,7171,"HALLAZGOS ANORMALES EN MUESTRAS TOMADAS DE OTROS ORGANOS, SISTEMAS Y TEJIDOS: HALLAZGOS HISTOLOGICOS ANORMALES"
R898,7172,"HALLAZGOS ANORMALES EN MUESTRAS TOMADAS DE OTROS ORGANOS, SISTEMAS Y TEJIDOS: OTROS HALLAZGOS ANORMALES, HALLAZGOS CROMOSOMICOS ANORMALES"
R899,7173,"HALLAZGOS ANORMALES EN MUESTRAS TOMADAS DE OTROS ORGANOS, SISTEMAS Y TEJIDOS: HALLAZGOS ANORMALES, NO ESPECIFICADOS"
R900,7174,LESION QUE OCUPA EL ESPACIO INTRACRANEAL
R908,7175,OTROS HALLAZGOS ANORMALES EN DIAGNOSTICO POR IMAGEN Y DEL SISTEMA NERVIOSO CENTRAL
R91,7176,HALLAZGOS ANORMALES EN DIAGNOSTICO POR IMAGEN DEL PULMON
R92,7177,HALLAZGOS ANORMALES EN DIAGNOSTICO POR IMAGEN DE LA MAMA
R930,7178,"HALLAZGOS ANORMALES EN DIAGNOSTICO POR IMAGEN DEL CRANEO Y DE LA CABEZA, NO CLASIFICADOS EN OTRA PARTE"
R931,7179,HALLAZGOS ANORMALES EN DIAGNOSTICO POR IMAGEN DEL CORAZON Y DE LA CIRCULACION CORONARIA
R932,7180,HALLAZGOS ANORMALES EN DIAGNOSTICO POR IMAGEN DEL HIGADO Y DE LAS VIAS BILIARES
R933,7181,HALLAZGOS ANORMALES EN DIAGNOSTICO POR IMAGEN DE OTRAS PARTES DE LAS VIAS DIGESTIVAS
R934,7182,HALLAZGOS ANORMALES EN DIAGNOSTICO POR IMAGEN DE LOS ORGANOS URINARIOS
R935,7183,"HALLAZGOS ANORMALES EN DIAGNOSTICO POR IMAGEN DE OTRAS REGIONES ABDOMINALES, INCLUIDO EL RETROPERITONEO"
R936,7184,HALLAZGOS ANORMALES EN DIAGNOSTICO POR IMAGEN DE LOS MIEMBROS
R937,7185,HALLAZGOS ANORMALES EN DIAGNOSTICO POR IMAGEN DE OTRAS PARTES DEL SISTEMA OSTEOMUSCULAR
R938,7186,HALLAZGOS ANORMALES EN DIAGNOSTICO POR IMAGEN DE OTRAS ESTRUCTURAS ESPECIFICADAS DEL CUERPO
R940,7187,RESULTADOS ANORMALES EN ESTUDIOS FUNCIONALES DEL SISTEMA NERVIOSO CENTRAL
R941,7188,RESULTADOS ANORMALES EN ESTUDIOS FUNCIONALES DEL SISTEMA NERVIOSO PERIFERICO Y SENTIDOS ESPECIALES
R942,7189,RESULTADOS ANORMALES EN ESTUDIOS FUNCIONALES DEL PULMON
R943,7190,RESULTADOS ANORMALES EN ESTUDIOS FUNCIONALES CARDIOVASCULARES
R944,7191,RESULTADOS ANORMALES EN ESTUDIOS FUNCIONALES DEL RIÑON
R945,7192,RESULTADOS ANORMALES EN ESTUDIOS FUNCIONALES DEL HIGADO
R946,7193,RESULTADOS ANORMALES EN ESTUDIOS FUNCIONALES DE LA TIROIDES
R947,7194,RESULTADOS ANORMALES EN OTROS ESTUDIOS FUNCIONALES ENDOCRINOS
R948,7195,RESULTADOS ANORMALES EN LOS ESTUDIOS FUNCIONALES DE OTROS ORGANOS Y SISTEMAS
R95,7196,SINDROME DE LA MUERTE SUBITA INFANTIL
R960,7197,MUERTE INSTANTANEA
R961,7198,"MUERTE QUE OCURRE EN MENOS DE 24 HORAS DEL INICIO DE LOS SINTOMAS, NO EXPLICADA DE OTRA FORMA"
R98,7199,MUERTE SIN ASISTENCIA
R99,7200,OTRAS CAUSAS MAL DEFINIDAS Y LAS NO ESPECIFICADAS DE MORTALIDAD
S000,7201,TRAUMATISMO SUPERFICIAL DEL CUERO CABELLUDO
S001,7202,CONTUSION DE LOS PARPADOS Y DE LA REGION PERIOCULAR
S002,7203,OTROS TRAUMATISMOS SUPERFICIALES DEL PARPADO Y DE LA REGION PERIOCULAR
S003,7204,TRAUMATISMO SUPERFICIAL DE LA NARIZ
S004,7205,TRAUMATISMO SUPERFICIAL DEL OIDO
S005,7206,TRAUMATISMO SUPERFICIAL DEL LABIO Y DE LA CAVIDAD BUCAL
S007,7207,TRAUMATISMOS SUPERFICIALES MULTIPLES DE LA CABEZA
S008,7208,TRAUMATISMO SUPERFICIAL DE OTRAS PARTES DE LA CABEZA
S009,7209,"TRAUMATISMO SUPERFICIAL DE LA CABEZA, PARTE NO ESPECIFICADA"
S010,7210,HERIDA DEL CUERO CABELLUDO
S011,7211,HERIDA DEL PARPADO Y DE LA REGION PERIOCULAR
S012,7212,HERIDA DE LA NARIZ
S013,7213,HERIDA DEL OIDO
S014,7214,HERIDA DE LA MEJILLA Y DE LA REGION TEMPOROMANDIBULAR
S015,7215,HERIDA DEL LABIO Y DE LA CAVIDAD BUCAL
S017,7216,HERIDAS MULTIPLES DE LA CABEZA
S018,7217,HERIDA DE OTRAS PARTES DE LA CABEZA
S019,7218,"HERIDA DE LA CABEZA, PARTE NO ESPECIFICADA"
S020,7219,FRACTURA DE LA BOVEDA DEL CRANEO
S021,7220,FRACTURA DE LA BASE DEL CRANEO
S022,7221,FRACTURA DE LOS HUESOS DE LA NARIZ
S023,7222,FRACTURA DEL SUELO DE LA ORBITA
S024,7223,FRACTURA DEL MALAR Y DEL HUESO MAXILAR SUPERIOR
S025,7224,FRACTURA DE LOS DIENTES
S026,7225,FRACTURA DEL MAXILAR INFERIOR
S027,7226,FRACTURAS MULTIPLES QUE COMPROMETEN EL CRANEO Y LOS HUESOS DE LA CARA
S028,7227,FRACTURA DE OTROS HUESOS DEL CRANEO Y DE LA CARA
S029,7228,"FRACTURA DEL CRANEO Y DE LOS HUESOS DE LA CARA, PARTE NO ESPECIFICADA"
S030,7229,LUXACION DEL MAXILAR
S031,7230,LUXACION DEL CARTILAGO SEPTAL DE LA NARIZ
S032,7231,LUXACION DE DIENTE
S033,7232,LUXACION DE OTRAS PARTES Y DE LAS NO ESPECIFICADAS DE LA CABEZA
S034,7233,ESGUINCES Y TORCEDURAS DEL MAXILAR
S035,7234,ESGUINCES Y TORCEDURAS DE ARTICULACIONES Y LIGAMENTOS DE OTRAS PARTES Y LAS NO ESPECIFICADAS DE LA CABEZA
S040,7235,TRAUMATISMO DEL NERVIO OPTICO [II PAR] Y DE LAS VIAS OPTICAS
S041,7236,TRAUMATISMO DEL NERVIO MOTOR OCULAR COMUN [III PAR]
S042,7237,TRAUMATISMO DEL NERVIO PATETICO [IV PAR]
S043,7238,TRAUMATISMO DEL NERVIO TRIGEMINO [V PAR]
S044,7239,TRAUMATISMO DEL NERVIO MOTOR OCULAR EXTERNO [VI PAR]
S045,7240,TRAUMATISMO DEL NERVIO FACIAL [VII PAR]
S046,7241,TRAUMATISMO DEL NERVIO ACUSTICO [VIII PAR]
S047,7242,TRAUMATISMO DEL NERVIO ESPINAL [XI PAR]
S048,7243,TRAUMATISMO DE OTROS NERVIOS CRANEALES
S049,7244,"TRAUMATISMO DEL NERVIOS CRANEALES, NO ESPECIFICADO"
S050,7245,TRAUMATISMO DE LA CONJUNTIVA Y ABRASION CORNEAL SIN MENCION DE CUERPO EXTRAÑO
S051,7246,CONTUSION DEL GLOBO OCULAR Y DEL TEJIDO ORBITARIO
S052,7247,LACERACION Y RUPTURA OCULAR CON PROLAPSO O PERDIDA DEL TEJIDO INTRAOCULAR
S053,7248,LACERACION OCULAR SIN PROLAPSO O PERDIDA DEL TEJIDO INTRAOCULAR
S054,7249,HERIDA PENETRANTE DE LA ORBITA CON O SIN CUERPO EXTRAÑO
S055,7250,HERIDA PENETRANTE DEL GLOBO OCULAR CON CUERPO EXTRAÑO
S056,7251,HERIDA PENETRANTE DEL GLOBO OCULAR SIN CUERPO EXTRAÑO
S057,7252,AVULSION DEL OJO
S058,7253,OTROS TRAUMATISMOS DEL OJO Y DE LA ORBITA
S059,7254,"TRAUMATISMO DEL OJO Y DE LA ORBITA, NO ESPECIFICADO"
S060,7255,CONCUSION
S061,7256,EDEMA CEREBRAL TRAUMATICO
S062,7257,TRAUMATISMO CEREBRAL DIFUSO
S063,7258,TRAUMATISMO CEREBRAL FOCAL
S064,7259,HEMORRAGIA EPIDURAL
S065,7260,HEMORRAGIA SUBDURAL TRAUMATICA
S066,7261,HEMORRAGIA SUBARACNOIDEA TRAUMATICA
S067,7262,TRAUMATISMO INTRACRANEAL CON COMA PROLONGADO
S068,7263,OTROS TRAUMATISMOS INTRACRANEALES
S069,7264,"TRAUMATISMO INTRACRANEAL, NO ESPECIFICADO"
S070,7265,TRAUMATISMO POR APLASTAMIENTO DE LA CARA
S071,7266,TRAUMATISMO POR APLASTAMIENTO DEL CRANEO
S078,7267,TRAUMATISMO POR APLASTAMIENTO DE OTRAS PARTES DE LA CABEZA
S079,7268,"TRAUMATISMO POR APLASTAMIENTO DE LA CABEZA, PARTE NO ESPECIFICADA"
S080,7269,AVULSION DEL CUERO CABELLUDO
S081,7270,AMPUTACION TRAUMATICA DE LA OREJA
S088,7271,AMPUTACION TRAUMATICA DE OTRAS PARTES DE LA CABEZA
S089,7272,AMPUTACION TRAUMATICA DE PARTE NO ESPECIFICADA DE LA CABEZA
S090,7273,TRAUMATISMO DE LOS VASOS SANGUINEOS DE LA CABEZA NO CLASIFICADOS EN OTRA PARTE
S091,7274,TRAUMATISMO DE TENDON Y MUSCULOS DE LA CABEZA
S092,7275,RUPTURA TRAUMATICA DEL TIMPANO DEL OIDO
S097,7276,TRAUMATISMOS MULTIPLES DE LA CABEZA
S098,7277,"OTROS TRAUMATISMOS DE LA CABEZA, ESPECIFICADOS"
S099,7278,"TRAUMATISMO DE LA CABEZA, NO ESPECIFICADO"
S100,7279,CONTUSION DE LA GARGANTA
S101,7280,OTROS TRAUMATISMOS SUPERFICIALES Y LOS NO ESPECIFICADOS DE LA GARGANTA
S107,7281,TRAUMATISMO SUPERFICIAL MULTIPLE DEL CUELLO
S108,7282,TRAUMATISMO SUPERFICIAL DE OTRAS PARTES DEL CUELLO
S109,7283,"TRAUMATISMO SUPERFICIAL DEL CUELLO, PARTE NO ESPECIFICADA"
S110,7284,HERIDA QUE COMPROMETE LA LARINGE Y LA TRAQUEA
S111,7285,HERIDA QUE COMPROMETE LA GLANDULA TIROIDES
S112,7286,HERIDA QUE COMPROMETE LA FARINGE Y EL ESOFAGO CERVICAL
S117,7287,HERIDAS MULTIPLES DEL CUELLO
S118,7288,HERIDAS DE OTRAS PARTES DEL CUELLO
S119,7289,"HERIDA DE CUELLO, PARTE NO ESPECIFICADA"
S120,7290,FRACTURA DE LA PRIMERA VERTEBRA CERVICAL
S121,7291,FRACTURA DE LA SEGUNDA VERTEBRA CERVICAL
S122,7292,FRACTURA DE OTRAS VERTEBRAS CERVICALES ESPECIFICADAS
S127,7293,FRACTURAS MULTIPLES DE COLUMNA CERVICAL
S128,7294,FRACTURA DE OTRAS PARTES DEL CUELLO
S129,7295,"FRACTURA DEL CUELLO, PARTE NO ESPECIFICADA"
S130,7296,RUPTURA TRAUMATICA DE DISCO CERVICAL INTERVERTEBRAL
S131,7297,LUXACION DE VERTEBRA CERVICAL
S132,7298,LUXACIONES DE OTRAS PARTES Y DE LAS NO ESPECIFICADAS DEL CUELLO
S133,7299,LUXACIONES MULTIPLES DEL CUELLO
S134,7300,ESGUINCES Y TORCEDURAS DE LA COLUMNA CERVICAL
S135,7301,ESGUINCES Y TORCEDURAS DE LA REGION TIROIDEA
S136,7302,ESGUINCES Y TORCEDURAS DE ARTICULACIONES Y LIGAMENTOS DE OTROS SITIOS ESPECIFICADOS Y DE LOS NO ESPECIFICADOS DEL CUELLO
S140,7303,CONCUSION Y EDEMA DE LA MEDULA ESPINAL CERVICAL
S141,7304,OTROS TRAUMATISMOS DE LA MEDULA ESPINAL CERVICAL Y LOS NO ESPECIFICADOS
S142,7305,TRAUMATISMO DE RAIZ NERVIOSA DE COLUMNA CERVICAL
S143,7306,TRAUMATISMO DE PLEXO BRAQUIAL
S144,7307,TRAUMATISMO DE NERVIOS PERIFERICOS DEL CUELLO
S145,7308,TRAUMATISMO DE NERVIOS CERVICALES SIMPATICOS
S146,7309,TRAUMATISMO DE OTROS NERVIOS Y DE LOS NO ESPECIFICADOS DEL CUELLO
S150,7310,TRAUMATISMO DE LA ARTERIA CAROTIDA
S151,7311,TRAUMATISMO DE LA ARTERIA VERTEBRAL
S152,7312,TRAUMATISMO DE LA VENA YUGULAR EXTERNA
S153,7313,TRAUMATISMO DE LA VENA YUGULAR INTERNA
S157,7314,TRAUMATISMO DE MULTIPLES VASOS SANGUINEOS A NIVEL DEL CUELLO
S158,7315,TRAUMATISMO DE OTROS VASOS SANGUINEOS A NIVEL DEL CUELLO
S159,7316,TRAUMATISMO DE VASOS SANGUINEOS NO ESPECIFICADOS A NIVEL DEL CUELLO
S16,7317,TRAUMATISMO DE TENDON Y MUSCULOS A NIVEL DEL CUELLO
S170,7318,TRAUMATISMO POR APLASTAMIENTO DE LA LARINGE Y DE LA TRAQUEA
S178,7319,TRAUMATISMO POR APLASTAMIENTO DE OTRAS PARTES DEL CUELLO
S179,7320,"TRAUMATISMO POR APLASTAMIENTO DEL CUELLO, PARTE NO ESPECIFICADA"
S18,7321,AMPUTACION TRAUMATICA A NIVEL DEL CUELLO
S197,7322,TRAUMATISMOS MULTIPLES DEL CUELLO
S198,7323,"OTROS TRAUMATISMOS DEL CUELLO, ESPECIFICADOS"
S199,7324,"TRAUMATISMO DEL CUELLO, NO ESPECIFICADO"
S200,7325,CONTUSION DE LA MAMA
S201,7326,OTROS TRAUMATISMOS SUPERFICIALES Y LOS NO ESPECIFICADOS DE LA MAMA
S202,7327,CONTUSION DEL TORAX
S203,7328,OTROS TRAUMATISMOS SUPERFICIALES DE LA PARED ANTERIOR DEL TORAX
S204,7329,OTROS TRAUMATISMOS SUPERFICIALES DE LA PARED POSTERIOR DEL TORAX
S207,7330,TRAUMATISMOS SUPERFICIALES MULTIPLES DEL TORAX
S208,7331,TRAUMATISMO SUPERFICIAL DE OTRAS PARTES Y DE LAS NO ESPECIFICADAS DEL TORAX
S210,7332,HERIDA DE LA MAMA
S211,7333,HERIDA DE LA PARED ANTERIOR DEL TORAX
S212,7334,HERIDA DE LA PARED POSTERIOR DEL TORAX
S217,7335,HERIDA MULTIPLE DE LA PARED TORACICA
S218,7336,HERIDAS DE OTRAS PARTES DEL TORAX
S219,7337,"HERIDAS DEL TORAX, PARTE NO ESPECIFICADA"
S220,7338,FRACTURA DE VERTEBRA TORACICA
S221,7339,FRACTURAS MULTIPLES DE COLUMNA TORACICA
S222,7340,FRACTURA DE ESTERNON
S223,7341,FRACTURA DE COSTILLA
S224,7342,FRACTURAS MULTIPLES DE COSTILLA
S225,7343,TORAX AZOTADO
S228,7344,FRACTURA DE OTRAS PARTES DEL TORAX OSEO
S229,7345,"FRACTURA DEL TORAX OSEO, PARTE NO ESPECIFICADA"
S230,7346,RUPTURA TRAUMATICA DE DISCO INTERVERTEBRAL TORACICO
S231,7347,LUXACION DE VERTEBRA TORACICA
S232,7348,LUXACION DE OTRAS PARTES Y DE LAS NO ESPECIFICADAS DEL TORAX
S233,7349,ESGUINCES Y TORCEDURAS DE COLUMNA TORACICA
S234,7350,ESGUINCES Y TORCEDURAS DE COSTILLAS Y ESTERNON
S235,7351,ESGUINCES Y TORCEDURAS DE OTRAS PARTES Y DE LAS NO ESPECIFICADAS DEL TORAX
S240,7352,CONCUSION Y EDEMA DE LA MEDULA ESPINAL TORACICA
S241,7353,OTROS TRAUMATISMOS Y LOS NO ESPECIFICADOS DE LA MEDULA ESPINAL TORACICA
S242,7354,TRAUMATISMO DE RAICES NERVIOSAS DE LA COLUMNA TORACICA
S243,7355,TRAUMATISMO DE NERVIOS PERIFERICOS DEL TORAX
S244,7356,TRAUMATISMO DE NERVIOS SIMPATICOS TORACICOS
S245,7357,TRAUMATISMO DE OTROS NERVIOS DEL TORAX
S246,7358,TRAUMATISMO DE NERVIO NO ESPECIFICADO DEL TORAX
S250,7359,TRAUMATISMO DE LA AORTA TORACICA
S251,7360,TRAUMATISMO DE LA ARTERIA INNOMINADA O SUBCLAVIA
S252,7361,TRAUMATISMO DE LA VENA CAVA SUPERIOR
S253,7362,TRAUMATISMO DE LA VENA INNOMINADA O SUBCLAVIA
S254,7363,TRAUMATISMO DE VASOS SANGUINEOS PULMONARES
S255,7364,TRAUMATISMO DE VASOS SANGUINEOS INTERCOSTALES
S257,7365,TRAUMATISMO DE MULTIPLES VASOS SANGUINEOS DEL TORAX
S258,7366,TRAUMATISMO DE OTROS VASOS SANGUINEOS DEL TORAX
S259,7367,TRAUMATISMO DE VASOS SANGUINEOS NO ESPECIFICADOS DEL TORAX
S260,7368,TRAUMATISMO DEL CORAZON CON HEMOPERICARDIO
S268,7369,OTROS TRAUMATISMOS DEL CORAZON
S269,7370,"TRAUMATISMOS DEL CORAZON, NO ESPECIFICADO"
S270,7371,NEUMOTORAX TRAUMATICO
S271,7372,HEMOTORAX TRAUMATICO
S272,7373,HEMONEUMOTORAX TRAUMATICO
S273,7374,OTROS TRAUMATISMOS DEL PULMON
S274,7375,TRAUMATISMO DE LOS BRONQUIOS
S275,7376,TRAUMATISMO DE LA TRAQUEA TORACICA
S276,7377,TRAUMATISMO DE LA PLEURA
S277,7378,TRAUMATISMO DE MULTIPLES DE ORGANOS INTRATORACICOS
S278,7379,"TRAUMATISMO DE OTROS ORGANOS INTRATORACICOS, ESPECIFICADOS"
S279,7380,"TRAUMATISMO DE ORGANO INTRATORACICO, NO ESPECIFICADOS"
S280,7381,APLASTAMIENTO DEL TORAX
S281,7382,AMPUTACION TRAUMATICA DE PARTE DEL TORAX
S290,7383,TRAUMATISMO DEL TENDON Y MUSCULOS A NIVEL DEL TORAX
S297,7384,TRAUMATISMOS MULTIPLES DEL TORAX
S298,7385,"OTROS TRAUMATISMOS DEL TORAX, ESPECIFICADOS"
S299,7386,"TRAUMATISMO DEL TORAX, NO ESPECIFICADO"
S300,7387,CONTUSION DE LA REGION LUMBOSACRA Y DE LA PELVIS
S301,7388,CONTUSION DE LA PARED ABDOMINAL
S302,7389,CONTUSION DE LOS ORGANOS GENITALES EXTERNOS
S307,7390,"TRAUMATISMOS SUPERFICIALES MULTIPLES DEL ABDOMEN, DE LA REGION LUMBOSACRA Y DE LA PELVIS"
S308,7391,"OTROS TRAUMATISMOS SUPERFICIALES DEL ABDOMEN, DE LA REGION LUMBOSACRA Y DE LA PELVIS"
S309,7392,"TRAUMATISMO SUPERFICIAL DEL ABDOMEN, DE LA REGION LUMBOSACRA Y DE LA PELVIS, PARTE NO ESPECIFICADA"
S310,7393,HERIDA DE LA REGION LUMBOSACRA Y DE LA PELVIS
S311,7394,HERIDA DE LA PARED ABDOMINAL
S312,7395,HERIDA DEL PENE
S313,7396,HERIDA DEL ESCROTO Y DE LOS TESTICULOS
S314,7397,HERIDA DE LA VAGINA Y DE LA VULVA
S315,7398,HERIDA DE OTROS ORGANOS GENITALES EXTERNOS Y DE LOS NO ESPECIFICADOS
S317,7399,"HERIDAS MULTIPLES DEL ABDOMEN, DE LA REGION LUMBOSACRA Y DE LA PELVIS"
S318,7400,HERIDAS DE OTRAS PARTES Y DE LAS NO ESPECIFICADAS DEL ABDOMEN
S320,7401,FRACTURA DE VERTEBRA LUMBAR
S321,7402,FRACTURA DEL SACRO
S322,7403,FRACTURA DEL COCCIX
S323,7404,FRACTURA DEL HUESO ILIACO
S324,7405,FRACTURA DEL ACETABULO
S325,7406,FRACTURA DEL PUBIS
S327,7407,FRACTURAS MULTIPLES DE LA COLUMNA LUMBAR Y DE LA PELVIS
S328,7408,FRACTURA DE OTRAS PARTES Y DE LAS NO ESPECIFICADAS DE LA COLUMNA LUMBAR Y DE LA PELVIS
S330,7409,RUPTURA TRAUMATICA DE DISCO INTERVERTEBRAL LUMBAR
S331,7410,LUXACION DE VERTEBRA LUMBAR
S332,7411,LUXACION DE ARTICULACION SACROCOCCIGEA Y SACROILIACA
S333,7412,LUXACION DE OTRAS PARTES Y DE LAS NO ESPECIFICADAS DE LA COLUMNA LUMBAR Y DE LA PELVIS
S334,7413,RUPTURA TRAUMATICA DE LA SINFISIS DEL PUBIS
S335,7414,ESGUINCES Y TORCEDURAS DE LA COLUMNA LUMBAR
S336,7415,ESGUINCES Y TORCEDURAS DE LA ARTICULACION SACROILIACA
S337,7416,ESGUINCES Y TORCEDURAS DE OTRAS PARTES Y DE LAS NO ESPECIFICADAS DE LA COLUMNA LUMBAR Y DE LA PELVIS
S340,7417,CONCUSION Y EDEMA DE LA MEDULA ESPINAL LUMBAR
S341,7418,OTRO TRAUMATISMO DE LA MEDULA ESPINAL LUMBAR
S342,7419,TRAUMATISMO DE RAIZ NERVIOSA DE LA COLUMNA LUMBAR Y SACRA
S343,7420,TRAUMATISMO DE LA COLA DE CABALLO
S344,7421,TRAUMATISMO DEL PLEXO LUMBOSACRO
S345,7422,"TRAUMATISMO DE NERVIO(S) SIMPATICO(S) LUMBAR(ES), SACRO(S) Y PELVICO(S)"
S346,7423,"TRAUMATISMO DE NERVIO(S) PERIFERICO(S) DEL ABDOMEN, DE LA REGION LUMBOSACRA Y DE LA PELVIS"
S348,7424,"TRAUMATISMO DE OTROS NERVIOS A NIVEL DEL ABDOMEN, DE LA REGION LUMBOSACRA Y DE LA PELVIS Y DE LOS NO ESPECIFICADOS"
S350,7425,TRAUMATISMO DE LA AORTA ABDOMINAL
S351,7426,TRAUMATISMO DE LA VENA CAVA INFERIOR
S352,7427,TRAUMATISMO DE LAS ARTERIAS CELIACAS Y MESENTERICAS
S353,7428,TRAUMATISMO DE VENAS PORTA Y ESPLENICA
S354,7429,TRAUMATISMO DE VASOS SANGUINEOS RENALES
S355,7430,TRAUMATISMO DE VASOS SANGUINEOS ILIACOS
S357,7431,"TRAUMATISMO DE MULTIPLES VASOS SANGUINEOS A NIVEL DEL ABDOMEN, DE LA REGION LUMBOSACRA Y DE LA PELVIS"
S358,7432,"TRAUMATISMO DE OTROS VASOS SANGUINEOS A NIVEL DEL ABDOMEN, DE LA REGION LUMBOSACRA Y DE LA PELVIS"
S359,7433,"TRAUMATISMO DE VASOS SANGUINEOS NO ESPECIFICADOS DEL ABDOMEN, DE LA REGION LUMBOSACRA Y DE LA PELVIS"
S360,7434,TRAUMATISMO DEL BAZO
S361,7435,TRAUMATISMO DEL HIGADO Y DE LA VESICULA BILIAR
S362,7436,TRAUMATISMO DEL PANCREAS
S363,7437,TRAUMATISMO DEL ESTOMAGO
S364,7438,TRAUMATISMO DEL INTESTINO DELGADO
S365,7439,TRAUMATISMO DEL COLON
S366,7440,TRAUMATISMO DEL RECTO
S367,7441,TRAUMATISMO DE MULTIPLES ORGANOS INTRAABDOMINALES
S368,7442,TRAUMATISMO DE OTROS ORGANOS INTRAABDOMINALES
S369,7443,TRAUMATISMO DE ORGANO INTRAABDOMINAL NO ESPECIFICADO
S370,7444,TRAUMATISMO DEL RIÑON
S371,7445,TRAUMATISMO DEL URETER
S372,7446,TRAUMATISMO DE LA VEJIGA
S373,7447,TRAUMATISMO DE LA URETRA
S374,7448,TRAUMATISMO DEL OVARIO
S375,7449,TRAUMATISMO DE LA TROMPA DE FALOPIO
S376,7450,TRAUMATISMO DEL UTERO
S377,7451,TRAUMATISMO DE MULTIPLES ORGANOS PELVICOS
S378,7452,TRAUMATISMO DE OTROS ORGANOS PELVICOS
S379,7453,TRAUMATISMO DE ORGANO PELVICO NO ESPECIFICADO
S380,7454,TRAUMATISMO POR APLASTAMIENTO DE ORGANOS GENITALES EXTERNOS
S381,7455,"TRAUMATISMO POR APLASTAMIENTO DE OTRAS PARTES Y DE LAS NO ESPECIFICADAS DEL ABDOMEN, DE LA REGION LUMBOSACRA Y DE LA PELVIS"
S382,7456,AMPUTACION TRAUMATICA DE ORGANOS GENITALES EXTERNOS
S383,7457,"AMPUTACION TRAUMATICA DE OTRAS PARTES Y DE LAS NO ESPECIFICADAS DEL ABDOMEN, REGION LUMBOSACRA Y PELVIS"
S390,7458,"TRAUMATISMO DEL TENDON Y DE MUSCULOS DEL ABDOMEN, DE LA REGION LUMBOSACRA Y DE LA PELVIS"
S396,7459,TRAUMATISMO DE ORGANO(S) INTRAABDOMINAL(ES) CON ORGANO(S) PELVICO(S)
S397,7460,"OTROS TRAUMATISMOS MULTIPLES DEL ABDOMEN, DE LA REGION LUMBOSACRA Y DE LA PELVIS"
S398,7461,"OTROS TRAUMATISMOS ESPECIFICADOS DEL ABDOMEN, DE LA REGION LUMBOSACRA Y DE LA PELVIS"
S399,7462,"TRAUMATISMO NO ESPECIFICADO DEL ABDOMEN, DE LA REGION LUMBOSACRA Y DE LA PELVIS"
S400,7463,CONTUSION DEL HOMBRO Y DEL BRAZO
S407,7464,TRAUMATISMOS SUPERFICIALES MULTIPLES DEL HOMBRO Y DEL BRAZO
S408,7465,OTROS TRAUMATISMOS SUPERFICIALES DEL HOMBRO Y DEL BRAZO
S409,7466,TRAUMATISMO SUPERFICIAL NO ESPECIFICADO DEL HOMBRO Y DEL BRAZO
S410,7467,HERIDA DEL HOMBRO
S411,7468,HERIDA DEL BRAZO
S417,7469,HERIDAS MULTIPLES DEL HOMBRO Y DEL BRAZO
S418,7470,HERIDAS DE OTRAS PARTES Y DE LAS NO ESPECIFICADAS DEL HOMBRO Y DEL BRAZO
S420,7471,FRACTURA DE LA CLAVICULA
S421,7472,FRACTURA DEL OMOPLATO
S422,7473,FRACTURA DE LA EPIFISIS SUPERIOR DEL HUMERO
S423,7474,FRACTURA DE LA DIAFISIS DEL HUMERO
S424,7475,FRACTURA DE LA EPIFISIS INFERIOR DEL HUMERO
S427,7476,"FRACTURAS MULTIPLES DE LA CLAVICULA, DEL OMOPLATO Y DEL HUMERO"
S428,7477,FRACTURA DE OTRAS PARTES DEL HOMBRO Y DEL BRAZO
S429,7478,"FRACTURA DEL HOMBRO Y DEL BRAZO, PARTE NO ESPECIFICADA"
S430,7479,LUXACION DE LA ARTICULACION DEL HOMBRO
S431,7480,LUXACION DE LA ARTICULACION ACROMIOCLAVICULAR
S432,7481,LUXACION DE LA ARTICULACION ESTERNOCLAVICULAR
S433,7482,LUXACION DE OTRAS PARTES DE LA CINTURA ESCAPULAR Y DE LAS NO ESPECIFICADAS
S434,7483,ESGUINCES Y TORCEDURAS DE LA ARTICULACION DEL HOMBRO
S435,7484,ESGUINCES Y TORCEDURAS DE LA ARTICULACION ACROMIOCLAVICULAR
S436,7485,ESGUINCES Y TORCEDURAS DE LA ARTICULACION ESTERNOCLAVICULAR
S437,7486,ESGUINCES Y TORCEDURAS DE OTRAS PARTES Y DE LAS NO ESPECIFICADAS DE LA CINTURA ESCAPULAR
S440,7487,TRAUMATISMO DEL NERVIO CUBITAL A NIVEL DEL BRAZO
S441,7488,TRAUMATISMO DEL NERVIO MEDIANO A NIVEL DEL BRAZO
S442,7489,TRAUMATISMO DEL NERVIO RADIAL A NIVEL DEL BRAZO
S443,7490,TRAUMATISMO DEL NERVIO AXILAR
S444,7491,TRAUMATISMO DEL NERVIO MUSCULOCUTANEO
S445,7492,TRAUMATISMO DEL NERVIO SENSITIVO CUTANEO A NIVEL DEL HOMBRO Y DEL BRAZO
S447,7493,TRAUMATISMO DEL MULTIPLES NERVIOS A NIVEL DEL HOMBRO Y DEL BRAZO
S448,7494,TRAUMATISMO DE OTROS NERVIOS A NIVEL DEL HOMBRO Y DEL BRAZO
S449,7495,TRAUMATISMO DE NERVIO NO ESPECIFICADO A NIVEL DEL HOMBRO Y DEL BRAZO
S450,7496,TRAUMATISMO DE LA ARTERIA AXILAR
S451,7497,TRAUMATISMO DE LA ARTERIA BRAQUIAL
S452,7498,TRAUMATISMO DE LA VENA AXILAR O BRAQUIAL
S453,7499,TRAUMATISMO DE VENAS SUPERFICIAL A NIVEL DEL HOMBRO Y DEL BRAZO
S457,7500,TRAUMATISMO DE MULTIPLES VASOS SANGUINEOS A NIVEL DEL HOMBRO Y DEL BRAZO
S458,7501,TRAUMATISMO DE OTROS VASOS SANGUINEOS A NIVEL DEL HOMBRO Y DEL BRAZO
S459,7502,TRAUMATISMO DE VASO SANGUINEO NO ESPECIFICADO A NIVEL DEL HOMBRO Y DEL BRAZO
S460,7503,TRAUMATISMO DE TENDON DEL MANGUITO ROTATORIO DEL HOMBRO
S461,7504,TRAUMATISMO DE TENDON Y MUSCULO DE LA CABEZA LARGA DEL BICEPS
S462,7505,TRAUMATISMO DE TENDON Y MUSCULO DE OTRAS PARTES DEL BICEPS
S463,7506,TRAUMATISMO DE TENDON Y MUSCULO DEL TRICEPS
S467,7507,TRAUMATISMO DE MULTIPLES TENDONES Y MUSCULOS A NIVEL DEL HOMBRO Y DEL BRAZO
S468,7508,TRAUMATISMO DE OTROS TENDONES Y MUSCULOS A NIVEL DEL HOMBRO Y DEL BRAZO
S469,7509,TRAUMATISMO DE TENDON Y MUSCULO NO ESPECIFICADO NIVEL DEL HOMBRO Y DEL BRAZO
S47,7510,TRAUMATISMO POR APLASTAMIENTO DEL HOMBRO Y DEL BRAZO
S480,7511,AMPUTACION TRAUMATICA EN LA ARTICULACION DEL HOMBRO Y DEL BRAZO
S481,7512,AMPUTACION TRAUMATICA A NIVEL ENTRE EL HOMBRO Y EL CODO
S489,7513,"AMPUTACION TRAUMATICA DEL HOMBRO Y DEL BRAZO, NIVEL NO ESPECIFICADO"
S497,7514,TRAUMATISMOS MULTIPLES DEL HOMBRO Y DEL BRAZO
S498,7515,OTROS TRAUMATISMOS ESPECIFICADOS DEL HOMBRO Y DEL BRAZO
S499,7516,TRAUMATISMOS NO ESPECIFICADOS DEL HOMBRO Y DEL BRAZO
S500,7517,CONTUSION DEL CODO
S501,7518,CONTUSION DE OTRAS PARTES DEL ANTEBRAZO Y DE LAS NO ESPECIFICADAS
S507,7519,TRAUMATISMOS SUPERFICIALES MULTIPLES DEL ANTEBRAZO
S508,7520,OTROS TRAUMATISMOS SUPERFICIALES DEL ANTEBRAZO
S509,7521,"TRAUMATISMO SUPERFICIAL DEL ANTEBRAZO, NO ESPECIFICADO"
S510,7522,HERIDA DEL CODO
S517,7523,HERIDAS MULTIPLES DEL ANTEBRAZO
S518,7524,HERIDAS DE OTRAS PARTES DEL ANTEBRAZO
S519,7525,"HERIDAS DEL ANTEBRAZO, PARTE NO ESPECIFICADA"
S520,7526,FRACTURA DE LA EPIFISIS SUPERIOR DEL CUBITO
S521,7527,FRACTURA DE LA EPIFISIS SUPERIOR DEL RADIO
S522,7528,FRACTURA DE LA DIAFISIS DEL CUBITO
S523,7529,FRACTURA DE LA DIAFISIS DEL RADIO
S524,7530,FRACTURA DE LA DIAFISIS DEL CUBITO Y DEL RADIO
S525,7531,FRACTURA DE LA EPIFISIS INFERIOR DEL RADIO
S526,7532,FRACTURA DE LA EPIFISIS INFERIOR DEL CUBITO Y DEL RADIO
S527,7533,FRACTURAS MULTIPLES DEL ANTEBRAZO
S528,7534,FRACTURA DE OTRAS PARTES DEL ANTEBRAZO
S529,7535,"FRACTURA DEL ANTEBRAZO, PARTE NO ESPECIFICADA"
S530,7536,LUXACION DE LA CABEZA DEL RADIO
S531,7537,"LUXACION DEL CODO, NO ESPECIFICADA"
S532,7538,RUPTURA TRAUMATICA DEL LIGAMENTO LATERAL DEL RADIO
S533,7539,RUPTURA TRAUMATICA DEL LIGAMENTO LATERAL DEL CUBITO
S534,7540,ESGUINCES Y TORCEDURAS DEL CODO
S540,7541,TRAUMATISMO DEL NERVIO CUBITAL A NIVEL DEL ANTEBRAZO
S541,7542,TRAUMATISMO DEL NERVIO MEDIANO A NIVEL DEL ANTEBRAZO
S542,7543,TRAUMATISMO DEL NERVIO RADIAL A NIVEL DEL ANTEBRAZO
S543,7544,TRAUMATISMO DEL NERVIO SENSORIAL CUTANEO A NIVEL DEL ANTEBRAZO
S547,7545,TRAUMATISMO DEL MULTIPLES NERVIOS A NIVEL DEL ANTEBRAZO
S548,7546,TRAUMATISMO DE OTROS NERVIOS A NIVEL DEL ANTEBRAZO
S549,7547,TRAUMATISMO DE NERVIO NO ESPECIFICADO A NIVEL DEL ANTEBRAZO
S550,7548,TRAUMATISMO DE LA ARTERIA CUBITAL A NIVEL DEL ANTEBRAZO
S551,7549,TRAUMATISMO DE LA ARTERIA RADIAL A NIVEL DEL ANTEBRAZO
S552,7550,TRAUMATISMO DE VENA A NIVEL DEL ANTEBRAZO
S557,7551,TRAUMATISMO DE MULTIPLES VASOS SANGUINEOS A NIVEL DEL ANTEBRAZO
S558,7552,TRAUMATISMO DE OTROS VASOS SANGUINEOS A NIVEL DEL ANTEBRAZO
S559,7553,TRAUMATISMO DE VASO SANGUINEO NO ESPECIFICADO A NIVEL DEL ANTEBRAZO
S560,7554,TRAUMATISMO DEL TENDON Y MUSCULO FLEXOR DEL PULGAR A NIVEL DEL ANTEBRAZO
S561,7555,TRAUMATISMO DEL TENDON Y MUSCULO FLEXOR DE OTRO(S) DEDO(S) A NIVEL DEL ANTEBRAZO
S562,7556,TRAUMATISMO DEL OTRO TENDON Y MUSCULO FLEXOR A NIVEL DEL ANTEBRAZO
S563,7557,TRAUMATISMO DE TENDONES Y MUSCULOS ABDUCTORES Y EXTENSORES DEL PULGAR A NIVEL DEL ANTEBRAZO
S564,7558,TRAUMATISMO DEL TENDON Y MUSCULO EXTENSOR DE OTRO(S) DEDO(S) A NIVEL DEL ANTEBRAZO
S565,7559,TRAUMATISMO DE OTRO TENDON Y MUSCULO EXTENSOR A NIVEL DEL ANTEBRAZO
S567,7560,TRAUMATISMO DE MULTIPLES TENDONES Y MUSCULOS A NIVEL DEL ANTEBRAZO
S568,7561,"TRAUMATISMO DE OTROS TENDONES Y MUSCULOS Y DE LOS NO ESPECIFICADOS, A NIVEL DEL ANTEBRAZO"
S570,7562,TRAUMATISMO POR APLASTAMIENTO DEL CODO
S578,7563,TRAUMATISMO POR APLASTAMIENTO DE OTRAS PARTES DEL ANTEBRAZO
S579,7564,"TRAUMATISMO POR APLASTAMIENTO DEL ANTEBRAZO, PARTE NO ESPECIFICADA"
S580,7565,AMPUTACION TRAUMATICA A NIVEL DEL CODO
S581,7566,AMPUTACION TRAUMATICA A NIVEL ENTRE EL CODO Y LA MUÑECA
S589,7567,"AMPUTACION TRAUMATICA DEL ANTEBRAZO, NIVEL NO ESPECIFICADO"
S597,7568,TRAUMATISMOS MULTIPLES DEL ANTEBRAZO
S598,7569,OTROS TRAUMATISMOS ESPECIFICADOS DEL ANTEBRAZO
S599,7570,TRAUMATISMOS NO ESPECIFICADOS DEL ANTEBRAZO
S600,7571,"CONTUSION DE DEDO(S) DE LA MANO, SIN DAÑO DE LA(S) UÑA(S)"
S601,7572,"CONTUSION DE DEDO(S) DE LA MANO, CON DAÑO DE LA(S) UÑA(S)"
S602,7573,CONTUSION DE OTRAS PARTES DE LA MUÑECA Y DE LA MANO
S607,7574,TRAUMATISMOS SUPERFICIALES MULTIPLES DE LA MUÑECA Y DE LA MANO
S608,7575,OTROS TRAUMATISMOS SUPERFICIALES DE LA MUÑECA Y DE LA MANO
S609,7576,"TRAUMATISMO SUPERFICIAL DE LA MUÑECA Y DE LA MANO, NO ESPECIFICADO"
S610,7577,"HERIDA DE DEDO(S) DE LA MANO, SIN DAÑO DE LA(S) UÑA(S)"
S611,7578,"HERIDA DE DEDO(S) DE LA MANO, CON DAÑO DE LA(S) UÑA(S)"
S617,7579,HERIDAS MULTIPLES DE LA MUÑECA Y DE LA MANO
S618,7580,HERIDAS DE OTRAS PARTES DE LA MUÑECA Y DE LA MANO
S619,7581,"HERIDA DE LA MUÑECA Y DE LA MANO, PARTE NO ESPECIFICADA"
S620,7582,FRACTURA DEL HUESO ESCAFOIDES [NAVICULAR] DE LA MANO
S621,7583,FRACTURA DE OTRO(S) HUESO(S) DEL CARPO
S622,7584,FRACTURA DEL PRIMER METACARPIANO
S623,7585,FRACTURA DE OTROS HUESOS METACARPIANOS
S624,7586,FRACTURAS MULTIPLES DE HUESOS METACARPIANOS
S625,7587,FRACTURA DEL PULGAR
S626,7588,FRACTURA DE OTRO DEDO DE LA MANO
S627,7589,FRACTURAS MULTIPLES DE LOS DEDOS DE LA MANO
S628,7590,FRACTURA DE OTRAS PARTES Y DE LAS NO ESPECIFICADAS DE LA MUÑECA Y DE LA MANO
S630,7591,LUXACION DE LA MUÑECA
S631,7592,LUXACION DE DEDOS DE LA MANO
S632,7593,LUXACIONES MULTIPLES DE DEDOS DE LA MANO
S633,7594,RUPTURA TRAUMATICA DE LIGAMENTOS DE LA MUÑECA Y DEL CARPO
S634,7595,RUPTURA TRAUMATICA DE LIGAMENTOS DEL DEDO DE LA MANO EN LA(S) ARTICULACION(ES) METACARPOFALANGICA E INTERFALANGICA
S635,7596,ESGUINCES Y TORCEDURAS DE LA MUÑECA
S636,7597,ESGUINCES Y TORCEDURAS DE DEDO(S) DE LA MANO
S637,7598,ESGUINCES Y TORCEDURAS DE OTRAS PARTES Y DE LAS NO ESPECIFICADAS DE LA MUÑECA Y DE LA MANO
S640,7599,TRAUMATISMO DEL NERVIO CUBITAL A NIVEL DE LA MUÑECA Y DE LA MANO
S641,7600,TRAUMATISMO DEL NERVIO MEDIANO A NIVEL DE LA MUÑECA Y DE LA MANO
S642,7601,TRAUMATISMO DEL NERVIO RADIAL A NIVEL DE LA MUÑECA Y DE LA MANO
S643,7602,TRAUMATISMO DEL NERVIO DIGITAL DEL PULGAR
S644,7603,TRAUMATISMO DEL NERVIO DIGITAL DE OTRO DEDO
S647,7604,TRAUMATISMO DE MULTIPLES NERVIOS A NIVEL DE LA MUÑECA Y DE LA MANO
S648,7605,TRAUMATISMO DE OTROS NERVIOS A NIVEL DE LA MUÑECA Y DE LA MANO
S649,7606,TRAUMATISMO DE NERVIO NO ESPECIFICADO A NIVEL DE LA MUÑECA Y DE LA MANO
S650,7607,TRAUMATISMO DE LA ARTERIA CUBITAL A NIVEL DE LA MUÑECA Y DE LA MANO
S651,7608,TRAUMATISMO DE LA ARTERIA RADIAL A NIVEL DE LA MUÑECA Y DE LA MANO
S652,7609,TRAUMATISMO DEL ARCO PALMAR SUPERFICIAL
S653,7610,TRAUMATISMO DEL ARCO PALMAR PROFUNDO
S654,7611,TRAUMATISMO DE VASO(S) SANGUINEO(S) DEL PULGAR
S655,7612,TRAUMATISMO DE VASO(S) SANGUINEO(S) DE OTRO DEDO
S657,7613,TRAUMATISMO DE MULTIPLES VASOS SANGUINEOS A NIVEL DE LA MUÑECA Y DE LA MANO
S658,7614,TRAUMATISMO DE OTROS VASOS SANGUINEOS A NIVEL DE LA MUÑECA Y DE LA MANO
S659,7615,TRAUMATISMO DE VASO SANGUINEO NO ESPECIFICADO A NIVEL DE LA MUÑECA Y DE LA MANO
S660,7616,TRAUMATISMO DEL TENDON Y MUSCULO FLEXOR LARGO DEL PULGAR A NIVEL DE LA MUÑECA Y DE LA MANO
S661,7617,TRAUMATISMO DEL TENDON Y MUSCULO FLEXOR DE OTRO DEDO A NIVEL DE LA MUÑECA Y DE LA MANO
S662,7618,TRAUMATISMO DEL TENDON Y MUSCULO EXTENSOR DEL PULGAR A NIVEL DE LA MUÑECA Y DE LA MANO
S663,7619,TRAUMATISMO DEL TENDON Y MUSCULO EXTENSOR DE OTRO(S) DEDO(S) A NIVEL DE LA MUÑECA Y DE LA MANO
S664,7620,TRAUMATISMO DEL MUSCULO Y TENDON INTRINSECO DEL PULGAR A NIVEL DE LA MUÑECA Y DE LA MANO
S665,7621,TRAUMATISMO DEL MUSCULO Y TENDON INTRINSECO DE OTRO(S) DEDO(S) A NIVEL DE LA MUÑECA Y DE LA MANO
S666,7622,TRAUMATISMO DE MULTIPLES TENDONES Y MUSCULOS FLEXORES A NIVEL DE LA MUÑECA Y DE LA MANO
S667,7623,TRAUMATISMO DE MULTIPLES TENDONES Y MUSCULOS EXTENSORES A NIVEL DE LA MUÑECA Y DE LA MANO
S668,7624,TRAUMATISMO DE OTROS TENDONES Y MUSCULOS A NIVEL DE LA MUÑECA Y DE LA MANO
S669,7625,"TRAUMATISMO DE TENDON Y MUSCULO NO ESPECIFICADO, A NIVEL DE LA MUÑECA Y DE LA MANO"
S670,7626,TRAUMATISMO POR APLASTAMIENTO DEL PULGAR Y OTRO(S) DEDO(S)
S678,7627,TRAUMATISMO POR APLASTAMIENTO DE OTRAS PARTES Y DE LAS NO ESPECIFICADAS DE LA MUÑECA Y DE LA MANO
S680,7628,AMPUTACION TRAUMATICA DEL PULGAR (COMPLETA) (PARCIAL)
S681,7629,AMPUTACION TRAUMATICA DE OTRO DEDO UNICO (COMPLETA) (PARCIAL)
S682,7630,AMPUTACION TRAUMATICA DE DOS O MAS DEDOS SOLAMENTE (COMPLETA) (PARCIAL)
S683,7631,AMPUTACION TRAUMATICA COMBINADA (DE PARTE) DE DEDO(S) CON OTRAS PARTES DE LA MUÑECA Y DE LA MANO
S684,7632,AMPUTACION TRAUMATICA DE LA MANO A NIVEL DE LA MUÑECA
S688,7633,AMPUTACION TRAUMATICA DE OTRAS PARTES DE LA MUÑECA Y DE LA MANO
S689,7634,"AMPUTACION TRAUMATICA DE LA MUÑECA Y DE LA MANO, NIVEL NO ESPECIFICADO"
S697,7635,TRAUMATISMOS MULTIPLES DE LA MUÑECA Y DE LA MANO
S698,7636,OTROS TRAUMATISMOS ESPECIFICADOS DE LA MUÑECA Y DE LA MANO
S699,7637,TRAUMATISMO NO ESPECIFICADO DE LA MUÑECA Y DE LA MANO
S700,7638,CONTUSION DE LA CADERA
S701,7639,CONTUSION DEL MUSLO
S707,7640,TRAUMATISMOS SUPERFICIALES MULTIPLES DE LA CADERA Y DEL MUSLO
S708,7641,OTROS TRAUMATISMOS SUPERFICIALES DE LA CADERA Y DEL MUSLO
S709,7642,"TRAUMATISMO SUPERFICIAL DE LA CADERA Y DEL MUSLO, NO ESPECIFICADO"
S710,7643,HERIDA DE LA CADERA
S711,7644,HERIDA DEL MUSLO
S717,7645,HERIDAS MULTIPLES DE LA CADERA Y DEL MUSLO
S718,7646,HERIDAS DE OTRAS PARTES Y DE LAS NO ESPECIFICADAS DE LA CINTURA PELVICA
S720,7647,FRACTURA DEL CUELLO DEL FEMUR
S721,7648,FRACTURA PERTROCANTERIANA
S722,7649,FRACTURA SUBTROCANTERIANA
S723,7650,FRACTURA DE LA DIAFISIS DEL FEMUR
S724,7651,FRACTURA DE LA EPIFISIS INFERIOR DEL FEMUR
S727,7652,FRACTURAS MULTIPLES DEL FEMUR
S728,7653,FRACTURA DE OTRAS PARTES DEL FEMUR
S729,7654,"FRACTURA DEL FEMUR, PARTE NO ESPECIFICADA"
S730,7655,LUXACION DE CADERA
S731,7656,ESGUINCES Y TORCEDURAS DE LA CADERA
S740,7657,TRAUMATISMO DEL NERVIO CIATICO A NIVEL DE LA CADERA Y DEL MUSLO
S741,7658,TRAUMATISMO DEL NERVIO FEMOROCUTANEO A NIVEL DE LA CADERA Y DEL MUSLO
S742,7659,TRAUMATISMO DEL NERVIO SENSORIAL CUTANEO A NIVEL DE LA CADERA Y DEL MUSLO
S747,7660,TRAUMATISMO DE NERVIOS MULTIPLES A NIVEL DE LA CADERA Y DEL MUSLO
S748,7661,TRAUMATISMO DE OTROS NERVIOS A NIVEL DE LA CADERA Y DEL MUSLO
S749,7662,TRAUMATISMO DE NERVIO NO ESPECIFICADO A NIVEL DE LA CADERA Y DEL MUSLO
S750,7663,TRAUMATISMO DE LA ARTERIA FEMORAL
S751,7664,TRAUMATISMO DE LA VENA FEMORAL A NIVEL DE LA CADERA Y DEL MUSLO
S752,7665,TRAUMATISMO DE LA GRAN VENA SAFENA A NIVEL DE LA CADERA Y DEL MUSLO
S757,7666,TRAUMATISMO DE MULTIPLES VASOS SANGUINEOS A NIVEL DE LA CADERA Y DEL MUSLO
S758,7667,TRAUMATISMO DE OTROS VASOS SANGUINEOS A NIVEL DE LA CADERA Y DEL MUSLO
S759,7668,TRAUMATISMO DE VASO SANGUINEO NO ESPECIFICADO A NIVEL DE LA CADERA Y DEL MUSLO
S760,7669,TRAUMATISMO DEL TENDON Y MUSCULO DE LA CADERA
S761,7670,TRAUMATISMO DEL TENDON Y MUSCULO CUADRICEPS
S762,7671,TRAUMATISMO DEL TENDON Y MUSCULO ADUCTOR MAYOR DEL MUSLO
S763,7672,TRAUMATISMO DEL TENDON Y MUSCULO DEL GRUPO MUSCULAR POSTERIOR A NIVEL DEL MUSLO
S764,7673,TRAUMATISMO DE OTROS TENDONES Y MUSCULOS Y LOS NO ESPECIFICADOS A NIVEL DEL MUSLO
S767,7674,TRAUMATISMO DE MULTIPLES TENDONES Y MUSCULOS Y LOS NO ESPECIFICADOS A NIVEL DE LA CADERA Y DEL MUSLO
S770,7675,TRAUMATISMO POR APLASTAMIENTO DE LA CADERA
S771,7676,TRAUMATISMO POR APLASTAMIENTO DEL MUSLO
S772,7677,TRAUMATISMO POR APLASTAMIENTO DE LA CADERA CON EL MUSLO
S780,7678,AMPUTACION TRAUMATICA DE LA ARTICULACION DE LA CADERA
S781,7679,AMPUTACION TRAUMATICA EN ALGUN NIVEL ENTRE LA CADERA Y LA RODILLA
S789,7680,"AMPUTACION TRAUMATICA DE CADERA Y MUSLO, NIVEL NO ESPECIFICADO"
S797,7681,TRAUMATISMOS MULTIPLES DE LA CADERA Y DEL MUSLO
S798,7682,OTROS TRAUMATISMOS ESPECIFICADOS DE LA CADERA Y DEL MUSLO
S799,7683,TRAUMATISMO NO ESPECIFICADO DE LA CADERA Y DEL MUSLO
S800,7684,CONTUSION DE LA RODILLA
S801,7685,CONTUSION DE OTRAS PARTES Y LAS NO ESPECIFICADAS DE LA PIERNA
S807,7686,TRAUMATISMOS SUPERFICIALES MULTIPLES DE LA PIERNA
S808,7687,OTROS TRAUMATISMOS SUPERFICIALES DE LA PIERNA
S809,7688,"TRAUMATISMO SUPERFICIAL DE LA PIERNA, NO ESPECIFICADO"
S810,7689,HERIDA DE LA RODILLA
S817,7690,HERIDAS MULTIPLES DE LA PIERNA
S818,7691,HERIDA DE OTRAS PARTES DE LA PIERNA
S819,7692,"HERIDA DE LA PIERNA, PARTE NO ESPECIFICADA"
S820,7693,FRACTURA DE LA ROTULA
S821,7694,FRACTURA DE LA EPIFISIS SUPERIOR DE LA TIBIA
S822,7695,FRACTURA DE LA DIAFISIS DE LA TIBIA
S823,7696,FRACTURA DE LA EPIFISIS INFERIOR DE LA TIBIA
S824,7697,FRACTURA DEL PERONE SOLAMENTE
S825,7698,FRACTURA DEL MALEOLO INTERNO
S826,7699,FRACTURA DEL MALEOLO EXTERNO
S827,7700,FRACTURAS MULTIPLES DE LA PIERNA
S828,7701,FRACTURA DE OTRAS PARTES DE LA PIERNA
S829,7702,"FRACTURA DE LA PIERNA, PARTE NO ESPECIFICADA"
S830,7703,LUXACION DE LA ROTULA
S831,7704,LUXACION DE LA RODILLA
S832,7705,"DESGARRO DE MENISCOS, PRESENTE"
S833,7706,"DESGARRO DEL CARTILAGO ARTICULAR DE LA RODILLA, PRESENTE"
S834,7707,ESGUINCES Y TORCEDURAS QUE COMPROMETEN LOS LIGAMENTOS LATERALES (EXTERNO) (INTERNO) DE LA RODILLA
S835,7708,ESGUINCES Y TORCEDURAS QUE COMPROMETEN EL LIGAMENTO CRUZADO (ANTERIOR) (POSTERIOR) DE LA RODILLA
S836,7709,ESGUINCES Y TORCEDURAS DE OTRAS PARTES Y LAS NO ESPECIFICADAS DE LA RODILLA
S837,7710,TRAUMATISMO DE ESTRUCTURAS MULTIPLES DE LA RODILLA
S840,7711,TRAUMATISMO DEL NERVIO TIBIAL A NIVEL DE LA PIERNA
S841,7712,TRAUMATISMO DEL NERVIO PERONEO A NIVEL DE LA PIERNA
S842,7713,TRAUMATISMO DEL NERVIO SENSORIAL CUTANEO A NIVEL DE LA PIERNA
S847,7714,TRAUMATISMO DE NERVIOS MULTIPLES A NIVEL DE LA PIERNA
S848,7715,TRAUMATISMO DE OTROS NERVIOS A NIVEL DE LA PIERNA
S849,7716,TRAUMATISMO DE NERVIO NO ESPECIFICADO A NIVEL DE LA PIERNA
S850,7717,TRAUMATISMO DE LA ARTERIA POPLITEA
S851,7718,TRAUMATISMO DE LA ARTERIA TIBIAL (ANTERIOR) (POSTERIOR)
S852,7719,TRAUMATISMO DE LA ARTERIA PERONEA
S853,7720,TRAUMATISMO DE LA GRAN VENA SAFENA A NIVEL DE LA PIERNA
S854,7721,TRAUMATISMO DE LA VENA SAFENA EXTERNA NIVEL DE LA PIERNA
S855,7722,TRAUMATISMO DE LA VENA POPLITEA
S857,7723,TRAUMATISMO DE VASOS SANGUINEOS MULTIPLES A NIVEL DE LA PIERNA
S858,7724,TRAUMATISMO DE OTROS VASOS SANGUINEOS A NIVEL DE LA PIERNA
S859,7725,TRAUMATISMO DE VASO SANGUINEO NO ESPECIFICADO A NIVEL DE LA PIERNA
S860,7726,TRAUMATISMO DEL TENDON DE AQUILES
S861,7727,TRAUMATISMO DE OTRO TENDON(ES) Y MUSCULO(S) DEL GRUPO MUSCULAR POSTERIOR A NIVEL DE LA PIERNA
S862,7728,TRAUMATISMO DEL TENDON(ES) Y MUSCULO(S) DEL GRUPO MUSCULAR ANTERIOR A NIVEL DE LA PIERNA
S863,7729,TRAUMATISMO DEL TENDON(ES) Y MUSCULO(S) DEL GRUPO MUSCULAR PERONEO A NIVEL DE LA PIERNA
S867,7730,TRAUMATISMO DE MULTIPLES TENDONES Y MUSCULOS A NIVEL DE LA PIERNA
S868,7731,TRAUMATISMO DE OTROS TENDONES Y MUSCULOS A NIVEL DE LA PIERNA
S869,7732,TRAUMATISMO DE TENDON Y MUSCULO NO ESPECIFICADOS A NIVEL DE LA PIERNA
S870,7733,TRAUMATISMO POR APLASTAMIENTO DE LA RODILLA
S878,7734,TRAUMATISMO POR APLASTAMIENTO DE OTRAS PARTES Y DE LAS NO ESPECIFICADAS DE LA PIERNA
S880,7735,AMPUTACION TRAUMATICA A NIVEL DE LA RODILLA
S881,7736,AMPUTACION TRAUMATICA EN ALGUN NIVEL ENTRE LA RODILLA Y EL TOBILLO
S889,7737,"AMPUTACION TRAUMATICA DE LA PIERNA, NIVEL NO ESPECIFICADO"
S897,7738,TRAUMATISMOS MULTIPLES DE LA PIERNA
S898,7739,"OTROS TRAUMATISMOS DE LA PIERNA, ESPECIFICADOS"
S899,7740,"TRAUMATISMO DE LA PIERNA, NO ESPECIFICADO"
S900,7741,CONTUSION DEL TOBILLO
S901,7742,"CONTUSION DE DEDO(S) DEL PIE, SIN DAÑO DE LA(S) UÑA(S)"
S902,7743,"CONTUSION DE DEDO(S) DEL PIE, CON DAÑO DE LA(S) UÑA(S)"
S903,7744,CONTUSION DE OTRAS PARTES Y DE LAS NO ESPECIFICADAS DEL PIE
S907,7745,TRAUMATISMOS SUPERFICIALES MULTIPLES DEL PIE Y DEL TOBILLO
S908,7746,OTROS TRAUMATISMOS SUPERFICIALES DEL PIE Y DEL TOBILLO
S909,7747,"TRAUMATISMO SUPERFICIAL DEL PIE Y DEL TOBILLO, NO ESPECIFICADO"
S910,7748,HERIDA DEL TOBILLO
S911,7749,HERIDA DE DEDO(S) DEL PIE SIN DAÑO DE LA(S) UÑA(S)
S912,7750,HERIDA DE DEDO(S) DEL PIE CON DAÑO DE LA(S) UÑA(S)
S913,7751,HERIDAS DE OTRAS PARTES DEL PIE
S917,7752,HERIDAS MULTIPLES DEL TOBILLO Y DEL PIE
S920,7753,FRACTURA DEL CALCANEO
S921,7754,FRACTURA DEL ASTRAGALO
S922,7755,FRACTURA DE OTRO(S) HUESO(S) DEL TARSO
S923,7756,FRACTURA DE HUESO DEL METATARSO
S924,7757,FRACTURA DE LOS HUESOS DEL DEDO GORDO DEL PIE
S925,7758,FRACTURA DE LOS HUESOS DE OTRO(S) DEDO(S) DEL PIE
S927,7759,FRACTURAS MULTIPLES DEL PIE
S929,7760,"FRACTURA DEL PIE, NO ESPECIFICADA"
S930,7761,LUXACION DE LA ARTICULACION DEL TOBILLO
S931,7762,LUXACION DE DEDO(S) DEL PIE
S932,7763,RUPTURA DE LIGAMENTOS A NIVEL DEL TOBILLO Y DEL PIE
S933,7764,LUXACION DE OTROS SITIOS Y LOS NO ESPECIFICADOS DEL PIE
S934,7765,ESGUINCES Y TORCEDURAS DEL TOBILLO
S935,7766,ESGUINCES Y TORCEDURAS DE DEDO(S) DEL PIE
S936,7767,ESGUINCES Y TORCEDURAS DE OTROS SITIOS Y DE LOS NO ESPECIFICADOS DEL PIE
S940,7768,TRAUMATISMO DEL NERVIO PLANTAR EXTERNO
S941,7769,TRAUMATISMO DEL NERVIO PLANTAR INTERNO
S942,7770,TRAUMATISMO DEL NERVIO PERONEAL PROFUNDO A NIVEL DEL PIE Y DEL TOBILLO
S943,7771,TRAUMATISMO DEL NERVIO SENSORIAL CUTANEO A NIVEL DEL PIE Y DEL TOBILLO
S947,7772,TRAUMATISMO DE MULTIPLES NERVIOS A NIVEL DEL PIE Y DEL TOBILLO
S948,7773,TRAUMATISMO DE OTROS NERVIOS A NIVEL DEL PIE Y DEL TOBILLO
S949,7774,TRAUMATISMO DE NERVIO NO ESPECIFICADO A NIVEL DEL PIE Y DEL TOBILLO
S950,7775,TRAUMATISMO DE LA ARTERIA DORSAL DEL PIE
S951,7776,TRAUMATISMO DE LA ARTERIA PLANTAR DEL PIE
S952,7777,TRAUMATISMO DE LA VENA DORSAL DEL PIE
S957,7778,TRAUMATISMO DE MULTIPLES VASOS SANGUINEOS A NIVEL DEL PIE Y DEL TOBILLO
S958,7779,TRAUMATISMO DE OTROS VASOS SANGUINEOS A NIVEL DEL PIE Y DEL TOBILLO
S959,7780,TRAUMATISMO DE VASO SANGUINEO NO ESPECIFICADO A NIVEL DEL PIE Y DEL TOBILLO
S960,7781,TRAUMATISMO DEL TENDON Y MUSCULO DEL FLEXOR LARGO DEL DEDO A NIVEL DEL PIE Y DEL TOBILLO
S961,7782,TRAUMATISMO DEL TENDON Y MUSCULO DEL EXTENSOR LARGO DEL (DE LOS) DEDO(S) A NIVEL DEL PIE Y DEL TOBILLO
S962,7783,TRAUMATISMO DE TENDONES Y MUSCULOS INTRINSECOS A NIVEL DEL PIE Y DEL TOBILLO
S967,7784,TRAUMATISMO DE MULTIPLES TENDONES Y MUSCULOS A NIVEL DEL PIE Y DEL TOBILLO
S968,7785,TRAUMATISMO DE OTROS TENDONES Y MUSCULOS A NIVEL DEL PIE Y DEL TOBILLO
S969,7786,TRAUMATISMO DE TENDONES Y MUSCULOS NO ESPECIFICADOS A NIVEL DEL PIE Y DEL TOBILLO
S970,7787,TRAUMATISMO POR APLASTAMIENTO DEL TOBILLO
S971,7788,TRAUMATISMO POR APLASTAMIENTO DE DEDO(S) DEL PIE
S978,7789,TRAUMATISMO POR APLASTAMIENTO DE OTRAS PARTES DEL PIE Y DEL TOBILLO
S980,7790,AMPUTACION TRAUMATICA DEL PIE A NIVEL DEL TOBILLO
S981,7791,AMPUTACION TRAUMATICA DE UN DEDO DEL PIE
S982,7792,AMPUTACION TRAUMATICA DE DOS O MAS DEDOS DEL PIE
S983,7793,AMPUTACION TRAUMATICA DE OTRAS PARTES DEL PIE
S984,7794,"AMPUTACION DEL PIE, NIVEL NO ESPECIFICADO"
S997,7795,TRAUMATISMOS MULTIPLES DEL PIE Y DEL TOBILLO
S998,7796,"OTROS TRAUMATISMOS DEL PIE Y DEL TOBILLO, ESPECIFICADOS"
S999,7797,"TRAUMATISMO DEL PIE Y DEL TOBILLO, NO ESPECIFICADO"
T000,7798,TRAUMATISMOS SUPERFICIALES QUE AFECTAN LA CABEZA CON EL CUELLO
T001,7799,"TRAUMATISMOS SUPERFICIALES QUE AFECTAN EL TORAX CON EL ABDOMEN, LA REGION LUMBOSACRA Y LA PELVIS"
T002,7800,TRAUMATISMOS SUPERFICIALES QUE AFECTAN MULTIPLES REGIONES DEL(OS) MIEMBRO(S) SUPERIOR(ES)
T003,7801,TRAUMATISMOS SUPERFICIALES QUE AFECTAN MULTIPLES REGIONES DEL(OS) MIEMBRO(S) INFERIOR(ES)
T006,7802,TRAUMATISMOS SUPERFICIALES QUE AFECTAN MULTIPLES REGIONES DEL(OS) MIEMBRO(S) SUPERIOR(ES) CON MIEMBRO(S) INFERIOR(ES)
T008,7803,TRAUMATISMOS SUPERFICIALES QUE AFECTAN OTRAS COMBINACIONES DE REGIONES DEL CUERPO
T009,7804,"TRAUMATISMOS SUPERFICIALES MULTIPLES, NO ESPECIFICADOS"
T010,7805,HERIDAS QUE AFECTAN LA CABEZA CON EL CUELLO
T011,7806,"HERIDAS QUE AFECTAN EL TORAX CON EL ABDOMEN, LA REGION LUMBOSACRA Y LA PELVIS"
T012,7807,HERIDAS QUE AFECTAN MULTIPLES REGIONES DEL(DE LOS) MIEMBRO(S) SUPERIOR(ES)
T013,7808,HERIDAS QUE AFECTAN MULTIPLES REGIONES DEL(DE LOS) MIEMBRO(S) INFERIOR(ES)
T016,7809,HERIDAS QUE AFECTAN MULTIPLES REGIONES DEL(DE LOS) MIEMBRO(S) SUPERIOR(ES) CON MIEMBRO(S) INFERIOR(ES)
T018,7810,HERIDAS QUE AFECTAN OTRAS COMBINACIONES DE REGIONES DEL CUERPO
T019,7811,"HERIDAS MULTIPLES, NO ESPECIFICADOS"
T020,7812,FRACTURAS QUE AFECTAN LA CABEZA CON EL CUELLO
T021,7813,"FRACTURAS QUE AFECTAN EL TORAX CON EL ABDOMEN, LA REGION LUMBOSACRA Y LA PELVIS"
T022,7814,FRACTURAS QUE AFECTAN MULTIPLES REGIONES DE UN MIEMBRO SUPERIOR
T023,7815,FRACTURAS QUE AFECTAN MULTIPLES REGIONES DE UN MIEMBRO INFERIOR
T024,7816,FRACTURAS QUE AFECTAN MULTIPLES REGIONES DE AMBOS MIEMBROS SUPERIORES
T025,7817,FRACTURAS QUE AFECTAN MULTIPLES REGIONES DE AMBOS MIEMBROS INFERIORES
T026,7818,FRACTURAS QUE AFECTAN MULTIPLES REGIONES DE MIEMBRO(S) SUPERIOR(ES) CON MIEMBRO(S) INFERIOR(ES)
T027,7819,FRACTURAS QUE AFECTAN EL TORAX CON LA REGION LUMBOSACRA Y LA PELVIS CON MIEMBRO(S)
T028,7820,FRACTURAS QUE AFECTAN OTRAS COMBINACIONES DE REGIONES DEL CUERPO
T029,7821,"FRACTURAS MULTIPLES, NO ESPECIFICADOS"
T030,7822,"LUXACIONES, TORCEDURAS Y ESGUINCES QUE AFECTAN LA CABEZA CON EL CUELLO"
T031,7823,"LUXACIONES, TORCEDURAS Y ESGUINCES QUE AFECTAN EL TORAX CON LA REGION LUMBOSACRA Y LA PELVIS"
T032,7824,"LUXACIONES, TORCEDURAS Y ESGUINCES QUE AFECTAN MULTIPLES REGIONES DEL(DE LOS) MIEMBRO(S) SUPERIOR(ES)"
T033,7825,"LUXACIONES, TORCEDURAS Y ESGUINCES QUE AFECTAN MULTIPLES REGIONES DEL(DE LOS) MIEMBRO(S) INFERIOR(ES)"
T034,7826,"LUXACIONES, TORCEDURAS Y ESGUINCES QUE AFECTAN MULTIPLES REGIONES DEL(DE LOS) MIEMBRO(S) SUPERIOR(ES) CON MIEMBRO(S) INFERIOR(ES)"
T038,7827,"LUXACIONES, TORCEDURAS Y ESGUINCES QUE AFECTAN OTRAS COMBINACIONES DE REGIONES DEL CUERPO"
T039,7828,"LUXACIONES, TORCEDURAS Y ESGUINCES MULTIPLES, NO ESPECIFICADOS"
T040,7829,TRAUMATISMOS POR APLASTAMIENTO QUE AFECTAN LA CABEZA CON EL CUELLO
T041,7830,"TRAUMATISMOS POR APLASTAMIENTO QUE AFECTAN EL TORAX CON EL ABDOMEN, LA REGION LUMBOSACRA Y LA PELVIS"
T042,7831,TRAUMATISMOS POR APLASTAMIENTO QUE AFECTAN MULTIPLES REGIONES DEL(DE LOS) MIEMBRO(S) SUPERIOR(ES)
T043,7832,TRAUMATISMOS POR APLASTAMIENTO QUE AFECTAN MULTIPLES REGIONES DEL(DE LOS) MIEMBRO(S) INFERIOR(ES)
T044,7833,TRAUMATISMOS POR APLASTAMIENTO QUE AFECTAN MULTIPLES REGIONES DEL(DE LOS) MIEMBRO(S) SUPERIOR(ES) CON MIEMBRO(S) INFERIOR(ES)
T047,7834,"TRAUMATISMOS POR APLASTAMIENTO DEL TORAX CON EL ABDOMEN, DE LA REGION LUMBOSACRA Y DE LA PELVIS CON MIEMBRO(S)"
T048,7835,TRAUMATISMOS POR APLASTAMIENTO QUE AFECTAN OTRAS COMBINACIONES DE REGIONES DEL CUERPO
T049,7836,"TRAUMATISMOS POR APLASTAMIENTO MULTIPLES, NO ESPECIFICADOS"
T050,7837,AMPUTACION TRAUMATICA DE AMBAS MANOS
T051,7838,"AMPUTACION TRAUMATICA DE UNA MANO Y EL OTRO BRAZO [CUALQUIER NIVEL, EXCEPTO MANO]"
T052,7839,AMPUTACION TRAUMATICA DE AMBOS BRAZOS [CUALQUIER NIVEL]
T053,7840,AMPUTACION TRAUMATICA DE AMBOS PIES
T054,7841,"AMPUTACION TRAUMATICA DE UN PIE Y LA OTRA PIERNA [CUALQUIER NIVEL, EXCEPTO PIE]"
T055,7842,AMPUTACION TRAUMATICA DE AMBAS PIERNAS [CUALQUIER NIVEL]
T056,7843,"AMPUTACION TRAUMATICA DE MIEMBROS SUPERIOR(ES) E INFERIOR(ES), CUALQUIER COMBINACION [CUALQUIER NIVEL]"
T058,7844,AMPUTACION TRAUMATICA QUE AFECTA OTRAS COMBINACIONES DE REGIONES DEL CUERPO
T059,7845,"AMPUTACION TRAUMATICA MULTIPLES, NO ESPECIFICADAS"
T060,7846,TRAUMATISMOS DEL ENCEFALO Y DE LOS NERVIOS CRANEALES CON TRAUMATISMO DE NERVIOS Y MEDULA ESPINAL A NIVEL DEL CUELLO
T061,7847,TRAUMATISMOS DE NERVIOS Y MEDULA ESPINAL QUE AFECTAN OTRAS MULTIPLES REGIONES DEL CUERPO
T062,7848,TRAUMATISMOS DE NERVIOS QUE AFECTAN MULTIPLES REGIONES DEL CUERPO
T063,7849,TRAUMATISMOS DE VASOS SANGUINEOS QUE AFECTAN MULTIPLES REGIONES DEL CUERPO
T064,7850,TRAUMATISMOS DE TENDONES Y MUSCULOS QUE AFECTAN MULTIPLES REGIONES DEL CUERPO
T065,7851,TRAUMATISMOS DE ORGANOS INTRATORACICOS CON ORGANOS INTRAABDOMINALES Y PELVICOS
T068,7852,OTROS TRAUMATISMOS ESPECIFICADOS QUE AFECTAN MULTIPLES REGIONES DEL CUERPO
T07,7853,"TRAUMATISMOS MULTIPLES, NO ESPECIFICADOS"
T08,7854,"FRACTURA DE LA COLUMNA VERTEBRAL, NIVEL NO ESPECIFICADO"
T090,7855,"TRAUMATISMOS SUPERFICIAL DEL TRONCO, NIVEL NO ESPECIFICADO"
T091,7856,"HERIDA DEL TRONCO, NIVEL NO ESPECIFICADO"
T092,7857,"LUXACION, ESGUINCE O TORCEDURA DE ARTICULACION Y LIGAMENTOS DEL TRONCO, NO ESPECIFICADO"
T093,7858,"TRAUMATISMO DE LA MEDULA ESPINAL, NIVEL NO ESPECIFICADO"
T094,7859,"TRAUMATISMO DE NERVIOS, RAIZ DE NERVIO ESPINAL Y PLEXOS DEL TRONCO NO ESPECIFICADOS"
T095,7860,TRAUMATISMO DE TENDONES Y MUSCULOS DEL TRONCO NO ESPECIFICADOS
T096,7861,"AMPUTACION TRAUMATICA DEL TRONCO, NIVEL NO ESPECIFICADO"
T098,7862,"OTROS TRAUMATISMOS ESPECIFICADOS DEL TRONCO, NIVEL NO ESPECIFICADO"
T099,7863,"TRAUMATISMO NO ESPECIFICADO DEL TRONCO, NIVEL NO ESPECIFICADO"
T10,7864,"FRACTURA DE MIEMBRO SUPERIOR, NIVEL NO ESPECIFICADO"
T110,7865,"TRAUMATISMOS SUPERFICIAL DE MIEMBRO SUPERIOR, NIVEL NO ESPECIFICADO"
T111,7866,"HERIDA DE MIEMBRO SUPERIOR, NIVEL NO ESPECIFICADO"
T112,7867,"LUXACION, ESGUINCE O TORCEDURA DE ARTICULACION O LIGAMENTO NO ESPECIFICADO DE MIEMBRO SUPERIOR, NIVEL NO ESPECIFICADO"
T113,7868,"TRAUMATISMO DE NERVIO NO ESPECIFICADO DE MIEMBRO SUPERIOR, NIVEL NO ESPECIFICADO"
T114,7869,"TRAUMATISMO DE VASOS SANGUINEOS NO ESPECIFICADOS DE MIEMBRO SUPERIOR, NIVEL NO ESPECIFICADO"
T115,7870,"TRAUMATISMO DE TENDON Y MUSCULO NO ESPECIFICADOS DE MIEMBRO SUPERIOR, NIVEL NO ESPECIFICADO"
T116,7871,"AMPUTACION TRAUMATICA DE MIEMBRO SUPERIOR, NIVEL NO ESPECIFICADO"
T118,7872,"OTROS TRAUMATISMOS ESPECIFICADOS DE MIEMBRO SUPERIOR, NIVEL NO ESPECIFICADO"
T119,7873,"TRAUMATISMO NO ESPECIFICADO DE MIEMBRO SUPERIOR, NIVEL NO ESPECIFICADO"
T12,7874,"FRACTURA DE MIEMBRO INFERIOR, NIVEL NO ESPECIFICADO"
T130,7875,"TRAUMATISMO SUPERFICIAL DE MIEMBRO INFERIOR, NIVEL NO ESPECIFICADO"
T131,7876,"HERIDA DE MIEMBRO INFERIOR, NIVEL NO ESPECIFICADO"
T132,7877,"LUXACION, ESGUINCE O TORCEDURA DE ARTICULACION Y LIGAMENTOS NO ESPECIFICADOS DE MIEMBRO INFERIOR, NIVEL NO ESPECIFICADO"
T133,7878,"TRAUMATISMO DE NERVIOS NO ESPECIFICADOS DE MIEMBRO INFERIOR, NIVEL NO ESPECIFICADO"
T134,7879,"TRAUMATISMO DE VASOS SANGUINEOS NO ESPECIFICADOS DE MIEMBRO INFERIOR, NIVEL NO ESPECIFICADO"
T135,7880,"TRAUMATISMO DE TENDONES Y MUSCULOS NO ESPECIFICADOS DE MIEMBRO INFERIOR, NIVEL NO ESPECIFICADO"
T136,7881,"AMPUTACION TRAUMATICA DE MIEMBRO INFERIOR, NIVEL NO ESPECIFICADO"
T138,7882,"OTROS TRAUMATISMOS ESPECIFICADOS DE MIEMBRO INFERIOR, NIVEL NO ESPECIFICADO"
T139,7883,"TRAUMATISMO NO ESPECIFICADO DE MIEMBRO INFERIOR, NIVEL NO ESPECIFICADO"
T140,7884,TRAUMATISMOS SUPERFICIAL DE REGION NO ESPECIFICADA DEL CUERPO
T141,7885,HERIDA DE REGION NO ESPECIFICADA DEL CUERPO
T142,7886,FRACTURA DE REGION NO ESPECIFICADA DEL CUERPO
T143,7887,"LUXACION, ESGUINCE O TORCEDURA DE REGION NO ESPECIFICADA DEL CUERPO"
T144,7888,TRAUMATISMO DE NERVIO(S) DE REGION NO ESPECIFICADA DEL CUERPO
T145,7889,TRAUMATISMO DE VASO(S) SANGUINEO(S) DE REGION NO ESPECIFICADA DEL CUERPO
T146,7890,TRAUMATISMO DE TENDONES Y MUSCULOS DE REGION NO ESPECIFICADA DEL CUERPO
T147,7891,TRAUMATISMO POR APLASTAMIENTO Y AMPUTACION TRAUMATICA DE REGIONES NO ESPECIFICADAS DEL CUERPO
T148,7892,OTROS TRAUMATISMOS DE REGION NO ESPECIFICADA DEL CUERPO
T149,7893,"TRAUMATISMO, NO ESPECIFICADO"
T150,7894,CUERPO EXTRAÑO EN LA CORNEA
T151,7895,CUERPO EXTRAÑO EN EL SACO CONJUNTIVAL
T158,7896,CUERPO EXTRAÑO EN OTRAS Y EN MULTIPLES PARTES DE LA PARTE EXTERNA DEL OJO
T159,7897,"CUERPO EXTRAÑO EN PARTE EXTERNA DEL OJO, SITIO NO ESPECIFICADO"
T16,7898,CUERPO EXTRAÑO EN EL OIDO
T170,7899,CUERPO EXTRAÑO EN SENO PARANASAL
T171,7900,CUERPO EXTRAÑO EN EL ORIFICIO NASAL
T172,7901,CUERPO EXTRAÑO EN LA FARINGE
T173,7902,CUERPO EXTRAÑO EN LA LARINGE
T174,7903,CUERPO EXTRAÑO EN LA TRAQUEA
T175,7904,CUERPO EXTRAÑO EN BRONQUIOS
T178,7905,CUERPO EXTRAÑO EN OTRAS Y EN MULTIPLES PARTES DE LAS VIAS RESPIRATORIAS
T179,7906,"CUERPO EXTRAÑO EN LAS VIAS RESPIRATORIAS, PARTE NO ESPECIFICADA"
T180,7907,CUERPO EXTRAÑO EN LA BOCA
T181,7908,CUERPO EXTRAÑO EN EL ESOFAGO
T182,7909,CUERPO EXTRAÑO EN EL ESTOMAGO
T183,7910,CUERPO EXTRAÑO EN EL INTESTINO DELGADO
T184,7911,CUERPO EXTRAÑO EN EL COLON
T185,7912,CUERPO EXTRAÑO EN EL ANO Y EN EL RECTO
T188,7913,CUERPO EXTRAÑO EN OTRAS Y EN MULTIPLES PARTES DEL TUBO DIGESTIVO
T189,7914,"CUERPO EXTRAÑO EN EL TUBO DIGESTIVO, PARTE NO ESPECIFICADA"
T190,7915,CUERPO EXTRAÑO EN LA URETRA
T191,7916,CUERPO EXTRAÑO EN LA VEJIGA
T192,7917,CUERPO EXTRAÑO EN LA VULVA Y EN LA VAGINA
T193,7918,CUERPO EXTRAÑO EN EL UTERO [CUALQUIER PARTE]
T198,7919,CUERPO EXTRAÑO EN OTRAS Y EN MULTIPLES PARTES DE LAS VIAS GENITOURINARIAS
T199,7920,"CUERPO EXTRAÑO EN LAS VIAS GENITOURINARIAS, PARTE NO ESPECIFICADA"
T200,7921,"QUEMADURA DE LA CABEZA Y DEL CUELLO, GRADO NO ESPECIFICADO"
T201,7922,"QUEMADURA DE LA CABEZA Y DEL CUELLO, DE PRIMER GRADO"
T202,7923,"QUEMADURA DE LA CABEZA Y DEL CUELLO, DE SEGUNDO GRADO"
T203,7924,"QUEMADURA DE LA CABEZA Y DEL CUELLO, DE TERCER GRADO"
T204,7925,"CORROSION DE LA CABEZA Y DEL CUELLO, GRADO NO ESPECIFICADO"
T205,7926,"CORROSION DE LA CABEZA Y DEL CUELLO, DE PRIMER GRADO"
T206,7927,"CORROSION DE LA CABEZA Y DEL CUELLO, DE SEGUNDO GRADO"
T207,7928,"CORROSION DE LA CABEZA Y DEL CUELLO, DE TERCER GRADO"
T210,7929,"QUEMADURA DEL TRONCO, GRADO NO ESPECIFICADO"
T211,7930,"QUEMADURA DEL TRONCO, DE PRIMER GRADO"
T212,7931,"QUEMADURA DEL TRONCO, DE SEGUNDO GRADO"
T213,7932,"QUEMADURA DEL TRONCO, DE TERCER GRADO"
T214,7933,"CORROSION DEL TRONCO, GRADO NO ESPECIFICADO"
T215,7934,"CORROSION DEL TRONCO, DE PRIMER GRADO"
T216,7935,"CORROSION DEL TRONCO, DE SEGUNDO GRADO"
T217,7936,"CORROSION DEL TRONCO, DE TERCER GRADO"
T220,7937,"QUEMADURA DEL HOMBRO Y MIEMBRO SUPERIOR, GRADO NO ESPECIFICADO, EXCEPTO DE LA MUÑECA Y DE LA MANO"
T221,7938,"QUEMADURA DEL HOMBRO Y MIEMBRO SUPERIOR, DE PRIMER GRADO, EXCEPTO DE LA MUÑECA Y DE LA MANO"
T222,7939,"QUEMADURA DEL HOMBRO Y MIEMBRO SUPERIOR, DE SEGUNDO GRADO, EXCEPTO DE LA MUÑECA Y DE LA MANO"
T223,7940,"QUEMADURA DEL HOMBRO Y MIEMBRO SUPERIOR, DE TERCER GRADO, EXCEPTO DE LA MUÑECA Y DE LA MANO"
T224,7941,"CORROSION DEL HOMBRO Y MIEMBRO SUPERIOR, GRADO NO ESPECIFICADO, EXCEPTO DE LA MUÑECA Y DE LA MANO"
T225,7942,"CORROSION DEL HOMBRO Y MIEMBRO SUPERIOR, DE PRIMER GRADO, EXCEPTO DE LA MUÑECA Y DE LA MANO"
T226,7943,"CORROSION DEL HOMBRO Y MIEMBRO SUPERIOR, DE SEGUNDO GRADO, EXCEPTO DE LA MUÑECA Y DE LA MANO"
T227,7944,"CORROSION DEL HOMBRO Y MIEMBRO SUPERIOR, DE TERCER GRADO, EXCEPTO DE LA MUÑECA Y DE LA MANO"
T230,7945,"QUEMADURA DE LA MUÑECA Y DE LA MANO, GRADO NO ESPECIFICADO"
T231,7946,"QUEMADURA DE LA MUÑECA Y DE LA MANO, DE PRIMER GRADO"
T232,7947,"QUEMADURA DE LA MUÑECA Y DE LA MANO, DE SEGUNDO GRADO"
T233,7948,"QUEMADURA DE LA MUÑECA Y DE LA MANO, DE TERCER GRADO"
T234,7949,"CORROSION DE LA MUÑECA Y DE LA MANO, GRADO NO ESPECIFICADO"
T235,7950,"CORROSION DE LA MUÑECA Y DE LA MANO, DE PRIMER GRADO"
T236,7951,"CORROSION DE LA MUÑECA Y DE LA MANO, DE SEGUNDO GRADO"
T237,7952,"CORROSION DE LA MUÑECA Y DE LA MANO, DE TERCER GRADO"
T240,7953,"QUEMADURA DE LA CADERA Y DEL MIEMBRO INFERIOR, GRADO NO ESPECIFICADO, EXCEPTO TOBILLO Y PIE"
T241,7954,"QUEMADURA DE LA CADERA Y DEL MIEMBRO INFERIOR, DE PRIMER GRADO, EXCEPTO TOBILLO Y PIE"
T242,7955,"QUEMADURA DE LA CADERA Y DEL MIEMBRO INFERIOR, DE SEGUNDO GRADO, EXCEPTO TOBILLO Y PIE"
T243,7956,"QUEMADURA DE LA CADERA Y DEL MIEMBRO INFERIOR, DE TERCER GRADO, EXCEPTO TOBILLO Y PIE"
T244,7957,"CORROSION DE LA CADERA Y DEL MIEMBRO INFERIOR, GRADO NO ESPECIFICADO, EXCEPTO TOBILLO Y PIE"
T245,7958,"CORROSION DE LA CADERA Y DEL MIEMBRO INFERIOR, DE PRIMER GRADO, EXCEPTO TOBILLO Y PIE"
T246,7959,"CORROSION DE LA CADERA Y DEL MIEMBRO INFERIOR, DE SEGUNDO GRADO, EXCEPTO TOBILLO Y PIE"
T247,7960,"CORROSION DE LA CADERA Y DEL MIEMBRO INFERIOR, DE TERCER GRADO, EXCEPTO TOBILLO Y PIE"
T250,7961,"QUEMADURA DEL TOBILLO Y DEL PIE, GRADO NO ESPECIFICADO"
T251,7962,"QUEMADURA DEL TOBILLO Y DEL PIE, DE PRIMER GRADO"
T252,7963,"QUEMADURA DEL TOBILLO Y DEL PIE, DE SEGUNDO GRADO"
T253,7964,"QUEMADURA DEL TOBILLO Y DEL PIE, DE TERCER GRADO"
T254,7965,"CORROSION DEL TOBILLO Y DEL PIE, GRADO NO ESPECIFICADO"
T255,7966,"CORROSION DEL TOBILLO Y DEL PIE, DE PRIMER GRADO"
T256,7967,"CORROSION DEL TOBILLO Y DEL PIE, DE SEGUNDO GRADO"
T257,7968,"CORROSION DEL TOBILLO Y DEL PIE, DE TERCER GRADO"
T260,7969,QUEMADURA DEL PARPADO Y AREA PERIOCULAR
T261,7970,QUEMADURA DE LA CORNEA Y SACO CONJUNTIVAL
T262,7971,QUEMADURA CON RUPTURA Y DESTRUCCION RESULTANTES DEL GLOBO OCULAR
T263,7972,QUEMADURA DE OTRAS PARTES DEL OJO Y SUS ANEXOS
T264,7973,"QUEMADURA DEL OJO Y ANEXOS, PARTE NO ESPECIFICADA"
T265,7974,CORROSION DEL PARPADO Y AREA PERIOCULAR
T266,7975,CORROSION DE LA CORNEA Y SACO CONJUNTIVAL
T267,7976,CORROSION CON RUPTURA Y DESTRUCCION RESULTANTES DEL GLOBO OCULAR
T268,7977,CORROSION DE OTRAS PARTES DEL OJO Y SUS ANEXOS
T269,7978,"CORROSION DEL OJO Y ANEXOS, PARTE NO ESPECIFICADA"
T270,7979,QUEMADURA DE LA LARINGE Y LA TRAQUEA
T271,7980,QUEMADURA QUE AFECTA LA LARINGE Y LA TRAQUEA CON EL PULMON
T272,7981,QUEMADURA DE OTRAS PARTES DE LAS VIAS RESPIRATORIAS
T273,7982,"QUEMADURA DE LAS VIAS RESPIRATORIAS, PARTE NO ESPECIFICADA"
T274,7983,CORROSION DE LA LARINGE Y DE LA TRAQUEA
T275,7984,CORROSION QUE AFECTA LA LARINGE Y LA TRAQUEA CON EL PULMON
T276,7985,CORROSION DE OTRAS PARTES DE LAS VIAS RESPIRATORIAS
T277,7986,"CORROSION DE LAS VIAS RESPIRATORIAS, PARTE NO ESPECIFICADA"
T280,7987,QUEMADURA DE LA BOCA Y DE LA FARINGE
T281,7988,QUEMADURA DEL ESOFAGO
T282,7989,QUEMADURA DE OTRAS PARTES DEL TUBO DIGESTIVO
T283,7990,QUEMADURA DE ORGANOS GENITOURINARIOS INTERNOS
T284,7991,QUEMADURA DE OTROS ORGANOS INTERNOS Y DE LOS NO ESPECIFICADOS
T285,7992,CORROSION DE LA BOCA Y DE LA FARINGE
T286,7993,CORROSION DEL ESOFAGO
T287,7994,CORROSION DE OTRAS PARTES DEL TUBO DIGESTIVO
T288,7995,CORROSION DE ORGANOS GENITOURINARIOS INTERNOS
T289,7996,CORROSION DE OTROS ORGANOS INTERNOS Y DE LOS NO ESPECIFICADOS
T290,7997,"QUEMADURAS DE MULTIPLES REGIONES, GRADO NO ESPECIFICADO"
T291,7998,"QUEMADURAS DE MULTIPLES REGIONES, MENCIONADAS COMO DE NO MAS DE PRIMER GRADO"
T292,7999,"QUEMADURAS DE MULTIPLES REGIONES, MENCIONADAS COMO DE NO MAS DE SEGUNDO GRADO"
T293,8000,"QUEMADURAS DE MULTIPLES REGIONES, CON MENCION AL MENOS DE UNA QUEMADURA DE TERCER GRADO"
T294,8001,"CORROSIONES DE MULTIPLES REGIONES, GRADO NO ESPECIFICADO"
T295,8002,"CORROSIONES MULTIPLES, MENCIONADAS COMO DE NO MAS DE PRIMER GRADO"
T296,8003,"CORROSIONES MULTIPLES, MENCIONADAS COMO DE NO MAS DE SEGUNDO GRADO"
T297,8004,"CORROSIONES MULTIPLES, CON MENCION AL MENOS DE UNA QUEMADURA DE TERCER GRADO"
T300,8005,QUEMADURA DE REGION DEL CUERPO Y GRADO NO ESPECIFICADOS
T301,8006,"QUEMADURA DE PRIMER GRADO, REGION DEL CUERPO NO ESPECIFICADA"
T302,8007,"QUEMADURA DE SEGUNDO GRADO, REGION DEL CUERPO NO ESPECIFICADA"
T303,8008,"QUEMADURA DE TERCER GRADO, REGION DEL CUERPO NO ESPECIFICADA"
T304,8009,CORROSION DE REGION DEL CUERPO Y GRADO NO ESPECIFICADOS
T305,8010,"CORROSION DE PRIMER GRADO, REGION DEL CUERPO NO ESPECIFICADA"
T306,8011,"CORROSION DE SEGUNDO GRADO, REGION DEL CUERPO NO ESPECIFICADA"
T307,8012,"CORROSION DE TERCER GRADO, REGION DEL CUERPO NO ESPECIFICADA"
T310,8013,QUEMADURAS QUE AFECTAN MENOS DEL 10% DE LA SUPERFICIE DEL CUERPO
T311,8014,QUEMADURAS QUE AFECTAN DEL 10% AL 19% DE LA SUPERFICIE DEL CUERPO
T312,8015,QUEMADURAS QUE AFECTAN DEL 20% AL 29% DE LA SUPERFICIE DEL CUERPO
T313,8016,QUEMADURAS QUE AFECTAN DEL 30% AL 39% DE LA SUPERFICIE DEL CUERPO
T314,8017,QUEMADURAS QUE AFECTAN DEL 40% AL 49% DE LA SUPERFICIE DEL CUERPO
T315,8018,QUEMADURAS QUE AFECTAN DEL 50% AL 59% DE LA SUPERFICIE DEL CUERPO
T316,8019,QUEMADURAS QUE AFECTAN DEL 60% AL 69% DE LA SUPERFICIE DEL CUERPO
T317,8020,QUEMADURAS QUE AFECTAN DEL 70% AL 79% DE LA SUPERFICIE DEL CUERPO
T318,8021,QUEMADURAS QUE AFECTAN DEL 80% AL 89% DE LA SUPERFICIE DEL CUERPO
T319,8022,QUEMADURAS QUE AFECTAN DEL 90% O MAS DE LA SUPERFICIE DEL CUERPO
T320,8023,CORROSIONES QUE AFECTAN MENOS DEL 10% DE LA SUPERFICIE DEL CUERPO
T321,8024,CORROSIONES QUE AFECTAN DEL 10% AL 19% DE LA SUPERFICIE DEL CUERPO
T322,8025,CORROSIONES QUE AFECTAN DEL 20% AL 29% DE LA SUPERFICIE DEL CUERPO
T323,8026,CORROSIONES QUE AFECTAN DEL 30% AL 39% DE LA SUPERFICIE DEL CUERPO
T324,8027,CORROSIONES QUE AFECTAN DEL 40% AL 49% DE LA SUPERFICIE DEL CUERPO
T325,8028,CORROSIONES QUE AFECTAN DEL 50% AL 59% DE LA SUPERFICIE DEL CUERPO
T326,8029,CORROSIONES QUE AFECTAN DEL 60% AL 69% DE LA SUPERFICIE DEL CUERPO
T327,8030,CORROSIONES QUE AFECTAN DEL 70% AL 79% DE LA SUPERFICIE DEL CUERPO
T328,8031,CORROSIONES QUE AFECTAN DEL 80% AL 89% DE LA SUPERFICIE DEL CUERPO
T329,8032,CORROSIONES QUE AFECTAN DEL 90% O MAS DE LA SUPERFICIE DEL CUERPO
T330,8033,CONGELAMIENTO SUPERFICIAL DE LA CABEZA
T331,8034,CONGELAMIENTO SUPERFICIAL DEL CUELLO
T332,8035,CONGELAMIENTO SUPERFICIAL DEL TORAX
T333,8036,"CONGELAMIENTO SUPERFICIAL DE LA PARED ABDOMINAL, REGION LUMBOSACRA Y PELVIS"
T334,8037,CONGELAMIENTO SUPERFICIAL DEL BRAZO
T335,8038,CONGELAMIENTO SUPERFICIAL DE LA MUÑECA Y DE LA MANO
T336,8039,CONGELAMIENTO SUPERFICIAL DE LA CADERA Y DEL MUSLO
T337,8040,CONGELAMIENTO SUPERFICIAL DE LA RODILLA Y DE LA PIERNA
T338,8041,CONGELAMIENTO SUPERFICIAL DEL TOBILLO Y DEL PIE
T339,8042,CONGELAMIENTO SUPERFICIAL DE OTROS SITIOS Y DE LOS NO ESPECIFICADOS
T340,8043,CONGELAMIENTO CON NECROSIS TISULAR DE LA CABEZA
T341,8044,CONGELAMIENTO CON NECROSIS TISULAR DEL CUELLO
T342,8045,CONGELAMIENTO CON NECROSIS TISULAR DEL TORAX
T343,8046,"CONGELAMIENTO CON NECROSIS TISULAR DE LA PARED ABDOMINAL, REGION LUMBOSACRA Y PELVIS"
T344,8047,CONGELAMIENTO CON NECROSIS TISULAR DEL BRAZO
T345,8048,CONGELAMIENTO CON NECROSIS TISULAR DE LA MUÑECA Y DE LA MANO
T346,8049,CONGELAMIENTO CON NECROSIS TISULAR DE LA CADERA Y DEL MUSLO
T347,8050,CONGELAMIENTO CON NECROSIS TISULAR DE LA RODILLA Y DE LA PIERNA
T348,8051,CONGELAMIENTO CON NECROSIS TISULAR DEL TOBILLO Y DEL PIE
T349,8052,CONGELAMIENTO CON NECROSIS TISULAR DE OTROS SITIOS Y DE LOS NO ESPECIFICADOS
T350,8053,CONGELAMIENTO SUPERFICIAL QUE AFECTA MULTIPLES REGIONES DEL CUERPO
T351,8054,CONGELAMIENTO CON NECROSIS TISULAR QUE AFECTA MULTIPLES REGIONES DEL CUERPO
T352,8055,CONGELAMIENTO NO ESPECIFICADO DE LA CABEZA Y DEL CUELLO
T353,8056,"CONGELAMIENTO NO ESPECIFICADO DEL TORAX, DEL ABDOMEN, DE LA REGION LUMBOSACRA Y DE LA PELVIS"
T354,8057,CONGELAMIENTO NO ESPECIFICADO DEL MIEMBRO SUPERIOR
T355,8058,CONGELAMIENTO NO ESPECIFICADO DEL MIEMBRO INFERIOR
T356,8059,CONGELAMIENTO NO ESPECIFICADO QUE AFECTA MULTIPLES REGIONES DEL CUERPO
T357,8060,"CONGELAMIENTO NO ESPECIFICADO, DE SITIO NO ESPECIFICADO"
T360,8061,ENVENENAMIENTO POR ANTIBIOTICOS SISTEMICOS: PENICILINAS
T361,8062,ENVENENAMIENTO POR ANTIBIOTICOS SISTEMICOS: CEFALOSPORINAS Y OTROS ANTIBIOTICOS BETA-LACTAMICOS
T362,8063,ENVENENAMIENTO POR ANTIBIOTICOS SISTEMICOS: GRUPO DEL CLORAMFENICOL
T363,8064,ENVENENAMIENTO POR ANTIBIOTICOS SISTEMICOS: MACROLIDOS
T364,8065,ENVENENAMIENTO POR ANTIBIOTICOS SISTEMICOS: TETRACICLINAS
T365,8066,ENVENENAMIENTO POR ANTIBIOTICOS SISTEMICOS: AMINOGLUCOSIDOS
T366,8067,ENVENENAMIENTO POR ANTIBIOTICOS SISTEMICOS: RIFAMICINAS
T367,8068,ENVENENAMIENTO POR ANTIBIOTICOS SISTEMICOS: ANTIBIOTICOS ANTIMICOTICOS USADOS SISTEMICAMENTE
T368,8069,ENVENENAMIENTO POR ANTIBIOTICOS SISTEMICOS: OTROS ANTIBIOTICOS SISTEMICOS
T369,8070,"ENVENENAMIENTO POR ANTIBIOTICOS SISTEMICOS: ANTIBIOTICOS SISTEMICOS, NO ESPECIFICADOS"
T370,8071,ENVENENAMIENTO POR OTROS ANTIINFECCIOSOS Y ANTIPARASITARIOS SISTEMICOS: SULFONAMIDAS
T371,8072,ENVENENAMIENTO POR OTROS ANTIINFECCIOSOS Y ANTIPARASITARIOS SISTEMICOS: DROGAS ANTIMICOBACTERIANAS
T372,8073,ENVENENAMIENTO POR OTROS ANTIINFECCIOSOS Y ANTIPARASITARIOS SISTEMICOS: ANTIPALUDICOS Y DROGAS DE ACCION CONTRA OTROS PROTOZOARIOS SANGUINEOS
T373,8074,ENVENENAMIENTO POR OTROS ANTIINFECCIOSOS Y ANTIPARASITARIOS SISTEMICOS: OTRAS DROGAS ANTIPROTOZOARIAS
T374,8075,ENVENENAMIENTO POR OTROS ANTIINFECCIOSOS Y ANTIPARASITARIOS SISTEMICOS: ANTIHELMINTICOS
T375,8076,ENVENENAMIENTO POR OTROS ANTIINFECCIOSOS Y ANTIPARASITARIOS SISTEMICOS: DROGAS ANTIVIRALES
T378,8077,ENVENENAMIENTO POR OTROS ANTIINFECCIOSOS Y ANTIPARASITARIOS SISTEMICOS: OTROS ANTIINFECCIOSOS Y ANTIPARASITARIOS SISTEMICOS ESPECIFICADOS
T379,8078,"ENVENENAMIENTO POR OTROS ANTIINFECCIOSOS Y ANTIPARASITARIOS SISTEMICOS: OTROS ANTIINFECCIOSOS Y ANTIPARASITARIOS SISTEMICOS, NO ESPECIFICADOS"
T380,8079,"ENVENENAMIENTO POR HORMONAS Y SUS SUSTITUTOS Y ANTAGONISTAS SINTETICOS, NO CLASIFICADOS EN OTRA PARTE: GLUCOCORTICOIDES Y ANALOGOS SINTETICOS"
T381,8080,"ENVENENAMIENTO POR HORMONAS Y SUS SUSTITUTOS Y ANTAGONISTAS SINTETICOS, NO CLASIFICADOS EN OTRA PARTE: HORMONAS TIROIDEAS Y SUSTITUTOS"
T382,8081,"ENVENENAMIENTO POR HORMONAS Y SUS SUSTITUTOS Y ANTAGONISTAS SINTETICOS, NO CLASIFICADOS EN OTRA PARTE: DROGAS ANTITIROIDEAS"
T383,8082,"ENVENENAMIENTO POR HORMONAS Y SUS SUSTITUTOS Y ANTAGONISTAS SINTETICOS, NO CLASIFICADOS EN OTRA PARTE: INSULINA Y DROGAS HIPOGLUCEMIANTES ORALES [ANTIDIABETICAS]"
T384,8083,"ENVENENAMIENTO POR HORMONAS Y SUS SUSTITUTOS Y ANTAGONISTAS SINTETICOS, NO CLASIFICADOS EN OTRA PARTE: ANTICONCEPTIVOS ORALES"
T385,8084,"ENVENENAMIENTO POR HORMONAS Y SUS SUSTITUTOS Y ANTAGONISTAS SINTETICOS, NO CLASIFICADOS EN OTRA PARTE: OTROS ESTROGENOS Y PROGESTOGENOS"
T386,8085,"ENVENENAMIENTO POR HORMONAS Y SUS SUSTITUTOS Y ANTAGONISTAS SINTETICOS, NO CLASIFICADOS EN OTRA PARTE: ANTIGONADOTROFINAS, ANTIESTROGENOS Y ANTIANDROGENOS, NO CLASIFICADOS EN OTRA PARTE"
T387,8086,"ENVENENAMIENTO POR HORMONAS Y SUS SUSTITUTOS Y ANTAGONISTAS SINTETICOS, NO CLASIFICADOS EN OTRA PARTE: ANDROGENOS Y SUS CONGENERES ANABOLICOS"
T388,8087,"ENVENENAMIENTO POR HORMONAS Y SUS SUSTITUTOS Y ANTAGONISTAS SINTETICOS, NO CLASIFICADOS EN OTRA PARTE: OTRAS HORMONAS Y SUSTITUTOS SINTETICOS Y LOS NO ESPECIFICADOS"
T389,8088,"ENVENENAMIENTO POR HORMONAS Y SUS SUSTITUTOS Y ANTAGONISTAS SINTETICOS, NO CLASIFICADOS EN OTRA PARTE: OTROS ANTAGONISTAS DE LAS HORMONAS Y LOS NO ESPECIFICADOS"
T390,8089,"ENVENENAMIENTO POR ANALGESICOS NO NARCOTICOS, ANTIPIRETICOS Y ANTIRREUMATICOS: SALICILATOS"
T391,8090,"ENVENENAMIENTO POR ANALGESICOS NO NARCOTICOS, ANTIPIRETICOS Y ANTIRREUMATICOS: DERIVADOS DEL PARAAMINOFENOL"
T392,8091,"ENVENENAMIENTO POR ANALGESICOS NO NARCOTICOS, ANTIPIRETICOS Y ANTIRREUMATICOS: DERIVADOS DE LA PIRAZOLONA"
T393,8092,"ENVENENAMIENTO POR ANALGESICOS NO NARCOTICOS, ANTIPIRETICOS Y ANTIRREUMATICOS: OTRAS DROGAS ANTIINFLAMATORIAS NO ESTEROIDEAS [DAINE]"
T394,8093,"ENVENENAMIENTO POR ANALGESICOS NO NARCOTICOS, ANTIPIRETICOS Y ANTIRREUMATICOS: ANTIRREUMATICOS, NO CLASIFICADOS EN OTRA PARTE"
T398,8094,"ENVENENAMIENTO POR ANALGESICOS NO NARCOTICOS, ANTIPIRETICOS Y ANTIRREUMATICOS: OTROS ANALGESICOS NO NARCOTICOS Y ANTIPIRETICOS, NO CLASIFICADOS EN OTRA PARTE"
T399,8095,"ENVENENAMIENTO POR ANALGESICOS NO NARCOTICOS, ANTIPIRETICOS Y ANTIRREUMATICOS: ANALGESICOS NO NARCOTICOS, ANTIPIRETICOS Y ANTIRREUMATICOS, NO ESPECIFICADOS"
T400,8096,ENVENENAMIENTO POR NARCOTICOS Y PSICODISLEPTICOS [ALUCINOGENOS]: OPIO
T401,8097,ENVENENAMIENTO POR NARCOTICOS Y PSICODISLEPTICOS [ALUCINOGENOS]: HEROINA
T402,8098,ENVENENAMIENTO POR NARCOTICOS Y PSICODISLEPTICOS [ALUCINOGENOS]: OTROS OPIACEOS
T403,8099,ENVENENAMIENTO POR NARCOTICOS Y PSICODISLEPTICOS [ALUCINOGENOS]: METADONA
T404,8100,ENVENENAMIENTO POR NARCOTICOS Y PSICODISLEPTICOS [ALUCINOGENOS]: OTROS NARCOTICOS SINTETICOS
T405,8101,ENVENENAMIENTO POR NARCOTICOS Y PSICODISLEPTICOS [ALUCINOGENOS]: COCAINA
T406,8102,ENVENENAMIENTO POR NARCOTICOS Y PSICODISLEPTICOS [ALUCINOGENOS]: OTROS NARCOTICOS Y LOS NO ESPECIFICADOS
T407,8103,ENVENENAMIENTO POR NARCOTICOS Y PSICODISLEPTICOS [ALUCINOGENOS]: CANNABIS (DERIVADOS)
T408,8104,ENVENENAMIENTO POR NARCOTICOS Y PSICODISLEPTICOS [ALUCINOGENOS]: ACIDO LISERGICO [LSD]
T409,8105,ENVENENAMIENTO POR NARCOTICOS Y PSICODISLEPTICOS [ALUCINOGENOS]: OTROS PSICODISLEPTICOS Y LOS NO ESPECIFICADOS [ALUCINOGENOS]
T410,8106,ENVENENAMIENTO POR ANESTESICOS Y GASES TERAPEUTICOS: ANESTESICOS POR INHALACION
T411,8107,ENVENENAMIENTO POR ANESTESICOS Y GASES TERAPEUTICOS: ANESTESICOS INTRAVENOSOS
T412,8108,ENVENENAMIENTO POR ANESTESICOS Y GASES TERAPEUTICOS: OTROS ANESTESICOS GENERALES Y LOS NO ESPECIFICADOS
T413,8109,ENVENENAMIENTO POR ANESTESICOS Y GASES TERAPEUTICOS: ANESTESICOS LOCALES
T414,8110,"ENVENENAMIENTO POR ANESTESICOS Y GASES TERAPEUTICOS: ANESTESICOS, NO ESPECIFICADOS"
T415,8111,ENVENENAMIENTO POR ANESTESICOS Y GASES TERAPEUTICOS: GASES TERAPEUTICOS
T420,8112,"ENVENENAMIENTO POR ANTIEPILEPTICOS, HIPNOTICOS-SEDANTES Y DROGAS ANTIPARKINSONIANAS: DERIVADOS DE LA HIDANTOINA"
T421,8113,"ENVENENAMIENTO POR ANTIEPILEPTICOS, HIPNOTICOS-SEDANTES Y DROGAS ANTIPARKINSONIANAS: IMINOSTILBENOS"
T422,8114,"ENVENENAMIENTO POR ANTIEPILEPTICOS, HIPNOTICOS-SEDANTES Y DROGAS ANTIPARKINSONIANAS: SUCCINAMIDAS Y DERIVADOS DE LA OXAZOLIDINA"
T423,8115,"ENVENENAMIENTO POR ANTIEPILEPTICOS, HIPNOTICOS-SEDANTES Y DROGAS ANTIPARKINSONIANAS: BARBITURICOS"
T424,8116,"ENVENENAMIENTO POR ANTIEPILEPTICOS, HIPNOTICOS-SEDANTES Y DROGAS ANTIPARKINSONIANAS: BENZODIAZEPINAS"
T425,8117,"ENVENENAMIENTO POR ANTIEPILEPTICOS, HIPNOTICOS-SEDANTES Y DROGAS ANTIPARKINSONIANAS: ANTIEPILEPTICOS MIXTOS, NO CLASIFICADOS EN OTRA PARTE"
T426,8118,"ENVENENAMIENTO POR ANTIEPILEPTICOS, HIPNOTICOS-SEDANTES Y DROGAS ANTIPARKINSONIANAS: OTROS ANTIEPILEPTICOS Y DROGAS HIPNOTICO-SEDANTES"
T427,8119,"ENVENENAMIENTO POR ANTIEPILEPTICOS, HIPNOTICOS-SEDANTES Y DROGAS ANTIPARKINSONIANAS: ANTIEPILEPTICOS Y DROGAS HIPNOTICO - SEDANTES, NO ESPECIFICADOS"
T428,8120,"ENVENENAMIENTO POR ANTIEPILEPTICOS, HIPNOTICOS-SEDANTES Y DROGAS ANTIPARKINSONIANAS: DROGAS ANTIPARKINSONIANAS Y OTROS DEPRESORES DEL TONO MUSCULAR CENTRAL"
T430,8121,"ENVENENAMIENTO POR PSICOTROPICOS, NO CLASIFICADOS EN OTRA PARTE: ANTIDEPRESIVOS TRICICLICOS Y TETRACICLICOS"
T431,8122,"ENVENENAMIENTO POR PSICOTROPICOS, NO CLASIFICADOS EN OTRA PARTE: ANTIDEPRESIVOS INHIBIDORES DE LA MONOAMINOXIDASA"
T432,8123,"ENVENENAMIENTO POR PSICOTROPICOS, NO CLASIFICADOS EN OTRA PARTE: OTROS ANTIDEPRESIVOS Y LOS NO ESPECIFICADOS"
T433,8124,"ENVENENAMIENTO POR PSICOTROPICOS, NO CLASIFICADOS EN OTRA PARTE: ANTIPSICOTICOS Y NEUROLEPTICOS FENOTIACINICOS"
T434,8125,"ENVENENAMIENTO POR PSICOTROPICOS, NO CLASIFICADOS EN OTRA PARTE: BUTIROFENONA Y NEUROLEPTICOS TIOXANTENICOS"
T435,8126,"ENVENENAMIENTO POR PSICOTROPICOS, NO CLASIFICADOS EN OTRA PARTE: OTROS ANTIPSICOTICOS Y NEUROLEPTICOS Y LOS NO ESPECIFICADOS"
T436,8127,"ENVENENAMIENTO POR PSICOTROPICOS, NO CLASIFICADOS EN OTRA PARTE: PSICOESTIMULANTES CON ABUSO POTENCIAL"
T438,8128,"ENVENENAMIENTO POR PSICOTROPICOS, NO CLASIFICADOS EN OTRA PARTE: OTRAS DROGAS PSICOTROPICAS, NO CLASIFICADAS EN OTRA PARTE"
T439,8129,"ENVENENAMIENTO POR PSICOTROPICOS, NO CLASIFICADOS EN OTRA PARTE: DROGA PSICOTROPICA NO ESPECIFICADA"
T440,8130,ENVENENAMIENTO POR DROGAS QUE AFECTAN PRINCIPALMENTE EL SISTEMA NERVIOSO AUTONOMO: AGENTES ANTICOLINESTERASA
T441,8131,ENVENENAMIENTO POR DROGAS QUE AFECTAN PRINCIPALMENTE EL SISTEMA NERVIOSO AUTONOMO: OTROS PARASIMPATICOMIMETICOS [COLINERGICOS]
T442,8132,"ENVENENAMIENTO POR DROGAS QUE AFECTAN PRINCIPALMENTE EL SISTEMA NERVIOSO AUTONOMO: DROGAS BLOQUEADORAS GANGLIONARES, NO CLASIFICADAS EN OTRA PARTE"
T443,8133,"ENVENENAMIENTO POR DROGAS QUE AFECTAN PRINCIPALMENTE EL SISTEMA NERVIOSO AUTONOMO: OTROS PARASIMPATICOLITICOS [ANTICOLINERGICOS Y ANTIMUSCARINICOS] Y ESPASMOLITICOS, NO CLASIFICADOS EN OTRA PARTE"
T444,8134,"ENVENENAMIENTO POR DROGAS QUE AFECTAN PRINCIPALMENTE EL SISTEMA NERVIOSO AUTONOMO: AGONISTAS, PREDOMINANTEMENTE ALFA-ADRENERGICOS, NO CLASIFICADOS EN OTRA PARTE"
T445,8135,"ENVENENAMIENTO POR DROGAS QUE AFECTAN PRINCIPALMENTE EL SISTEMA NERVIOSO AUTONOMO: AGONISTAS, PREDOMINANTEMENTE BETA-ADRENERGICOS, NO CLASIFICADOS EN OTRA PARTE"
T446,8136,"ENVENENAMIENTO POR DROGAS QUE AFECTAN PRINCIPALMENTE EL SISTEMA NERVIOSO AUTONOMO: ANTAGONISTAS, ALFA-ADRENERGICOS, NO CLASIFICADOS EN OTRA PARTE"
T447,8137,"ENVENENAMIENTO POR DROGAS QUE AFECTAN PRINCIPALMENTE EL SISTEMA NERVIOSO AUTONOMO: ANTAGONISTAS, BETA-ADRENERGICOS, NO CLASIFICADOS EN OTRA PARTE"
T448,8138,"ENVENENAMIENTO POR DROGAS QUE AFECTAN PRINCIPALMENTE EL SISTEMA NERVIOSO AUTONOMO: AGENTES DE ACCION CENTRAL Y BLOQUEADORES NEURONALES ADRENERGICOS, NO CLASIFICADOS EN OTRA PARTE"
T449,8139,ENVENENAMIENTO POR DROGAS QUE AFECTAN PRINCIPALMENTE EL SISTEMA NERVIOSO AUTONOMO: OTRAS DROGAS Y LAS NO ESPECIFICADAS QUE AFECTAN PRINCIPALMENTE EL SISTEMA NERVIOSO AUTONOMO
T450,8140,"ENVENENAMIENTO POR AGENTES PRINCIPALMENTE SISTEMICOS Y HEMATOLOGICOS, NO CLASIFICADOS EN OTRA PARTE: DROGAS ANTIALERGICAS Y ANTIEMETICAS"
T451,8141,"ENVENENAMIENTO POR AGENTES PRINCIPALMENTE SISTEMICOS Y HEMATOLOGICOS, NO CLASIFICADOS EN OTRA PARTE: DROGAS ANTINEOPLASICAS E INMUNOSUPRESORAS"
T452,8142,"ENVENENAMIENTO POR AGENTES PRINCIPALMENTE SISTEMICOS Y HEMATOLOGICOS, NO CLASIFICADOS EN OTRA PARTE: VITAMINAS, NO CLASIFICADAS EN OTRA PARTE"
T453,8143,"ENVENENAMIENTO POR AGENTES PRINCIPALMENTE SISTEMICOS Y HEMATOLOGICOS, NO CLASIFICADOS EN OTRA PARTE: ENZIMAS, NO CLASIFICADAS EN OTRA PARTE"
T454,8144,"ENVENENAMIENTO POR AGENTES PRINCIPALMENTE SISTEMICOS Y HEMATOLOGICOS, NO CLASIFICADOS EN OTRA PARTE: HIERRO Y SUS COMPUESTOS"
T455,8145,"ENVENENAMIENTO POR AGENTES PRINCIPALMENTE SISTEMICOS Y HEMATOLOGICOS, NO CLASIFICADOS EN OTRA PARTE: ANTICOAGULANTES"
T456,8146,"ENVENENAMIENTO POR AGENTES PRINCIPALMENTE SISTEMICOS Y HEMATOLOGICOS, NO CLASIFICADOS EN OTRA PARTE: DROGAS QUE AFECTAN LA FIBRINOLISIS"
T457,8147,"ENVENENAMIENTO POR AGENTES PRINCIPALMENTE SISTEMICOS Y HEMATOLOGICOS, NO CLASIFICADOS EN OTRA PARTE: ANTAGONISTAS DE ANTICOAGULANTES, VITAMINA K Y OTROS COAGULANTES"
T458,8148,"ENVENENAMIENTO POR AGENTES PRINCIPALMENTE SISTEMICOS Y HEMATOLOGICOS, NO CLASIFICADOS EN OTRA PARTE: OTROS AGENTES PRINCIPALMENTE SISTEMICOS Y HEMATOLOGICOS"
T459,8149,"ENVENENAMIENTO POR AGENTES PRINCIPALMENTE SISTEMICOS Y HEMATOLOGICOS, NO CLASIFICADOS EN OTRA PARTE: AGENTES PRINCIPALMENTE SISTEMICOS Y HEMATOLOGICOS, NO ESPECIFICADOS"
T460,8150,ENVENENAMIENTO POR AGENTES QUE AFECTAN PRINCIPALMENTE EL SISTEMA CARDIOVASCULAR: GLUCOSIDOS CARDIOTONICOS Y MEDICAMENTOS DE ACCION SIMILAR
T461,8151,ENVENENAMIENTO POR AGENTES QUE AFECTAN PRINCIPALMENTE EL SISTEMA CARDIOVASCULAR: BLOQUEADORES DEL CANAL DEL CALCIO
T462,8152,"ENVENENAMIENTO POR AGENTES QUE AFECTAN PRINCIPALMENTE EL SISTEMA CARDIOVASCULAR: OTRAS DROGAS ANTIARRITMICAS, NO CLASIFICADAS EN OTRA PARTE"
T463,8153,"ENVENENAMIENTO POR AGENTES QUE AFECTAN PRINCIPALMENTE EL SISTEMA CARDIOVASCULAR: VASODILATADORES CORONARIOS, NO CLASIFICADOS EN OTRA PARTE"
T464,8154,ENVENENAMIENTO POR AGENTES QUE AFECTAN PRINCIPALMENTE EL SISTEMA CARDIOVASCULAR: INHIBIDORES DE LA ENZIMA CONVERTIDORA DE LA ANGIOTENSINA
T465,8155,"ENVENENAMIENTO POR AGENTES QUE AFECTAN PRINCIPALMENTE EL SISTEMA CARDIOVASCULAR: OTRAS DROGAS ANTIHIPERTENSIVAS, NO CLASIFICADAS EN OTRA PARTE"
T466,8156,ENVENENAMIENTO POR AGENTES QUE AFECTAN PRINCIPALMENTE EL SISTEMA CARDIOVASCULAR: DROGAS ANTILIPEMICAS Y ANTIARTERIOSCLEROTICAS
T467,8157,ENVENENAMIENTO POR AGENTES QUE AFECTAN PRINCIPALMENTE EL SISTEMA CARDIOVASCULAR: VASODILATADORES PERIFERICOS
T468,8158,"ENVENENAMIENTO POR AGENTES QUE AFECTAN PRINCIPALMENTE EL SISTEMA CARDIOVASCULAR: DROGAS ANTIVARICOSAS, INCLUSIVE AGENTES ESCLEROSANTES"
T469,8159,ENVENENAMIENTO POR AGENTES QUE AFECTAN PRINCIPALMENTE EL SISTEMA CARDIOVASCULAR: OTROS AGENTES Y LOS NO ESPECIFICADOS QUE AFECTAN PRINCIPALMENTE EL SISTEMA CARDIOVASCULAR
T470,8160,ENVENENAMIENTO POR AGENTES QUE AFECTAN PRINCIPALMENTE EL SISTEMA GASTROINTESTINAL: ANTAGONISTAS DEL RECEPTOR H2 DE HISTAMINA
T471,8161,ENVENENAMIENTO POR AGENTES QUE AFECTAN PRINCIPALMENTE EL SISTEMA GASTROINTESTINAL: OTRAS DROGAS ANTIACIDAS Y QUE INHIBEN LA SECRECION GASTRICA
T472,8162,ENVENENAMIENTO POR AGENTES QUE AFECTAN PRINCIPALMENTE EL SISTEMA GASTROINTESTINAL: LAXANTES ESTIMULANTES
T473,8163,ENVENENAMIENTO POR AGENTES QUE AFECTAN PRINCIPALMENTE EL SISTEMA GASTROINTESTINAL: LAXANTES SALINOS Y OSMOTICOS
T474,8164,ENVENENAMIENTO POR AGENTES QUE AFECTAN PRINCIPALMENTE EL SISTEMA GASTROINTESTINAL: OTROS LAXANTES
T475,8165,ENVENENAMIENTO POR AGENTES QUE AFECTAN PRINCIPALMENTE EL SISTEMA GASTROINTESTINAL: DIGESTIVOS
T476,8166,ENVENENAMIENTO POR AGENTES QUE AFECTAN PRINCIPALMENTE EL SISTEMA GASTROINTESTINAL: DROGAS ANTIDIARREICAS
T477,8167,ENVENENAMIENTO POR AGENTES QUE AFECTAN PRINCIPALMENTE EL SISTEMA GASTROINTESTINAL: EMETICOS
T478,8168,ENVENENAMIENTO POR AGENTES QUE AFECTAN PRINCIPALMENTE EL SISTEMA GASTROINTESTINAL: OTROS AGENTES QUE AFECTAN PRINCIPALMENTE EL SISTEMA GASTROINTESTINAL
T479,8169,ENVENENAMIENTO POR AGENTES QUE AFECTAN PRINCIPALMENTE EL SISTEMA GASTROINTESTINAL: AGENTES NO ESPECIFICADOS QUE AFECTAN PRINCIPALMENTE EL SISTEMA GASTROINTESTINAL
T480,8170,ENVENENAMIENTO POR AGENTES CON ACCION PRINCIPAL SOBRE LOS MUSCULOS LISOS Y ESQUELETICOS Y SOBRE EL SISTEMA RESPIRATORIO: DROGAS OXITOCICAS
T481,8171,ENVENENAMIENTO POR AGENTES CON ACCION PRINCIPAL SOBRE LOS MUSCULOS LISOS Y ESQUELETICOS Y SOBRE EL SISTEMA RESPIRATORIO: RELAJANTES MUSCULOESQUELETICOS [AGENTES BLOQUEADORES NEUROMUSCULARES]
T482,8172,ENVENENAMIENTO POR AGENTES CON ACCION PRINCIPAL SOBRE LOS MUSCULOS LISOS Y ESQUELETICOS Y SOBRE EL SISTEMA RESPIRATORIO: OTROS MEDICAMENTOS Y LOS NO ESPECIFICADOS DE ACCION PRINCIPAL SOBRE LOS MUSCULOS
T483,8173,ENVENENAMIENTO POR AGENTES CON ACCION PRINCIPAL SOBRE LOS MUSCULOS LISOS Y ESQUELETICOS Y SOBRE EL SISTEMA RESPIRATORIO: ANTITUSIGENOS
T484,8174,ENVENENAMIENTO POR AGENTES CON ACCION PRINCIPAL SOBRE LOS MUSCULOS LISOS Y ESQUELETICOS Y SOBRE EL SISTEMA RESPIRATORIO: EXPECTORANTES
T485,8175,ENVENENAMIENTO POR AGENTES CON ACCION PRINCIPAL SOBRE LOS MUSCULOS LISOS Y ESQUELETICOS Y SOBRE EL SISTEMA RESPIRATORIO: DROGAS CONTRA EL CATARRO COMUN
T486,8176,"ENVENENAMIENTO POR AGENTES CON ACCION PRINCIPAL SOBRE LOS MUSCULOS LISOS Y ESQUELETICOS Y SOBRE EL SISTEMA RESPIRATORIO: ANTIASMATICOS, NO CLASIFICADOS EN OTRA PARTE"
T487,8177,ENVENENAMIENTO POR AGENTES CON ACCION PRINCIPAL SOBRE LOS MUSCULOS LISOS Y ESQUELETICOS Y SOBRE EL SISTEMA RESPIRATORIO: OTROS AGENTES Y LOS NO ESPECIFICADOS DE ACCION PRINCIPAL SOBRE EL SISTEMA RESPIRATORIO
T490,8178,"ENVENENAMIENTO POR AGENTES TOPICOS QUE AFECTAN PRINCIPALMENTE LA PIEL Y LAS MEMBRANAS MUCOSAS Y POR DROGAS OFTALMOLOGICAS, OTORRINOLARINGOLOGICAS Y DENTALES: DROGAS LOCALES ANTIMICOTICAS, ANTIINFECCIOSAS Y ANTIINFLAMATORIAS, NO CLASIFICADAS EN OTRA PARTE"
T491,8179,"ENVENENAMIENTO POR AGENTES TOPICOS QUE AFECTAN PRINCIPALMENTE LA PIEL Y LAS MEMBRANAS MUCOSAS Y POR DROGAS OFTALMOLOGICAS, OTORRINOLARINGOLOGICAS Y DENTALES: ANTIPRURITICOS"
T492,8180,"ENVENENAMIENTO POR AGENTES TOPICOS QUE AFECTAN PRINCIPALMENTE LA PIEL Y LAS MEMBRANAS MUCOSAS Y POR DROGAS OFTALMOLOGICAS, OTORRINOLARINGOLOGICAS Y DENTALES: ASTRINGENTES Y DETERGENTES LOCALES"
T493,8181,"ENVENENAMIENTO POR AGENTES TOPICOS QUE AFECTAN PRINCIPALMENTE LA PIEL Y LAS MEMBRANAS MUCOSAS Y POR DROGAS OFTALMOLOGICAS, OTORRINOLARINGOLOGICAS Y DENTALES: EMOLIENTES, DEMULCENTES Y PROTECTORES"
T494,8182,"ENVENENAMIENTO POR AGENTES TOPICOS QUE AFECTAN PRINCIPALMENTE LA PIEL Y LAS MEMBRANAS MUCOSAS Y POR DROGAS OFTALMOLOGICAS, OTORRINOLARINGOLOGICAS Y DENTALES: QUERATOLITICOS, QUERATOPLASTICOS, DROGAS Y OTRAS PREPARACIONES PARA EL TRATAMIENTO DEL CABELLO"
T495,8183,"ENVENENAMIENTO POR AGENTES TOPICOS QUE AFECTAN PRINCIPALMENTE LA PIEL Y LAS MEMBRANAS MUCOSAS Y POR DROGAS OFTALMOLOGICAS, OTORRINOLARINGOLOGICAS Y DENTALES: DROGAS Y PREPARACIONES OFTALMOLOGICAS"
T496,8184,"ENVENENAMIENTO POR AGENTES TOPICOS QUE AFECTAN PRINCIPALMENTE LA PIEL Y LAS MEMBRANAS MUCOSAS Y POR DROGAS OFTALMOLOGICAS, OTORRINOLARINGOLOGICAS Y DENTALES: DROGAS Y PREPARACIONES OTORRINOLARINGOLOGICAS"
T497,8185,"ENVENENAMIENTO POR AGENTES TOPICOS QUE AFECTAN PRINCIPALMENTE LA PIEL Y LAS MEMBRANAS MUCOSAS Y POR DROGAS OFTALMOLOGICAS, OTORRINOLARINGOLOGICAS Y DENTALES: DROGAS DENTALES, APLICADAS TOPICAMENTE"
T498,8186,"ENVENENAMIENTO POR AGENTES TOPICOS QUE AFECTAN PRINCIPALMENTE LA PIEL Y LAS MEMBRANAS MUCOSAS Y POR DROGAS OFTALMOLOGICAS, OTORRINOLARINGOLOGICAS Y DENTALES: OTROS AGENTES TOPICOS"
T499,8187,"ENVENENAMIENTO POR AGENTES TOPICOS QUE AFECTAN PRINCIPALMENTE LA PIEL Y LAS MEMBRANAS MUCOSAS Y POR DROGAS OFTALMOLOGICAS, OTORRINOLARINGOLOGICAS Y DENTALES: AGENTES TOPICOS, NO ESPECIFICADOS"
T500,8188,"ENVENENAMIENTO POR DIURETICOS Y OTRAS DROGAS, MEDICAMENTOS Y SUSTANCIAS BIOLOGICAS NO ESPECIFICADAS: MINERALOCORTICOIDES Y SUS ANTAGONISTAS"
T501,8189,"ENVENENAMIENTO POR DIURETICOS Y OTRAS DROGAS, MEDICAMENTOS Y SUSTANCIAS BIOLOGICAS NO ESPECIFICADAS: DIURETICOS DEL ASA [DINTEL ALTO]"
T502,8190,"ENVENENAMIENTO POR DIURETICOS Y OTRAS DROGAS, MEDICAMENTOS Y SUSTANCIAS BIOLOGICAS NO ESPECIFICADAS: INHIBIDORES DE LA ANHIDRASA DEL ACIDO CARBONICO, BENZOTIAZIDAS Y OTROS DIURETICOS"
T503,8191,"ENVENENAMIENTO POR DIURETICOS Y OTRAS DROGAS, MEDICAMENTOS Y SUSTANCIAS BIOLOGICAS NO ESPECIFICADAS: AGENTES DEL EQUILIBRIO HIDROELECTROLITICO, ELECTROLITICO Y CALORICO"
T504,8192,"ENVENENAMIENTO POR DIURETICOS Y OTRAS DROGAS, MEDICAMENTOS Y SUSTANCIAS BIOLOGICAS NO ESPECIFICADAS: DROGAS QUE AFECTAN EL METABOLISMO DEL ACIDO URICO"
T505,8193,"ENVENENAMIENTO POR DIURETICOS Y OTRAS DROGAS, MEDICAMENTOS Y SUSTANCIAS BIOLOGICAS NO ESPECIFICADAS: DEPRESORES DEL APETITO"
T506,8194,"ENVENENAMIENTO POR DIURETICOS Y OTRAS DROGAS, MEDICAMENTOS Y SUSTANCIAS BIOLOGICAS NO ESPECIFICADAS: ANTIDOTOS Y AGENTES QUELANTES, NO CLASIFICADOS EN OTRA PARTE"
T507,8195,"ENVENENAMIENTO POR DIURETICOS Y OTRAS DROGAS, MEDICAMENTOS Y SUSTANCIAS BIOLOGICAS NO ESPECIFICADAS: ANALEPTICOS Y ANTAGONISTAS DEL OPIO"
T508,8196,"ENVENENAMIENTO POR DIURETICOS Y OTRAS DROGAS, MEDICAMENTOS Y SUSTANCIAS BIOLOGICAS NO ESPECIFICADAS: AGENTES DIAGNOSTICOS"
T509,8197,"ENVENENAMIENTO POR DIURETICOS Y OTRAS DROGAS, MEDICAMENTOS Y SUSTANCIAS BIOLOGICAS NO ESPECIFICADAS: OTRAS DROGAS Y SUSTANCIAS BIOLOGICAS, Y LAS NO ESPECIFICADAS"
T510,8198,EFECTO TOXICO DEL ALCOHOL: ETANOL
T511,8199,EFECTO TOXICO DEL ALCOHOL: METANOL
T512,8200,EFECTO TOXICO DEL ALCOHOL: PROPANOL-2
T513,8201,EFECTO TOXICO DEL ALCOHOL: LICOR DE ALCOHOL INSUFICIENTEMENTE DESTILADO
T518,8202,EFECTO TOXICO DEL ALCOHOL: OTROS ALCOHOLES
T519,8203,"EFECTO TOXICO DEL ALCOHOL: ALCOHOL, NO ESPECIFICADO"
T520,8204,EFECTO TOXICO DE DISOLVENTES ORGANICOS: PRODUCTOS DEL PETROLEO
T521,8205,EFECTO TOXICO DE DISOLVENTES ORGANICOS: BENCENO
T522,8206,EFECTO TOXICO DE DISOLVENTES ORGANICOS: HOMOLOGOS DEL BENCENO
T523,8207,EFECTO TOXICO DE DISOLVENTES ORGANICOS: GLICOLES
T524,8208,EFECTO TOXICO DE DISOLVENTES ORGANICOS: CETONAS
T528,8209,EFECTO TOXICO DE DISOLVENTES ORGANICOS: OTROS DISOLVENTES ORGANICOS
T529,8210,"EFECTO TOXICO DE DISOLVENTES ORGANICOS: DISOLVENTES ORGANICOS, NO ESPECIFICADOS"
T530,8211,EFECTO TOXICO DE LOS DERIVADOS HALOGENADOS DE LOS HIDROCARBUROS ALIFATICOS Y AROMATICOS: TETRACLORURO DE CARBONO
T531,8212,EFECTO TOXICO DE LOS DERIVADOS HALOGENADOS DE LOS HIDROCARBUROS ALIFATICOS Y AROMATICOS: CLOROFORMO
T532,8213,EFECTO TOXICO DE LOS DERIVADOS HALOGENADOS DE LOS HIDROCARBUROS ALIFATICOS Y AROMATICOS: TRICLOROETILENO
T533,8214,EFECTO TOXICO DE LOS DERIVADOS HALOGENADOS DE LOS HIDROCARBUROS ALIFATICOS Y AROMATICOS: TETRACLOROETILENO
T534,8215,EFECTO TOXICO DE LOS DERIVADOS HALOGENADOS DE LOS HIDROCARBUROS ALIFATICOS Y AROMATICOS: DICLOROETANO
T535,8216,EFECTO TOXICO DE LOS DERIVADOS HALOGENADOS DE LOS HIDROCARBUROS ALIFATICOS Y AROMATICOS: CLOROFLUORCARBUROS
T536,8217,EFECTO TOXICO DE LOS DERIVADOS HALOGENADOS DE LOS HIDROCARBUROS ALIFATICOS Y AROMATICOS: OTROS DERIVADOS HALOGENADOS DE LOS HIDROCARBUROS ALIFATICOS
T537,8218,EFECTO TOXICO DE LOS DERIVADOS HALOGENADOS DE LOS HIDROCARBUROS ALIFATICOS Y AROMATICOS: OTROS DERIVADOS HALOGENADOS DE LOS HIDROCARBUROS AROMATICOS
T539,8219,"EFECTO TOXICO DE LOS DERIVADOS HALOGENADOS DE LOS HIDROCARBUROS ALIFATICOS Y AROMATICOS: DERIVADOS HALOGENADOS DE HIDROCARBUROS ALIFATICOS Y AROMATICOS, NO ESPECIFICADOS"
T540,8220,EFECTO TOXICO DE SUSTANCIAS CORROSIVAS: FENOL Y HOMOLOGOS DEL FENOL
T541,8221,EFECTO TOXICO DE SUSTANCIAS CORROSIVAS: OTROS COMPUESTOS ORGANICOS CORROSIVOS
T542,8222,EFECTO TOXICO DE SUSTANCIAS CORROSIVAS: ACIDOS CORROSIVOS Y SUSTANCIAS ACIDAS SIMILARES
T543,8223,EFECTO TOXICO DE SUSTANCIAS CORROSIVAS: ALCALIS CAUSTICOS Y SUSTANCIAS ALCALINAS SIMILARES
T549,8224,"EFECTO TOXICO DE SUSTANCIAS CORROSIVAS: EFECTO TOXICO DE SUSTANCIA CORROSIVA, NO ESPECIFICADA"
T55,8225,EFECTO TOXICO DE DETERGENTES Y JABONES
T560,8226,EFECTO TOXICO DE METALES: PLOMO Y SUS COMPUESTOS
T561,8227,EFECTO TOXICO DE METALES: MERCURIO Y SUS COMPUESTOS
T562,8228,EFECTO TOXICO DE METALES: CROMO Y SUS COMPUESTOS
T563,8229,EFECTO TOXICO DE METALES: CADMIO Y SUS COMPUESTOS
T564,8230,EFECTO TOXICO DE METALES: COBRE Y SUS COMPUESTOS
T565,8231,EFECTO TOXICO DE METALES: ZINC Y SUS COMPUESTOS
T566,8232,EFECTO TOXICO DE METALES: ESTAÑO Y SUS COMPUESTOS
T567,8233,EFECTO TOXICO DE METALES: BERILIO Y SUS COMPUESTOS
T568,8234,EFECTO TOXICO DE METALES: OTROS METALES
T569,8235,"EFECTO TOXICO DE METALES: METAL, NO ESPECIFICADO"
T570,8236,EFECTO TOXICO DE OTRAS SUSTANCIAS INORGANICAS: ARSENICO Y SUS COMPUESTOS
T571,8237,EFECTO TOXICO DE OTRAS SUSTANCIAS INORGANICAS: FOSFORO Y SUS COMPUESTOS
T572,8238,EFECTO TOXICO DE OTRAS SUSTANCIAS INORGANICAS: MANGANESO Y SUS COMPUESTOS
T573,8239,EFECTO TOXICO DE OTRAS SUSTANCIAS INORGANICAS: ACIDO CIANHIDRICO
T578,8240,"EFECTO TOXICO DE OTRAS SUSTANCIAS INORGANICAS: OTRAS SUSTANCIAS INORGANICAS, ESPECIFICADAS"
T579,8241,"EFECTO TOXICO DE OTRAS SUSTANCIAS INORGANICAS: SUSTANCIA INORGANICAS, NO ESPECIFICADA"
T58,8242,EFECTO TOXICO DEL MONOXIDO DE CARBONO
T590,8243,"EFECTO TOXICO DE GASES, HUMOS Y VAPORES: OXIDOS DE NITROGENO"
T591,8244,"EFECTO TOXICO DE GASES, HUMOS Y VAPORES: DIOXIDO DE SULFURO"
T592,8245,"EFECTO TOXICO DE GASES, HUMOS Y VAPORES: FORMALDEHIDO"
T593,8246,"EFECTO TOXICO DE GASES, HUMOS Y VAPORES: GAS LACRIMOGENO"
T594,8247,"EFECTO TOXICO DE GASES, HUMOS Y VAPORES: CLORO GASEOSO"
T595,8248,"EFECTO TOXICO DE GASES, HUMOS Y VAPORES: GAS DE FLUOR Y FLUORURO DE HIDROGENO"
T596,8249,"EFECTO TOXICO DE GASES, HUMOS Y VAPORES: SULFURO DE HIDROGENO"
T597,8250,"EFECTO TOXICO DE GASES, HUMOS Y VAPORES: DIOXIDO DE CARBONO"
T598,8251,"EFECTO TOXICO DE GASES, HUMOS Y VAPORES: OTROS GASES, HUMOS Y VAPORES ESPECIFICADOS"
T599,8252,"EFECTO TOXICO DE GASES, HUMOS Y VAPORES: GASES, HUMOS Y VAPORES NO ESPECIFICADOS"
T600,8253,EFECTO TOXICO DE PLAGUICIDAS [PESTICIDAS]: INSECTICIDAS FOSFORADOS Y CARBAMATOS
T601,8254,EFECTO TOXICO DE PLAGUICIDAS [PESTICIDAS]: INSECTICIDAS HALOGENADOS
T602,8255,EFECTO TOXICO DE PLAGUICIDAS [PESTICIDAS]: OTROS INSECTICIDAS
T603,8256,EFECTO TOXICO DE PLAGUICIDAS [PESTICIDAS]: HERBICIDAS Y FUNGICIDAS
T604,8257,EFECTO TOXICO DE PLAGUICIDAS [PESTICIDAS]: RODENTICIDAS
T608,8258,EFECTO TOXICO DE PLAGUICIDAS [PESTICIDAS]: OTROS PLAGUICIDAS
T609,8259,EFECTO TOXICO DE PLAGUICIDAS [PESTICIDAS]: PLAGUICIDA NO ESPECIFICADO
T610,8260,EFECTO TOXICO DE SUSTANCIAS NOCIVAS INGERIDAS COMO ALIMENTOS MARINOS: ENVENENAMIENTO CIGUATERO POR PESCADO
T611,8261,EFECTO TOXICO DE SUSTANCIAS NOCIVAS INGERIDAS COMO ALIMENTOS MARINOS: ENVENENAMIENTO ESCOMBROIDEO POR PESCADO
T612,8262,EFECTO TOXICO DE SUSTANCIAS NOCIVAS INGERIDAS COMO ALIMENTOS MARINOS: OTROS ENVENENAMIENTOS POR PESCADO Y MARISCOS
T618,8263,EFECTO TOXICO DE SUSTANCIAS NOCIVAS INGERIDAS COMO ALIMENTOS MARINOS: EFECTO TOXICO DE OTROS ALIMENTOS MARINOS
T619,8264,EFECTO TOXICO DE SUSTANCIAS NOCIVAS INGERIDAS COMO ALIMENTOS MARINOS: EFECTO TOXICO DE ALIMENTOS MARINOS NO ESPECIFICADOS
T620,8265,EFECTO TOXICO DE OTRAS SUSTANCIAS NOCIVAS INGERIDAS COMO ALIMENTO: HONGOS INGERIDOS
T621,8266,EFECTO TOXICO DE OTRAS SUSTANCIAS NOCIVAS INGERIDAS COMO ALIMENTO: BAYAS INGERIDAS
T622,8267,EFECTO TOXICO DE OTRAS SUSTANCIAS NOCIVAS INGERIDAS COMO ALIMENTO: OTRA(S) (PARTES DE) PLANTA(S) INGERIDA(S)
T628,8268,EFECTO TOXICO DE OTRAS SUSTANCIAS NOCIVAS INGERIDAS COMO ALIMENTO: OTRAS SUSTANCIAS NOCIVAS INGERIDAS COMO ALIMENTO
T629,8269,"EFECTO TOXICO DE OTRAS SUSTANCIAS NOCIVAS INGERIDAS COMO ALIMENTO: SUSTANCIA NOCIVA INGERIDA COMO ALIMENTO, NO ESPECIFICADA"
T630,8270,EFECTO TOXICO DEL CONTACTO CON ANIMALES VENENOSOS: VENENO DE SERPIENTE
T631,8271,EFECTO TOXICO DEL CONTACTO CON ANIMALES VENENOSOS: VENENO DE OTROS REPTILES
T632,8272,EFECTO TOXICO DEL CONTACTO CON ANIMALES VENENOSOS: VENENO DE ESCORPION
T633,8273,EFECTO TOXICO DEL CONTACTO CON ANIMALES VENENOSOS: VENENO DE ARAÑAS
T634,8274,EFECTO TOXICO DEL CONTACTO CON ANIMALES VENENOSOS: VENENO DE OTROS ARTROPODOS
T635,8275,EFECTO TOXICO DEL CONTACTO CON ANIMALES VENENOSOS: EFECTO TOXICO DEL CONTACTO CON PECES
T636,8276,EFECTO TOXICO DEL CONTACTO CON ANIMALES VENENOSOS: EFECTO TOXICO DEL CONTACTO CON OTROS ANIMALES MARINOS
T638,8277,EFECTO TOXICO DEL CONTACTO CON ANIMALES VENENOSOS: EFECTO TOXICO DEL CONTACTO CON OTROS ANIMALES VENENOSOS
T639,8278,EFECTO TOXICO DEL CONTACTO CON ANIMALES VENENOSOS: EFECTO TOXICO DEL CONTACTO CON ANIMAL VENENOSO NO ESPECIFICADO
T64,8279,EFECTO TOXICO DE AFLATOXINA Y OTRAS MICOTOXINAS CONTAMINANTES DE ALIMENTOS
T650,8280,EFECTO TOXICO DE OTRAS SUSTANCIAS Y LAS NO ESPECIFICADAS: CIANURO
T651,8281,EFECTO TOXICO DE OTRAS SUSTANCIAS Y LAS NO ESPECIFICADAS: ESTRICNINA Y SUS SALES
T652,8282,EFECTO TOXICO DE OTRAS SUSTANCIAS Y LAS NO ESPECIFICADAS: TABACO Y NICOTINA
T653,8283,EFECTO TOXICO DE OTRAS SUSTANCIAS Y LAS NO ESPECIFICADAS: NITRODERIVADOS Y AMINODERIVADOS DEL BENCENO Y SUS HOMOLOGOS
T654,8284,EFECTO TOXICO DE OTRAS SUSTANCIAS Y LAS NO ESPECIFICADAS: BISULFURO DE CARBONO
T655,8285,EFECTO TOXICO DE OTRAS SUSTANCIAS Y LAS NO ESPECIFICADAS: NITROGLICERINA Y OTROS ACIDOS Y ESTERES NITRICOS
T656,8286,"EFECTO TOXICO DE OTRAS SUSTANCIAS Y LAS NO ESPECIFICADAS: PINTURAS Y COLORANTES, NO CLASIFICADOS EN OTRA PARTE"
T658,8287,EFECTO TOXICO DE OTRAS SUSTANCIAS Y LAS NO ESPECIFICADAS: EFECTOS TOXICOS DE OTRAS SUSTANCIAS ESPECIFICADAS
T659,8288,EFECTO TOXICO DE OTRAS SUSTANCIAS Y LAS NO ESPECIFICADAS: EFECTO TOXICO DE SUSTANCIA NO ESPECIFICADA
T66,8289,EFECTOS NO ESPECIFICADOS DE LA RADIACION
T670,8290,GOLPE DE CALOR E INSOLACION
T671,8291,SINCOPE DE CALOR
T672,8292,CALAMBRE POR CALOR
T673,8293,"AGOTAMIENTO POR CALOR, ANHIDROTICO"
T674,8294,AGOTAMIENTO POR CALOR DEBIDO A DEPLECION DE SAL
T675,8295,AGOTAMIENTO POR CALOR NO ESPECIFICADO
T676,8296,"FATIGA POR CALOR, TRANSITORIA"
T677,8297,EDEMA POR CALOR
T678,8298,OTROS EFECTOS DEL CALOR Y DE LA LUZ
T679,8299,"EFECTO DEL CALOR Y DE LA LUZ, NO ESPECIFICADO"
T68,8300,HIPOTERMIA
T690,8301,MANO Y PIE DE INMERSION
T691,8302,SABAÑON(ES)
T698,8303,OTROS EFECTOS ESPECIFICADOS DE LA REDUCCION DE LA TEMPERATURA
T699,8304,"EFECTO DE LA REDUCCION DE LA TEMPERATURA, NO ESPECIFICADO"
T700,8305,BAROTRAUMA OTITICO
T701,8306,BAROTRAUMA SINUSAL
T702,8307,OTROS EFECTOS Y LOS NO ESPECIFICADOS DE LA GRAN ALTITUD
T703,8308,ENFERMEDAD POR DESCOMPRESION [DE LOS CAJONES SUMERGIDOS]
T704,8309,EFECTOS DE LIQUIDOS CON ALTA PRESION
T708,8310,OTROS EFECTOS DE LA PRESION DEL AIRE Y DEL AGUA
T709,8311,"EFECTO DE LA PRESION DEL AIRE Y DEL AGUA, NO ESPECIFICADO"
T71,8312,ASFIXIA
T730,8313,EFECTOS DEL HAMBRE
T731,8314,EFECTOS DE LA SED
T732,8315,AGOTAMIENTO DEBIDO A EXPOSICION A LA INTEMPERIE
T733,8316,AGOTAMIENTO DEBIDO A ESFUERZO EXCESIVO
T738,8317,OTROS EFECTOS DE PRIVACION
T739,8318,"EFECTOS DE PRIVACION, NO ESPECIFICADOS"
T740,8319,NEGLIGENCIA O ABANDONO
T741,8320,ABUSO FISICO
T742,8321,ABUSO SEXUAL
T743,8322,ABUSO PSICOLOGICO
T748,8323,OTROS SINDROMES DE MALTRATO
T749,8324,"SINDROME DE MALTRATO, NO ESPECIFICADO"
T750,8325,EFECTOS DEL RAYO
T751,8326,AHOGAMIENTO Y SUMERSION NO MORTAL
T752,8327,EFECTOS DE LA VIBRACION
T753,8328,MAL DEL MOVIMIENTO
T754,8329,EFECTOS DE LA CORRIENTE ELECTRICA
T758,8330,OTROS EFECTOS ESPECIFICADOS DE CAUSAS EXTERNAS
T780,8331,CHOQUE ANAFILACTICO DEBIDO A REACCION ADVERSA A ALIMENTOS
T781,8332,"OTRA REACCION ADVERSA A ALIMENTOS, NO CLASIFICADA EN OTRA PARTE"
T782,8333,"CHOQUE ANAFILACTICO, NO ESPECIFICADO"
T783,8334,EDEMA ANGIONEUROTICO
T784,8335,ALERGIA NO ESPECIFICADA
T788,8336,"OTROS EFECTOS ADVERSOS, NO CLASIFICADOS EN OTRA PARTE"
T789,8337,EFECTOS ADVERSOS NO ESPECIFICADO
T790,8338,EMBOLIA GASEOSA (TRAUMATICA)
T791,8339,EMBOLIA GRASA (TRAUMATICA)
T792,8340,HEMORRAGIA TRAUMATICA SECUNDARIA Y RECURRENTE
T793,8341,"INFECCION POSTRAUMATICA DE HERIDA, NO CLASIFICADA EN OTRA PARTE"
T794,8342,CHOQUE TRAUMATICO
T795,8343,ANURIA TRAUMATICA
T796,8344,ISQUEMIA TRAUMATICA DEL MUSCULO
T797,8345,ENFISEMA SUBCUTANEO TRAUMATICO
T798,8346,OTRAS COMPLICACIONES PRECOCES DE LOS TRAUMATISMOS
T799,8347,COMPLICACIONES PRECOCES NO ESPECIFICADAS DE LOS TRAUMATISMOS
T800,8348,"EMBOLIA GASEOSA CONSECUTIVAS A INFUSION, TRANSFUSION E INYECCION TERAPEUTICA"
T801,8349,"COMPLICACIONES VASCULARES CONSECUTIVAS A INFUSION, TRANSFUSION E INYECCION TERAPEUTICA"
T802,8350,"INFECCIONES CONSECUTIVAS A INFUSION, TRANSFUSION E INYECCION TERAPEUTICA"
T803,8351,REACCION DE INCOMPATIBILIDAD AL GRUPO ABO
T804,8352,REACCION DE INCOMPATIBILIDAD A Rh
T805,8353,CHOQUE ANAFILACTICO DEBIDO A SUERO
T806,8354,OTRAS REACCIONES AL SUERO
T808,8355,"OTRAS COMPLICACIONES CONSECUTIVAS A INFUSION, TRANSFUSION E INYECCION TERAPEUTICA"
T809,8356,"COMPLICACIONES NO ESPECIFICADAS CONSECUTIVAS A INFUSION, TRANSFUSION E INYECCION TERAPEUTICA"
T810,8357,"HEMORRAGIA Y HEMATOMA QUE COMPLICAN UN PROCEDIMIENTO, NO CLASIFICADOS EN OTRA PARTE"
T811,8358,"CHOQUE DURANTE O RESULTANTE DE UN PROCEDIMIENTO, NO CLASIFICADO EN OTRA PARTE"
T812,8359,"PUNCION O LACERACION ACCIDENTAL DURANTE UN PROCEDIMIENTO, NO CLASIFICADAS EN OTRA PARTE"
T813,8360,"DESGARRO DE HERIDA OPERATORIA, NO CLASIFICADO EN OTRA PARTE"
T814,8361,"INFECCION CONSECUTIVA A PROCEDIMIENTO, NO CLASIFICADA EN OTRA PARTE"
T815,8362,CUERPO EXTRAÑO DEJADO ACCIDENTALMENTE EN CAVIDAD CORPORAL O EN HERIDA OPERATORIA CONSECUTIVA A PROCEDIMIENTO
T816,8363,REACCIÓN AGUDA A SUSTANCIA EXTRAÑA DEJADA ACCIDENTALMENTE DURANTE UN PROCEDIMIENTO
T817,8364,"COMPLICACIONES VASCULARES CONSECUTIVAS A PROCEDIMIENTOS, NO CLASIFICADAS EN OTRA PARTE"
T818,8365,"OTRAS COMPLICACIONES DE PROCEDIMIENTOS, NO CLASIFICADAS EN OTRA PARTE"
T819,8366,"COMPLICACIONES DE PROCEDIMIENTOS, NO ESPECIFICADA"
T820,8367,COMPLICACION MECANICA DE PROTESIS DE VALVULA CARDIACA
T821,8368,COMPLICACION MECANICA DE DISPOSITIVO ELECTRONICO CARDIACO
T822,8369,COMPLICACION MECANICA DE DERIVACION DE ARTERIA CORONARIA E INJERTO VASCULAR
T823,8370,COMPLICACION MECANICA DE OTROS INJERTOS VASCULARES
T824,8371,COMPLICACION MECANICA DE CATETER PARA DIALISIS VASCULAR
T825,8372,COMPLICACION MECANICA DE OTROS DISPOSITIVOS E IMPLANTES CARDIOVASCULARES
T826,8373,INFECCION Y REACCION INFLAMATORIA DEBIDAS A PROTESIS DE VALVULA CARDIACA
T827,8374,"INFECCION Y REACCION INFLAMATORIA DEBIDAS A OTROS DISPOSITIVOS, IMPLANTES E INJERTOS CARDIOVASCULARES"
T828,8375,"OTRAS COMPLICACIONES DE DISPOSITIVOS PROTESICOS, IMPLANTES E INJERTOS CARDIOVASCULARES"
T829,8376,"COMPLICACION NO ESPECIFICADA DE DISPOSITIVO PROTESICO, IMPLANTE E INJERTO CARDIOVASCULAR"
T830,8377,COMPLICACION MECANICA DE CATETER URINARIO (FIJO)
T831,8378,COMPLICACION MECANICA DE OTROS DISPOSITIVOS E IMPLANTES URINARIOS
T832,8379,COMPLICACION MECANICA DE INJERTO EN ORGANO URINARIO
T833,8380,COMPLICACION MECANICA DE DISPOSITIVO ANTICONCEPTIVO INTRAUTERINO
T834,8381,"COMPLICACION MECANICA DE OTROS DISPOSITIVOS, IMPLANTES E INJERTOS EN EL TRACTO GENITAL"
T835,8382,"INFECCION Y REACCION INFLAMATORIA DEBIDAS A DISPOSITIVO PROTESICO, IMPLANTE E INJERTO EN EL SISTEMA URINARIO"
T836,8383,"INFECCION Y REACCION INFLAMATORIA DEBIDAS A DISPOSITIVO PROTESICO, IMPLANTE E INJERTO EN EL TRACTO GENITAL"
T838,8384,"OTRAS COMPLICACIONES DE DISPOSITIVOS PROTESICOS, IMPLANTES E INJERTOS GENITOURINARIOS:"
T839,8385,"COMPLICACION NO ESPECIFICADA DE DISPOSITIVO PROTESICO, IMPLANTE E INJERTO GENITOURINARIO"
T840,8386,COMPLICACION MECANICA DE PROTESIS ARTICULAR INTERNA
T841,8387,COMPLICACION MECANICA DE DISPOSITIVO DE FIJACION INTERNA DE HUESOS DE UN MIEMBRO
T842,8388,COMPLICACION MECANICA DE DISPOSITIVO DE FIJACION INTERNA DE OTROS HUESOS
T843,8389,"COMPLICACION MECANICA DE OTROS DISPOSITIVOS OSEOS, IMPLANTES E INJERTOS"
T844,8390,"COMPLICACION MECANICA DE OTROS DISPOSITIVOS PROTESICOS, IMPLANTES E INJERTOS ORTOPEDICOS INTERNOS"
T845,8391,INFECCION Y REACCION INFLAMATORIA DEBIDAS A PROTESIS ARTICULAR INTERNA
T846,8392,INFECCION Y REACCION INFLAMATORIA DEBIDAS A DISPOSITIVO DE FIJACION INTERNA (CUALQUIER SITIO)
T847,8393,"INFECCION Y REACCION INFLAMATORIA DEBIDAS A OTROS DISPOSITIVO DE FIJACION INTERNA (CUALQUIER SITIO) DISPOSITIVOS PROTESICOS, IMPLANTES E INJERTOS ORTOPEDICOS INTERNOS"
T848,8394,"OTRAS COMPLICACIONES DE DISPOSITIVOS PROTESICOS, IMPLANTES E INJERTOS ORTOPEDICOS INTERNOS"
T849,8395,"COMPLICACIONES NO ESPECIFICADAS DE DISPOSITIVOS PROTESICOS, IMPLANTES E INJERTOS ORTOPEDICOS INTERNOS"
T850,8396,COMPLICACION MECANICA DE DERIVACION (ANASTOMOTICA) VENTRICULAR INTRACRANEAL
T851,8397,COMPLICACION MECANICA DE IMPLANTE DE ESTIMULADOR ELECTRONICO DEL SISTEMA NERVIOSO
T852,8398,COMPLICACION MECANICA DE LENTES INTRAOCULARES
T853,8399,"COMPLICACION MECANICA DE OTROS DISPOSITIVOS PROTESICOS, IMPLANTES E INJERTOS OCULARES"
T854,8400,COMPLICACION MECANICA DE PROTESIS E IMPLANTE DE MAMA
T855,8401,"COMPLICACION MECANICA DE DISPOSITIVO PROTESICO, IMPLANTE E INJERTO GASTROINTESTINAL"
T856,8402,"COMPLICACION MECANICA DE OTROS DISPOSITIVOS PROTESICOS, IMPLANTES E INJERTOS INTERNOS ESPECIFICADOS"
T857,8403,"INFECCION Y REACCION INFLAMATORIA DEBIDAS A OTROS DISPOSITIVOS PROTESICOS, IMPLANTES E INJERTOS INTERNOS"
T858,8404,"OTRAS COMPLICACIONES DE OTROS DISPOSITIVOS PROTESICOS, IMPLANTES E INJERTOS INTERNOS, NO CLASIFICADOS EN OTRA PARTE"
T859,8405,"COMPLICACION NO ESPECIFICADA DE DISPOSITIVO PROTESICO, IMPLANTE E INJERTO INTERNO"
T860,8406,RECHAZO DE TRASPLANTE DE MEDULA OSEA
T861,8407,FALLA Y RECHAZO DE TRASPLANTE DE RIÑON
T862,8408,FALLA Y RECHAZO DE TRASPLANTE DE CORAZON
T863,8409,FALLA Y RECHAZO DE TRASPLANTE DE PULMON-CORAZON
T864,8410,FALLA Y RECHAZO DE TRASPLANTE DE HIGADO
T868,8411,FALLA Y RECHAZO DE OTROS ORGANOS Y TEJIDOS TRASPLANTADOS
T869,8412,FALLA Y RECHAZO DEL TRASPLANTE DE ORGANOS Y TEJIDOS NO ESPECIFICADO
T870,8413,COMPLICACIONES DE LA REINSERCION (DE PARTE) DE EXTREMIDAD SUPERIOR
T871,8414,COMPLICACIONES DE LA REINSERCION (DE PARTE) DE EXTREMIDAD INFERIOR
T872,8415,COMPLICACIONES DE OTRAS PARTES DEL CUERPO REINSERTADAS
T873,8416,NEUROMA DE MUÑON DE AMPUTACION
T874,8417,INFECCION DE MUÑON DE AMPUTACION
T875,8418,NECROSIS DE MUÑON DE AMPUTACION
T876,8419,OTRAS COMPLICACIONES Y LAS NO ESPECIFICADAS DE MUÑON DE AMPUTACION
T880,8420,INFECCION CONSECUTIVA A INMUNIZACION
T881,8421,"OTRAS COMPLICACIONES CONSECUTIVAS A INMUNIZACION, NO CLASIFICADAS EN OTRA PARTE"
T882,8422,CHOQUE DEBIDA A ANESTESIA
T883,8423,HIPERTERMIA MALIGNA DEBIDA A ANESTESIA
T884,8424,FALLA O DIFICULTAD DE LA INTUBACION
T885,8425,OTRAS COMPLICACIONES DE LA ANESTESIA
T886,8426,CHOQUE ANAFILACTICO DEBIDO A EFECTO ADVERSO DE DROGA O MEDICAMENTO CORRECTO ADMINISTRADO APROPIADAMENTE
T887,8427,EFECTO ADVERSO NO ESPECIFICADO DE DROGA O MEDICAMENTO
T888,8428,"OTRAS COMPLICACIONES ESPECIFICADAS DE LA ATENCION MEDICA Y QUIRURGICA, NO CLASIFICADAS EN OTRA PARTE"
T889,8429,COMPLICACIONES NO ESPECIFICADAS DE LA ATENCION MEDICA Y QUIRURGICA
T900,8430,SECUELAS DE TRAUMATISMO SUPERFICIAL DE LA CABEZA
T901,8431,SECUELAS DE HERIDA DE LA CABEZA
T902,8432,SECUELAS DE FRACTURA DEL CRANEO Y DE HUESOS FACIALES
T903,8433,SECUELAS DE TRAUMATISMO DE NERVIOS CRANEALES
T904,8434,SECUELAS DE TRAUMATISMO DEL OJO Y DE LA ORBITA
T905,8435,SECUELAS DE TRAUMATISMO INTRACRANEAL
T908,8436,SECUELAS DE OTROS TRAUMATISMOS ESPECIFICADOS DE LA CABEZA
T909,8437,SECUELAS DE TRAUMATISMO NO ESPECIFICADO DE LA CABEZA
T910,8438,SECUELAS DE TRAUMATISMO SUPERFICIAL Y HERIDAS DEL CUELLO Y DEL TRONCO
T911,8439,SECUELAS DE FRACTURA DE LA COLUMNA VERTEBRAL
T912,8440,SECUELAS DE OTRA FRACTURA DEL TORAX Y DE LA PELVIS
T913,8441,SECUELAS DE TRAUMATISMO DE LA MEDULA ESPINAL
T914,8442,SECUELAS DE TRAUMATISMO DE ORGANOS INTRATORACICOS
T915,8443,SECUELAS DE TRAUMATISMO DE ORGANOS INTRAABDOMINALES Y PELVICOS
T918,8444,SECUELAS DE OTROS TRAUMATISMOS ESPECIFICADOS DEL CUELLO Y DEL TRONCO
T919,8445,SECUELAS DE TRAUMATISMO NO ESPECIFICADOS DEL CUELLO Y DEL TRONCO
T920,8446,SECUELAS DE HERIDA DE MIEMBRO SUPERIOR
T921,8447,SECUELAS DE FRACTURA DEL BRAZO
T922,8448,SECUELAS DE FRACTURA DE LA MUÑECA Y DE LA MANO
T923,8449,"SECUELAS DE LUXACION, TORCEDURA Y ESGUINCE DE MIEMBRO SUPERIOR"
T924,8450,SECUELAS DE TRAUMATISMO DE NERVIO DE MIEMBRO SUPERIOR
T925,8451,SECUELAS DE TRAUMATISMO DE TENDON Y MUSCULO DE MIEMBRO SUPERIOR
T926,8452,SECUELAS DE APLASTAMIENTO Y AMPUTACION TRAUMATICAS DE MIEMBRO SUPERIOR
T928,8453,SECUELAS DE OTROS TRAUMATISMOS ESPECIFICADOS DE MIEMBRO SUPERIOR
T929,8454,SECUELAS DE TRAUMATISMO NO ESPECIFICADO DE MIEMBRO SUPERIOR
T930,8455,SECUELAS DE HERIDA DE MIEMBRO INFERIOR
T931,8456,SECUELAS DE FRACTURA DE FEMUR
T932,8457,SECUELAS DE OTRAS FRACTURAS DE MIEMBRO INFERIOR
T933,8458,"SECUELAS DE LUXACION, TORCEDURA Y ESGUINCE DE MIEMBRO INFERIOR"
T934,8459,SECUELAS DE TRAUMATISMO DE NERVIO DE MIEMBRO INFERIOR
T935,8460,SECUELAS DE TRAUMATISMO DE TENDON Y MUSCULO DE MIEMBRO INFERIOR
T936,8461,SECUELAS DE APLASTAMIENTO Y AMPUTACION TRAUMATICAS DE MIEMBRO INFERIOR
T938,8462,SECUELAS DE OTROS TRAUMATISMOS ESPECIFICADOS DE MIEMBRO INFERIOR
T939,8463,SECUELAS DE TRAUMATISMO NO ESPECIFICADO DE MIEMBRO INFERIOR
T940,8464,SECUELAS DE TRAUMATISMOS QUE AFECTAN MULTIPLES REGIONES DEL CUERPO
T941,8465,SECUELAS DE TRAUMATISMOS DE REGIONES NO ESPECIFICADAS DEL CUERPO
T950,8466,"SECUELAS DE QUEMADURA, CORROSION Y CONGELAMIENTO DE LA CABEZA Y DEL CUELLO"
T951,8467,"SECUELAS DE QUEMADURA, CORROSION Y CONGELAMIENTO DEL TRONCO"
T952,8468,"SECUELAS DE QUEMADURA, CORROSION Y CONGELAMIENTO DE MIEMBRO SUPERIOR"
T953,8469,"SECUELAS DE QUEMADURA, CORROSION Y CONGELAMIENTO DE MIEMBRO INFERIOR"
T954,8470,SECUELAS DE QUEMADURA Y CORROSION CLASIFICABLES SOLO DE ACUERDO CON LA EXTENSION DE LA SUPERFICIE DEL CUERPO AFECTADA
T958,8471,"SECUELAS DE OTRAS QUEMADURAS, CORROSIONES Y CONGELAMIENTOS ESPECIFICADOS"
T959,8472,"SECUELAS DE QUEMADURA, CORROSION Y CONGELAMIENTO NO ESPECIFICADOS"
T96,8473,"SECUELAS DE ENVENENAMIENTOS POR DROGAS, MEDICAMENTOS Y SUSTANCIAS BIOLOGICAS"
T97,8474,SECUELAS DE EFECTOS TOXICOS DE SUSTANCIAS DE PROCEDENCIA PRINCIPALMENTE NO MEDICINAL
T980,8475,SECUELAS DE EFECTOS DE CUERPOS EXTRAÑOS QUE PENETRAN EN ORIFICIOS NATURALES
T981,8476,SECUELAS DE OTROS EFECTOS Y LOS NO ESPECIFICADOS DE CAUSAS EXTERNAS
T982,8477,SECUELAS DE CIERTAS COMPLICACIONES PRECOCES DE LOS TRAUMATISMOS
T983,8478,"SECUELAS DE COMPLICACIONES DE LA ATENCION MEDICA Y QUIRURGICA, NO CLASIFICADAS EN OTRA PARTE"
V010,8479,PEATON LESIONADO POR COLISION CON VEHICULO DE PEDAL: ACCIDENTE NO DE TRANSITO
V011,8480,PEATON LESIONADO POR COLISION CON VEHICULO DE PEDAL: ACCIDENTE DE TRANSITO
V019,8481,PEATON LESIONADO POR COLISION CON VEHICULO DE PEDAL: ACCIDENTE NO ESPECIFICADO COMO DE TRANSITO O NO DE TRANSITO
V020,8482,PEATON LESIONADO POR COLISION CON VEHICULO DE MOTOR DE DOS O TRES RUEDAS: ACCIDENTE NO DE TRANSITO
V021,8483,PEATON LESIONADO POR COLISION CON VEHICULO DE MOTOR DE DOS O TRES RUEDAS: ACCIDENTE DE TRANSITO
V029,8484,PEATON LESIONADO POR COLISION CON VEHICULO DE MOTOR DE DOS O TRES RUEDAS: ACCIDENTE NO ESPECIFICADO COMO DE TRANSITO O NO DE TRANSITO
V030,8485,"PEATON LESIONADO POR COLISION CON AUTOMOVIL, CAMIONETA O FURGONETA: ACCIDENTE NO DE TRANSITO"
V031,8486,"PEATON LESIONADO POR COLISION CON AUTOMOVIL, CAMIONETA O FURGONETA: ACCIDENTE DE TRANSITO"
V039,8487,"PEATON LESIONADO POR COLISION CON AUTOMOVIL, CAMIONETA O FURGONETA: NO ESPECIFICADO COMO DE TRANSITO O NO DE TRANSITO"
V040,8488,PEATON LESIONADO POR COLISION CON VEHICULO DE TRANSPORTE PESADO O AUTOBUS: ACCIDENTE NO DE TRANSITO
V041,8489,PEATON LESIONADO POR COLISION CON VEHICULO DE TRANSPORTE PESADO O AUTOBUS: ACCIDENTE DE TRANSITO
V049,8490,PEATON LESIONADO POR COLISION CON VEHICULO DE TRANSPORTE PESADO O AUTOBUS: ACCIDENTE NO ESPECIFICADO COMO DE TRANSITO O NO DE TRANSITO
V050,8491,PEATON LESIONADO POR COLISION CON TREN O VEHICULO DE RIELES: ACCIDENTE NO DE TRANSITO
V051,8492,PEATON LESIONADO POR COLISION CON TREN O VEHICULO DE RIELES: ACCIDENTE DE TRANSITO
V059,8493,PEATON LESIONADO POR COLISION CON TREN O VEHICULO DE RIELES: ACCIDENTE NO ESPECIFICADO COMO DE TRANSITO O NO DE TRANSITO
V060,8494,PEATON LESIONADO POR COLISION CON OTROS VEHICULOS SIN MOTOR: ACCIDENTE NO DE TRANSITO
V061,8495,PEATON LESIONADO POR COLISION CON OTROS VEHICULOS SIN MOTOR: ACCIDENTE DE TRANSITO
V069,8496,PEATON LESIONADO POR COLISION CON OTROS VEHICULOS SIN MOTOR: ACCIDENTE NO ESPECIFICADO COMO DE TRANSITO O NO DE TRANSITO
V090,8497,"PEATON LESIONADO EN ACCIDENTE NO DE TRANSITO QUE INVOLUCRA OTROS VEHICULOS DE MOTOR, Y LOS NO ESPECIFICADOS"
V091,8498,PEATON LESIONADO EN ACCIDENTE NO DE TRANSITO NO ESPECIFICADO
V092,8499,"PEATON LESIONADO EN ACCIDENTE DE TRANSITO QUE INVOLUCRA OTROS VEHICULOS DE MOTOR, Y LOS NO ESPECIFICADOS"
V093,8500,PEATON LESIONADO EN ACCIDENTE DE TRANSITO NO ESPECIFICADO
V099,8501,PEATON LESIONADO EN ACCIDENTE DE TRANSPORTE NO ESPECIFICADO
V100,8502,CICLISTA LESIONADO POR COLISION CON PEATON O ANIMAL: CONDUCTOR LESIONADO EN ACCIDENTE NO DE TRANSITO
V101,8503,CICLISTA LESIONADO POR COLISION CON PEATON O ANIMAL: PASAJERO LESIONADO EN ACCIDENTE NO DE TRANSITO
V102,8504,"CICLISTA LESIONADO POR COLISION CON PEATON O ANIMAL: CICLISTA NO ESPECIFICADO, LESIONADO EN ACCIDENTE NO DE TRANSITO"
V103,8505,CICLISTA LESIONADO POR COLISION CON PEATON O ANIMAL: PERSONA LESIONADA AL SUBIR O BAJAR DEL VEHICULO
V104,8506,CICLISTA LESIONADO POR COLISION CON PEATON O ANIMAL: CONDUCTOR LESIONADO EN ACCIDENTE DE TRANSITO
V105,8507,CICLISTA LESIONADO POR COLISION CON PEATON O ANIMAL: PASAJERO LESIONADO EN ACCIDENTE DE TRANSITO
V109,8508,"CICLISTA LESIONADO POR COLISION CON PEATON O ANIMAL: CICLISTA NO ESPECIFICADO, LESIONADO EN ACCIDENTE DE TRANSITO"
V110,8509,CICLISTA LESIONADO POR COLISION CON OTRO CICLISTA: CONDUCTOR LESIONADO EN ACCIDENTE NO DE TRANSITO
V111,8510,CICLISTA LESIONADO POR COLISION CON OTRO CICLISTA: PASAJERO LESIONADO EN ACCIDENTE NO DE TRANSITO
V112,8511,"CICLISTA LESIONADO POR COLISION CON OTRO CICLISTA: NO ESPECIFICADO, LESIONADO EN ACCIDENTE NO DE TRANSITO"
V113,8512,CICLISTA LESIONADO POR COLISION CON OTRO CICLISTA: PERSONA LESIONADA AL SUBIR O BAJAR DEL VEHICULO
V114,8513,CICLISTA LESIONADO POR COLISION CON OTRO CICLISTA: CONDUCTOR LESIONADO EN ACCIDENTE DE TRANSITO
V115,8514,CICLISTA LESIONADO POR COLISION CON OTRO CICLISTA: PASAJERO LESIONADO EN ACCIDENTE DE TRANSITO
V119,8515,"CICLISTA LESIONADO POR COLISION CON OTRO CICLISTA: CICLISTA NO ESPECIFICADO, LESIONADO EN ACCIDENTE DE TRANSITO"
V120,8516,CICLISTA LESIONADO POR COLISION CON VEHICULO DE MOTOR DE DOS O TRES RUEDAS: CONDUCTOR LESIONADO EN ACCIDENTE NO DE TRANSITO
V121,8517,CICLISTA LESIONADO POR COLISION CON VEHICULO DE MOTOR DE DOS O TRES RUEDAS: PASAJERO LESIONADO EN ACCIDENTE NO DE TRANSITO
V122,8518,"CICLISTA LESIONADO POR COLISION CON VEHICULO DE MOTOR DE DOS O TRES RUEDAS: CICLISTA NO ESPECIFICADO, LESIONADO EN ACCIDENTE NO DE TRANSITO"
V123,8519,CICLISTA LESIONADO POR COLISION CON VEHICULO DE MOTOR DE DOS O TRES RUEDAS: PERSONA LESIONADA AL SUBIR O BAJAR DEL VEHICULO
V124,8520,CICLISTA LESIONADO POR COLISION CON VEHICULO DE MOTOR DE DOS O TRES RUEDAS: CONDUCTOR LESIONADO EN ACCIDENTE DE TRANSITO
V125,8521,CICLISTA LESIONADO POR COLISION CON VEHICULO DE MOTOR DE DOS O TRES RUEDAS: PASAJERO LESIONADO EN ACCIDENTE DE TRANSITO
V129,8522,"CICLISTA LESIONADO POR COLISION CON VEHICULO DE MOTOR DE DOS O TRES RUEDAS: CICLISTA NO ESPECIFICADO, LESIONADO EN ACCIDENTE DE TRANSITO"
V130,8523,"CICLISTA LESIONADO POR COLISION CON AUTOMOVIL, CAMIONETA O FURGONETA: CONDUCTOR LESIONADO EN ACCIDENTE NO DE TRANSITO"
V131,8524,"CICLISTA LESIONADO POR COLISION CON AUTOMOVIL, CAMIONETA O FURGONETA: PASAJERO LESIONADO EN ACCIDENTE NO DE TRANSITO"
V132,8525,"CICLISTA LESIONADO POR COLISION CON AUTOMOVIL, CAMIONETA O FURGONETA: CICLISTA NO ESPECIFICADO, LESIONADO EN ACCIDENTE NO DE TRANSITO"
V133,8526,"CICLISTA LESIONADO POR COLISION CON AUTOMOVIL, CAMIONETA O FURGONETA: PERSONA LESIONADA AL SUBIR O BAJAR DEL VEHICULO"
V134,8527,"CICLISTA LESIONADO POR COLISION CON AUTOMOVIL, CAMIONETA O FURGONETA: CONDUCTOR LESIONADO EN ACCIDENTE DE TRANSITO"
V135,8528,"CICLISTA LESIONADO POR COLISION CON AUTOMOVIL, CAMIONETA O FURGONETA: PASAJERO LESIONADO EN ACCIDENTE DE TRANSITO"
V139,8529,"CICLISTA LESIONADO POR COLISION CON AUTOMOVIL, CAMIONETA O FURGONETA: CICLISTA NO ESPECIFICADO, LESIONADO EN ACCIDENTE DE TRANSITO"
V140,8530,CICLISTA LESIONADO POR COLISION CON VEHICULO DE TRANSPORTE PESADO O AUTOBUS: CONDUCTOR LESIONADO EN ACCIDENTE NO DE TRANSITO
V141,8531,CICLISTA LESIONADO POR COLISION CON VEHICULO DE TRANSPORTE PESADO O AUTOBUS: PASAJERO LESIONADO EN ACCIDENTE NO DE TRANSITO
V142,8532,"CICLISTA LESIONADO POR COLISION CON VEHICULO DE TRANSPORTE PESADO O AUTOBUS: CICLISTA NO ESPECIFICADO, LESIONADO EN ACCIDENTE NO DE TRANSITO"
V143,8533,CICLISTA LESIONADO POR COLISION CON VEHICULO DE TRANSPORTE PESADO O AUTOBUS: PERSONA LESIONADA AL SUBIR O BAJAR DEL VEHICULO
V144,8534,CICLISTA LESIONADO POR COLISION CON VEHICULO DE TRANSPORTE PESADO O AUTOBUS: CONDUCTOR LESIONADO EN ACCIDENTE DE TRANSITO
V145,8535,CICLISTA LESIONADO POR COLISION CON VEHICULO DE TRANSPORTE PESADO O AUTOBUS: PASAJERO LESIONADO EN ACCIDENTE DE TRANSITO
V149,8536,"CICLISTA LESIONADO POR COLISION CON VEHICULO DE TRANSPORTE PESADO O AUTOBUS: CICLISTA NO ESPECIFICADO, LESIONADO EN ACCIDENTE DE TRANSITO"
V150,8537,CICLISTA LESIONADO POR COLISION CON TREN O VEHICULO DE RIELES: CONDUCTOR LESIONADO EN ACCIDENTE NO DE TRANSITO
V151,8538,CICLISTA LESIONADO POR COLISION CON TREN O VEHICULO DE RIELES: PASAJERO LESIONADO EN ACCIDENTE NO DE TRANSITO
V152,8539,"CICLISTA LESIONADO POR COLISION CON TREN O VEHICULO DE RIELES: CICLISTA NO ESPECIFICADO, LESIONADO EN ACCIDENTE NO DE TRANSITO"
V153,8540,CICLISTA LESIONADO POR COLISION CON TREN O VEHICULO DE RIELES: PERSONA LESIONADA AL SUBIR O BAJAR DEL VEHICULO
V154,8541,CICLISTA LESIONADO POR COLISION CON TREN O VEHICULO DE RIELES: CONDUCTOR LESIONADO EN ACCIDENTE DE TRANSITO
V155,8542,CICLISTA LESIONADO POR COLISION CON TREN O VEHICULO DE RIELES: PASAJERO LESIONADO EN ACCIDENTE DE TRANSITO
V159,8543,"CICLISTA LESIONADO POR COLISION CON TREN O VEHICULO DE RIELES: CICLISTA NO ESPECIFICADO, LESIONADO EN ACCIDENTE DE TRANSITO"
V160,8544,CICLISTA LESIONADO POR COLISION CON OTROS VEHICULOS SIN MOTOR: CONDUCTOR LESIONADO EN ACCIDENTE NO DE TRANSITO
V161,8545,CICLISTA LESIONADO POR COLISION CON OTROS VEHICULOS SIN MOTOR: PASAJERO LESIONADO EN ACCIDENTE NO DE TRANSITO
V162,8546,"CICLISTA LESIONADO POR COLISION CON OTROS VEHICULOS SIN MOTOR: CICLISTA NO ESPECIFICADO, LESIONADO EN ACCIDENTE NO DE TRANSITO"
V163,8547,CICLISTA LESIONADO POR COLISION CON OTROS VEHICULOS SIN MOTOR: PERSONA LESIONADA AL SUBIR O BAJAR DEL VEHICULO
V164,8548,CICLISTA LESIONADO POR COLISION CON OTROS VEHICULOS SIN MOTOR: CONDUCTOR LESIONADO EN ACCIDENTE DE TRANSITO
V165,8549,CICLISTA LESIONADO POR COLISION CON OTROS VEHICULOS SIN MOTOR: PASAJERO LESIONADO EN ACCIDENTE DE TRANSITO
V169,8550,"CICLISTA LESIONADO POR COLISION CON OTROS VEHICULOS SIN MOTOR: CICLISTA NO ESPECIFICADO, LESIONADO EN ACCIDENTE DE TRANSITO"
V170,8551,CICLISTA LESIONADO POR COLISION CON OBJETO ESTACIONADO O FIJO: CONDUCTOR LESIONADO EN ACCIDENTE NO DE TRANSITO
V171,8552,CICLISTA LESIONADO POR COLISION CON OBJETO ESTACIONADO O FIJO: PASAJERO LESIONADO EN ACCIDENTE NO DE TRANSITO
V172,8553,"CICLISTA LESIONADO POR COLISION CON OBJETO ESTACIONADO O FIJO: CICLISTA NO ESPECIFICADO, LESIONADO EN ACCIDENTE NO DE TRANSITO"
V173,8554,CICLISTA LESIONADO POR COLISION CON OBJETO ESTACIONADO O FIJO: PERSONA LESIONADA AL SUBIR O BAJAR DEL VEHICULO
V174,8555,CICLISTA LESIONADO POR COLISION CON OBJETO ESTACIONADO O FIJO CONDUCTOR LESIONADO EN ACCIDENTE DE TRANSITO
V175,8556,CICLISTA LESIONADO POR COLISION CON OBJETO ESTACIONADO O FIJO: PASAJERO LESIONADO EN ACCIDENTE DE TRANSITO
V179,8557,"CICLISTA LESIONADO POR COLISION CON OBJETO ESTACIONADO O FIJO: CICLISTA NO ESPECIFICADO, LESIONADO EN ACCIDENTE DE TRANSITO"
V180,8558,CICLISTA LESIONADO EN ACCIDENTE DE TRANSPORTE SIN COLISION: CONDUCTOR LESIONADO EN ACCIDENTE NO DE TRANSITO
V181,8559,CICLISTA LESIONADO EN ACCIDENTE DE TRANSPORTE SIN COLISION: PASAJERO LESIONADO EN ACCIDENTE NO DE TRANSITO
V182,8560,"CICLISTA LESIONADO EN ACCIDENTE DE TRANSPORTE SIN COLISION: CICLISTA NO ESPECIFICADO, LESIONADO EN ACCIDENTE NO DE TRANSITO"
V183,8561,CICLISTA LESIONADO EN ACCIDENTE DE TRANSPORTE SIN COLISION: PERSONA LESIONADA AL SUBIR O BAJAR DEL VEHICULO
V184,8562,CICLISTA LESIONADO EN ACCIDENTE DE TRANSPORTE SIN COLISION: CONDUCTOR LESIONADO EN ACCIDENTE DE TRANSITO
V185,8563,CICLISTA LESIONADO EN ACCIDENTE DE TRANSPORTE SIN COLISION: PASAJERO LESIONADO EN ACCIDENTE DE TRANSITO
V189,8564,"CICLISTA LESIONADO EN ACCIDENTE DE TRANSPORTE SIN COLISION: CICLISTA NO ESPECIFICADO, LESIONADO EN ACCIDENTE DE TRANSITO"
V190,8565,"CONDUCTOR DE VEHICULO DE PEDAL LESIONADO POR COLISION CON OTROS VEHICULOS DE MOTOR, Y CON LOS NO ESPECIFICADOS, EN ACCIDENTE NO DE TRANSITO"
V191,8566,"PASAJERO DE VEHICULO DE PEDAL LESIONADO POR COLISION CON OTROS VEHICULOS DE MOTOR, Y CON LOS NO ESPECIFICADOS, EN ACCIDENTE NO DE TRANSITO"
V192,8567,"CICLISTA NO ESPECIFICADO LESIONADO POR COLISION CON OTROS VEHICULOS DE MOTOR, Y CON LOS NO ESPECIFICADOS, EN ACCIDENTE NO DE TRANSITO"
V193,8568,"CICLISTA [CUALQUIERA] LESIONADO EN ACCIDENTE NO DE TRANSITO, NO ESPECIFICADO"
V194,8569,"CONDUCTOR DE VEHICULO DE PEDAL LESIONADO POR COLISION CON OTROS VEHICULOS DE MOTOR, Y CON LOS NO ESPECIFICADOS, EN ACCIDENTE DE TRANSITO"
V195,8570,"PASAJERO DE VEHICULO DE PEDAL LESIONADO POR COLISION CON OTROS VEHICULOS DE MOTOR, Y CON LOS NO ESPECIFICADOS, EN ACCIDENTE DE TRANSITO"
V196,8571,"CICLISTA NO ESPECIFICADO LESIONADO POR COLISION CON OTROS VEHICULOS DE MOTOR, Y CON LOS NO ESPECIFICADOS, EN ACCIDENTE DE TRANSITO"
V198,8572,CICLISTA [CUALQUIERA] LESIONADO EN OTROS ACCIDENTES DE TRANSPORTE ESPECIFICADOS
V199,8573,CICLISTA [CUALQUIERA] LESIONADO EN ACCIDENTE DE TRANSITO NO ESPECIFICADO
V200,8574,MOTOCICLISTA LESIONADO POR COLISION CON PEATON O ANIMAL: CONDUCTOR LESIONADO EN ACCIDENTE NO DE TRANSITO
V201,8575,MOTOCICLISTA LESIONADO POR COLISION CON PEATON O ANIMAL: PASAJERO LESIONADO EN ACCIDENTE NO DE TRANSITO
V202,8576,"MOTOCICLISTA LESIONADO POR COLISION CON PEATON O ANIMAL: MOTOCICLISTA NO ESPECIFICADO, LESIONADO EN ACCIDENTE NO DE TRANSITO"
V203,8577,MOTOCICLISTA LESIONADO POR COLISION CON PEATON O ANIMAL: PERSONA LESIONADA AL SUBIR O BAJAR DEL VEHICULO
V204,8578,MOTOCICLISTA LESIONADO POR COLISION CON PEATON O ANIMAL: CONDUCTOR LESIONADO EN ACCIDENTE DE TRANSITO
V205,8579,MOTOCICLISTA LESIONADO POR COLISION CON PEATON O ANIMAL: PASAJERO LESIONADO EN ACCIDENTE DE TRANSITO
V209,8580,"MOTOCICLISTA LESIONADO POR COLISION CON PEATON O ANIMAL: MOTOCICLISTA NO ESPECIFICADO, LESIONADO EN ACCIDENTE DE TRANSITO"
V210,8581,MOTOCICLISTA LESIONADO POR COLISION CON VEHICULO DE PEDAL: CONDUCTOR LESIONADO EN ACCIDENTE NO DE TRANSITO
V211,8582,MOTOCICLISTA LESIONADO POR COLISION CON VEHICULO DE PEDAL: PASAJERO LESIONADO EN ACCIDENTE NO DE TRANSITO
V212,8583,"MOTOCICLISTA LESIONADO POR COLISION CON VEHICULO DE PEDAL: MOTOCICLISTA NO ESPECIFICADO, LESIONADO EN ACCIDENTE NO DE TRANSITO"
V213,8584,MOTOCICLISTA LESIONADO POR COLISION CON VEHICULO DE PEDAL: PERSONA LESIONADA AL SUBIR O BAJAR DEL VEHICULO
V214,8585,MOTOCICLISTA LESIONADO POR COLISION CON VEHICULO DE PEDAL: CONDUCTOR LESIONADO EN ACCIDENTE DE TRANSITO
V215,8586,MOTOCICLISTA LESIONADO POR COLISION CON VEHICULO DE PEDAL: PASAJERO LESIONADO EN ACCIDENTE DE TRANSITO
V219,8587,"MOTOCICLISTA LESIONADO POR COLISION CON VEHICULO DE PEDAL: MOTOCICLISTA NO ESPECIFICADO, LESIONADO EN ACCIDENTE DE TRANSITO"
V220,8588,MOTOCICLISTA LESIONADO POR COLISION CON VEHICULO DE MOTOR DE DOS O TRES RUEDAS: CONDUCTOR LESIONADO EN ACCIDENTE NO DE TRANSITO
V221,8589,MOTOCICLISTA LESIONADO POR COLISION CON VEHICULO DE MOTOR DE DOS O TRES RUEDAS: PASAJERO LESIONADO EN ACCIDENTE NO DE TRANSITO
V222,8590,"MOTOCICLISTA LESIONADO POR COLISION CON VEHICULO DE MOTOR DE DOS O TRES RUEDAS: MOTOCICLISTA NO ESPECIFICADO, LESIONADO EN ACCIDENTE NO DE TRANSITO"
V223,8591,MOTOCICLISTA LESIONADO POR COLISION CON VEHICULO DE MOTOR DE DOS O TRES RUEDAS: PERSONA LESIONADA AL SUBIR O BAJAR DEL VEHICULO
V224,8592,MOTOCICLISTA LESIONADO POR COLISION CON VEHICULO DE MOTOR DE DOS O TRES RUEDAS: CONDUCTOR LESIONADO EN ACCIDENTE DE TRANSITO
V225,8593,MOTOCICLISTA LESIONADO POR COLISION CON VEHICULO DE MOTOR DE DOS O TRES RUEDAS: PASAJERO LESIONADO EN ACCIDENTE DE TRANSITO
V229,8594,"MOTOCICLISTA LESIONADO POR COLISION CON VEHICULO DE MOTOR DE DOS O TRES RUEDAS: MOTOCICLISTA NO ESPECIFICADO, LESIONADO EN ACCIDENTE DE TRANSITO"
V230,8595,"MOTOCICLISTA LESIONADO POR COLISION CON AUTOMOVIL, CAMIONETA O FURGONETA: CONDUCTOR LESIONADO EN ACCIDENTE NO DE TRANSITO"
V231,8596,"MOTOCICLISTA LESIONADO POR COLISION CON AUTOMOVIL, CAMIONETA O FURGONETA: PASAJERO LESIONADO EN ACCIDENTE NO DE TRANSITO"
V232,8597,"MOTOCICLISTA LESIONADO POR COLISION CON AUTOMOVIL, CAMIONETA O FURGONETA: MOTOCICLISTA NO ESPECIFICADO, LESIONADO EN ACCIDENTE NO DE TRANSITO"
V233,8598,"MOTOCICLISTA LESIONADO POR COLISION CON AUTOMOVIL, CAMIONETA O FURGONETA: PERSONA LESIONADA AL SUBIR O BAJAR DEL VEHICULO"
V234,8599,"MOTOCICLISTA LESIONADO POR COLISION CON AUTOMOVIL, CAMIONETA O FURGONETA: CONDUCTOR LESIONADO EN ACCIDENTE DE TRANSITO"
V235,8600,"MOTOCICLISTA LESIONADO POR COLISION CON AUTOMOVIL, CAMIONETA O FURGONETA: PASAJERO LESIONADO EN ACCIDENTE DE TRANSITO"
V239,8601,"MOTOCICLISTA LESIONADO POR COLISION CON AUTOMOVIL, CAMIONETA O FURGONETA: MOTOCICLISTA NO ESPECIFICADO, LESIONADO EN ACCIDENTE DE TRANSITO"
V240,8602,MOTOCICLISTA LESIONADO POR COLISION CON VEHICULO DE TRANSPORTE PESADO O AUTOBUS: CONDUCTOR LESIONADO EN ACCIDENTE NO DE TRANSITO
V241,8603,MOTOCICLISTA LESIONADO POR COLISION CON VEHICULO DE TRANSPORTE PESADO O AUTOBUS: PASAJERO LESIONADO EN ACCIDENTE NO DE TRANSITO
V242,8604,"MOTOCICLISTA LESIONADO POR COLISION CON VEHICULO DE TRANSPORTE PESADO O AUTOBUS: MOTOCICLISTA NO ESPECIFICADO, LESIONADO EN ACCIDENTE NO DE TRANSITO"
V243,8605,MOTOCICLISTA LESIONADO POR COLISION CON VEHICULO DE TRANSPORTE PESADO O AUTOBUS: PERSONA LESIONADA AL SUBIR O BAJAR DEL VEHICULO
V244,8606,MOTOCICLISTA LESIONADO POR COLISION CON VEHICULO DE TRANSPORTE PESADO O AUTOBUS: CONDUCTOR LESIONADO EN ACCIDENTE DE TRANSITO
V245,8607,MOTOCICLISTA LESIONADO POR COLISION CON VEHICULO DE TRANSPORTE PESADO O AUTOBUS: PASAJERO LESIONADO EN ACCIDENTE DE TRANSITO
V249,8608,"MOTOCICLISTA LESIONADO POR COLISION CON VEHICULO DE TRANSPORTE PESADO O AUTOBUS: MOTOCICLISTA NO ESPECIFICADO, LESIONADO EN ACCIDENTE DE TRANSITO"
V250,8609,MOTOCICLISTA LESIONADO POR COLISION CON TREN O VEHICULO DE RIELES: CONDUCTOR LESIONADO EN ACCIDENTE NO DE TRANSITO
V251,8610,MOTOCICLISTA LESIONADO POR COLISION CON TREN O VEHICULO DE RIELES: PASAJERO LESIONADO EN ACCIDENTE NO DE TRANSITO
V252,8611,"MOTOCICLISTA LESIONADO POR COLISION CON TREN O VEHICULO DE RIELES: MOTOCICLISTA NO ESPECIFICADO, LESIONADO EN ACCIDENTE NO DE TRANSITO"
V253,8612,MOTOCICLISTA LESIONADO POR COLISION CON TREN O VEHICULO DE RIELES: PERSONA LESIONADA AL SUBIR O BAJAR DEL VEHICULO
V254,8613,MOTOCICLISTA LESIONADO POR COLISION CON TREN O VEHICULO DE RIELES: CONDUCTOR LESIONADO EN ACCIDENTE DE TRANSITO
V255,8614,MOTOCICLISTA LESIONADO POR COLISION CON TREN O VEHICULO DE RIELES: PASAJERO LESIONADO EN ACCIDENTE DE TRANSITO
V259,8615,"MOTOCICLISTA LESIONADO POR COLISION CON TREN O VEHICULO DE RIELES: MOTOCICLISTA NO ESPECIFICADO, LESIONADO EN ACCIDENTE DE TRANSITO"
V260,8616,MOTOCICLISTA LESIONADO POR COLISION CON OTROS VEHICULOS SIN MOTOR: CONDUCTOR LESIONADO EN ACCIDENTE NO DE TRANSITO
V261,8617,MOTOCICLISTA LESIONADO POR COLISION CON OTROS VEHICULOS SIN MOTOR: PASAJERO LESIONADO EN ACCIDENTE NO DE TRANSITO
V262,8618,"MOTOCICLISTA LESIONADO POR COLISION CON OTROS VEHICULOS SIN MOTOR: MOTOCICLISTA NO ESPECIFICADO, LESIONADO EN ACCIDENTE NO DE TRANSITO"
V263,8619,MOTOCICLISTA LESIONADO POR COLISION CON OTROS VEHICULOS SIN MOTOR: PERSONA LESIONADA AL SUBIR O BAJAR DEL VEHICULO
V264,8620,MOTOCICLISTA LESIONADO POR COLISION CON OTROS VEHICULOS SIN MOTOR: CONDUCTOR LESIONADO EN ACCIDENTE DE TRANSITO
V265,8621,MOTOCICLISTA LESIONADO POR COLISION CON OTROS VEHICULOS SIN MOTOR: PASAJERO LESIONADO EN ACCIDENTE DE TRANSITO
V269,8622,"MOTOCICLISTA LESIONADO POR COLISION CON OTROS VEHICULOS SIN MOTOR: MOTOCICLISTA NO ESPECIFICADO, LESIONADO EN ACCIDENTE DE TRANSITO"
V270,8623,MOTOCICLISTA LESIONADO POR COLISION CON OBJETO FIJO O ESTACIONADO: CONDUCTOR LESIONADO EN ACCIDENTE NO DE TRANSITO
V271,8624,MOTOCICLISTA LESIONADO POR COLISION CON OBJETO FIJO O ESTACIONADO: PASAJERO LESIONADO EN ACCIDENTE NO DE TRANSITO
V272,8625,"MOTOCICLISTA LESIONADO POR COLISION CON OBJETO FIJO O ESTACIONADO: MOTOCICLISTA NO ESPECIFICADO, LESIONADO EN ACCIDENTE NO DE TRANSITO"
V273,8626,MOTOCICLISTA LESIONADO POR COLISION CON OBJETO FIJO O ESTACIONADO: PERSONA LESIONADA AL SUBIR O BAJAR DEL VEHICULO
V274,8627,MOTOCICLISTA LESIONADO POR COLISION CON OBJETO FIJO O ESTACIONADO: CONDUCTOR LESIONADO EN ACCIDENTE DE TRANSITO
V275,8628,MOTOCICLISTA LESIONADO POR COLISION CON OBJETO FIJO O ESTACIONADO: PASAJERO LESIONADO EN ACCIDENTE DE TRANSITO
V279,8629,"MOTOCICLISTA LESIONADO POR COLISION CON OBJETO FIJO O ESTACIONADO: MOTOCICLISTA NO ESPECIFICADO, LESIONADO EN ACCIDENTE DE TRANSITO"
V280,8630,MOTOCICLISTA LESIONADO EN ACCIDENTE DE TRANSPORTE SIN COLISION: CONDUCTOR LESIONADO EN ACCIDENTE NO DE TRANSITO
V281,8631,MOTOCICLISTA LESIONADO EN ACCIDENTE DE TRANSPORTE SIN COLISION: PASAJERO LESIONADO EN ACCIDENTE NO DE TRANSITO
V282,8632,"MOTOCICLISTA LESIONADO EN ACCIDENTE DE TRANSPORTE SIN COLISION: MOTOCICLISTA NO ESPECIFICADO, LESIONADO EN ACCIDENTE NO DE TRANSITO"
V283,8633,MOTOCICLISTA LESIONADO EN ACCIDENTE DE TRANSPORTE SIN COLISION: PERSONA LESIONADA AL SUBIR O BAJAR DEL VEHICULO
V284,8634,MOTOCICLISTA LESIONADO EN ACCIDENTE DE TRANSPORTE SIN COLISION: CONDUCTOR LESIONADO EN ACCIDENTE DE TRANSITO
V285,8635,MOTOCICLISTA LESIONADO EN ACCIDENTE DE TRANSPORTE SIN COLISION: PASAJERO LESIONADO EN ACCIDENTE DE TRANSITO
V289,8636,"MOTOCICLISTA LESIONADO EN ACCIDENTE DE TRANSPORTE SIN COLISION: MOTOCICLISTA NO ESPECIFICADO, LESIONADO EN ACCIDENTE DE TRANSITO"
V290,8637,"CONDUCTOR DE MOTOCICLETA LESIONADO POR COLISIÓN CON OTROS VEHICULOS DE MOTOR, Y CON LOS NO ESPECIFICADOS, EN ACCIDENTE NO DE TRANSITO"
V291,8638,"PASAJERO DE MOTOCICLETA LESIONADO POR COLISIÓN CON OTROS VEHICULOS DE MOTOR, Y CON LOS NO ESPECIFICADOS, EN ACCIDENTE NO DE TRANSITO"
V292,8639,"MOTOCICLISTA NO ESPECIFICADO LESIONADO POR COLISIÓN CON OTROS VEHICULOS DE MOTOR, Y CON LOS NO ESPECIFICADOS, EN ACCIDENTE NO DE TRANSITO"
V293,8640,"MOTOCICLISTA [CUALQUIERA] LESIONADO EN ACCIDENTE NO DE TRANSITO, NO ESPECIFICADO"
V294,8641,"CONDUCTOR DE MOTOCICLETA LESIONADO POR COLISION CON OTROS VEHICULO DE MOTOR, Y CON LOS NO ESPECIFICADOS, EN ACCIDENTE DE TRANSITO"
V295,8642,"PASAJERO DE MOTOCICLETA LESIONADO POR COLISION CON OTROS VEHICULO DE MOTOR, Y CON LOS NO ESPECIFICADOS, EN ACCIDENTE DE TRANSITO"
V296,8643,"MOTOCICLISTA NO ESPECIFICADO LESIONADO POR COLISION CON OTROS VEHICULO DE MOTOR, Y CON LOS NO ESPECIFICADOS, EN ACCIDENTE DE TRANSITO"
V298,8644,MOTOCICLISTA [CUALQUIERA] LESIONADO EN OTROS ACCIDENTES DE TRANSPORTE ESPECIFICADOS
V299,8645,MOTOCICLISTA [CUALQUIERA] LESIONADO EN ACCIDENTE DE TRANSITO NO ESPECIFICADO
V300,8646,OCUPANTE DE VEHICULO DE MOTOR DE TRES RUEDAS LESIONADO POR COLISION CON PEATON O ANIMAL: CONDUCTOR LESIONADO EN ACCIDENTE NO DE TRANSITO
V301,8647,OCUPANTE DE VEHICULO DE MOTOR DE TRES RUEDAS LESIONADO POR COLISION CON PEATON O ANIMAL: PASAJERO LESIONADO EN ACCIDENTE NO DE TRANSITO
V302,8648,"OCUPANTE DE VEHICULO DE MOTOR DE TRES RUEDAS LESIONADO POR COLISION CON PEATON O ANIMAL: PERSONA QUE VIAJA FUERA DEL VEHICULO, LESIONADA EN ACCIDENTE NO DE TRANSITO"
V303,8649,"OCUPANTE DE VEHICULO DE MOTOR DE TRES RUEDAS LESIONADO POR COLISION CON PEATON O ANIMAL: OCUPANTE NO ESPECIFICADO DE VEHICULO DE MOTOR DE TRES RUEDAS, LESIONADO EN ACCIDENTE NO DE TRANSITO"
V304,8650,OCUPANTE DE VEHICULO DE MOTOR DE TRES RUEDAS LESIONADO POR COLISION CON PEATON O ANIMAL: PERSONA LESIONADA AL SUBIR O BAJAR DEL VEHICULO
V305,8651,OCUPANTE DE VEHICULO DE MOTOR DE TRES RUEDAS LESIONADO POR COLISION CON PEATON O ANIMAL: CONDUCTOR LESIONADO EN ACCIDENTE DE TRANSITO
V306,8652,OCUPANTE DE VEHICULO DE MOTOR DE TRES RUEDAS LESIONADO POR COLISION CON PEATON O ANIMAL: PASAJERO LESIONADO EN ACCIDENTE DE TRANSITO
V307,8653,"OCUPANTE DE VEHICULO DE MOTOR DE TRES RUEDAS LESIONADO POR COLISION CON PEATON O ANIMAL: PERSONA QUE VIAJA FUERA DEL VEHICULO, LESIONADA EN ACCIDENTE DE TRANSITO"
V309,8654,"OCUPANTE DE VEHICULO DE MOTOR DE TRES RUEDAS LESIONADO POR COLISION CON PEATON O ANIMAL: OCUPANTE NO ESPECIFICADO DE VEHICULO DE MOTOR DE TRES RUEDAS, LESIONADO EN ACCIDENTE DE TRANSITO"
V310,8655,OCUPANTE DE VEHICULO DE MOTOR DE TRES RUEDAS LESIONADO POR COLISION CON VEHICULO DE PEDAL: CONDUCTOR LESIONADO EN ACCIDENTE NO DE TRANSITO
V311,8656,OCUPANTE DE VEHICULO DE MOTOR DE TRES RUEDAS LESIONADO POR COLISION CON VEHICULO DE PEDAL: PASAJERO LESIONADO EN ACCIDENTE NO DE TRANSITO
V312,8657,"OCUPANTE DE VEHICULO DE MOTOR DE TRES RUEDAS LESIONADO POR COLISION CON VEHICULO DE PEDAL: PERSONA QUE VIAJA FUERA DEL VEHICULO, LESIONADA EN ACCIDENTE NO DE TRANSITO"
V313,8658,"OCUPANTE DE VEHICULO DE MOTOR DE TRES RUEDAS LESIONADO POR COLISION CON VEHICULO DE PEDAL: OCUPANTE NO ESPECIFICADO DE VEHICULO DE MOTOR DE TRES RUEDAS, LESIONADO EN ACCIDENTE NO DE TRANSITO"
V314,8659,OCUPANTE DE VEHICULO DE MOTOR DE TRES RUEDAS LESIONADO POR COLISION CON VEHICULO DE PEDAL: PERSONA LESIONADA AL SUBIR O BAJAR DEL VEHICULO
V315,8660,OCUPANTE DE VEHICULO DE MOTOR DE TRES RUEDAS LESIONADO POR COLISION CON VEHICULO DE PEDAL: CONDUCTOR LESIONADO EN ACCIDENTE DE TRANSITO
V316,8661,OCUPANTE DE VEHICULO DE MOTOR DE TRES RUEDAS LESIONADO POR COLISION CON VEHICULO DE PEDAL: PASAJERO LESIONADO EN ACCIDENTE DE TRANSITO
V317,8662,"OCUPANTE DE VEHICULO DE MOTOR DE TRES RUEDAS LESIONADO POR COLISION CON VEHICULO DE PEDAL: PERSONA QUE VIAJA FUERA DEL VEHICULO, LESIONADA EN ACCIDENTE DE TRANSITO"
V319,8663,"OCUPANTE DE VEHICULO DE MOTOR DE TRES RUEDAS LESIONADO POR COLISION CON VEHICULO DE PEDAL: OCUPANTE NO ESPECIFICADO DE VEHICULO DE MOTOR DE TRES RUEDAS, LESIONADO EN ACCIDENTE DE TRANSITO"
V320,8664,OCUPANTE DE VEHICULO DE MOTOR DE TRES RUEDAS LESIONADO POR COLISION CON OTRO VEHICULO DE MOTOR DE DOS O TRES RUEDAS: CONDUCTOR LESIONADO EN ACCIDENTE NO DE TRANSITO
V321,8665,OCUPANTE DE VEHICULO DE MOTOR DE TRES RUEDAS LESIONADO POR COLISION CON OTRO VEHICULO DE MOTOR DE DOS O TRES RUEDAS: PASAJERO LESIONADO EN ACCIDENTE NO DE TRANSITO
V322,8666,"OCUPANTE DE VEHICULO DE MOTOR DE TRES RUEDAS LESIONADO POR COLISION CON OTRO VEHICULO DE MOTOR DE DOS O TRES RUEDAS: PERSONA QUE VIAJA FUERA DEL VEHICULO, LESIONADA EN ACCIDENTE NO DE TRANSITO"
V323,8667,"OCUPANTE DE VEHICULO DE MOTOR DE TRES RUEDAS LESIONADO POR COLISION CON OTRO VEHICULO DE MOTOR DE DOS O TRES RUEDAS: OCUPANTE NO ESPECIFICADO DE VEHICULO DE MOTOR DE TRES RUEDAS, LESIONADO EN ACCIDENTE NO DE TRANSITO"
V324,8668,OCUPANTE DE VEHICULO DE MOTOR DE TRES RUEDAS LESIONADO POR COLISION CON OTRO VEHICULO DE MOTOR DE DOS O TRES RUEDAS: PERSONA LESIONADA AL SUBIR O BAJAR DEL VEHICULO
V325,8669,OCUPANTE DE VEHICULO DE MOTOR DE TRES RUEDAS LESIONADO POR COLISION CON OTRO VEHICULO DE MOTOR DE DOS O TRES RUEDAS: CONDUCTOR LESIONADO EN ACCIDENTE DE TRANSITO
V326,8670,OCUPANTE DE VEHICULO DE MOTOR DE TRES RUEDAS LESIONADO POR COLISION CON OTRO VEHICULO DE MOTOR DE DOS O TRES RUEDAS: PASAJERO LESIONADO EN ACCIDENTE DE TRANSITO
V327,8671,"OCUPANTE DE VEHICULO DE MOTOR DE TRES RUEDAS LESIONADO POR COLISION CON OTRO VEHICULO DE MOTOR DE DOS O TRES RUEDAS: PERSONA QUE VIAJA FUERA DEL VEHICULO, LESIONADA EN ACCIDENTE DE TRANSITO"
V329,8672,"OCUPANTE DE VEHICULO DE MOTOR DE TRES RUEDAS LESIONADO POR COLISION CON OTRO VEHICULO DE MOTOR DE DOS O TRES RUEDAS: OCUPANTE NO ESPECIFICADO DE VEHICULO DE MOTOR DE TRES RUEDAS, LESIONADO EN ACCIDENTE DE TRANSITO"
V330,8673,"OCUPANTE DE VEHICULO DE MOTOR DE TRES RUEDAS LESIONADO POR COLISION CON AUTOMOVIL, CAMIONETA O FURGONETA: CONDUCTOR LESIONADO EN ACCIDENTE NO DE TRANSITO"
V331,8674,"OCUPANTE DE VEHICULO DE MOTOR DE TRES RUEDAS LESIONADO POR COLISION CON AUTOMOVIL, CAMIONETA O FURGONETA: PASAJERO LESIONADO EN ACCIDENTE NO DE TRANSITO"
V332,8675,"OCUPANTE DE VEHICULO DE MOTOR DE TRES RUEDAS LESIONADO POR COLISION CON AUTOMOVIL, CAMIONETA O FURGONETA: PERSONA QUE VIAJA FUERA DEL VEHICULO, LESIONADA EN ACCIDENTE NO DE TRANSITO"
V333,8676,"OCUPANTE DE VEHICULO DE MOTOR DE TRES RUEDAS LESIONADO POR COLISION CON AUTOMOVIL, CAMIONETA O FURGONETA: OCUPANTE NO ESPECIFICADO DE VEHICULO DE MOTOR DE TRES RUEDAS, LESIONADO EN ACCIDENTE NO DE TRANSITO"
V334,8677,"OCUPANTE DE VEHICULO DE MOTOR DE TRES RUEDAS LESIONADO POR COLISION CON AUTOMOVIL, CAMIONETA O FURGONETA: PERSONA LESIONADA AL SUBIR O BAJAR DEL VEHICULO"
V335,8678,"OCUPANTE DE VEHICULO DE MOTOR DE TRES RUEDAS LESIONADO POR COLISION CON AUTOMOVIL, CAMIONETA O FURGONETA: CONDUCTOR LESIONADO EN ACCIDENTE DE TRANSITO"
V336,8679,"OCUPANTE DE VEHICULO DE MOTOR DE TRES RUEDAS LESIONADO POR COLISION CON AUTOMOVIL, CAMIONETA O FURGONETA: PASAJERO LESIONADO EN ACCIDENTE DE TRANSITO"
V337,8680,"OCUPANTE DE VEHICULO DE MOTOR DE TRES RUEDAS LESIONADO POR COLISION CON AUTOMOVIL, CAMIONETA O FURGONETA: PERSONA QUE VIAJA FUERA DEL VEHICULO, LESIONADA EN ACCIDENTE DE TRANSITO"
V339,8681,"OCUPANTE DE VEHICULO DE MOTOR DE TRES RUEDAS LESIONADO POR COLISION CON AUTOMOVIL, CAMIONETA O FURGONETA: OCUPANTE NO ESPECIFICADO DE VEHICULO DE MOTOR DE TRES RUEDAS, LESIONADO EN ACCIDENTE DE TRANSITO"
V340,8682,OCUPANTE DE VEHICULO DE MOTOR DE TRES RUEDAS LESIONADO POR COLISION CON VEHICULO DE TRANSPORTE PESADO O AUTOBUS: CONDUCTOR LESIONADO EN ACCIDENTE NO DE TRANSITO
V341,8683,OCUPANTE DE VEHICULO DE MOTOR DE TRES RUEDAS LESIONADO POR COLISION CON VEHICULO DE TRANSPORTE PESADO O AUTOBUS: PASAJERO LESIONADO EN ACCIDENTE NO DE TRANSITO
V342,8684,"OCUPANTE DE VEHICULO DE MOTOR DE TRES RUEDAS LESIONADO POR COLISION CON VEHICULO DE TRANSPORTE PESADO O AUTOBUS: PERSONA QUE VIAJA FUERA DEL VEHICULO, LESIONADA EN ACCIDENTE NO DE TRANSITO"
V343,8685,"OCUPANTE DE VEHICULO DE MOTOR DE TRES RUEDAS LESIONADO POR COLISION CON VEHICULO DE TRANSPORTE PESADO O AUTOBUS: OCUPANTE NO ESPECIFICADO DE VEHICULO DE MOTOR DE TRES RUEDAS, LESIONADO EN ACCIDENTE NO DE TRANSITO"
V344,8686,OCUPANTE DE VEHICULO DE MOTOR DE TRES RUEDAS LESIONADO POR COLISION CON VEHICULO DE TRANSPORTE PESADO O AUTOBUS: PERSONA LESIONADA AL SUBIR O BAJAR DEL VEHICULO
V345,8687,OCUPANTE DE VEHICULO DE MOTOR DE TRES RUEDAS LESIONADO POR COLISION CON VEHICULO DE TRANSPORTE PESADO O AUTOBUS: CONDUCTOR LESIONADO EN ACCIDENTE DE TRANSITO
V346,8688,OCUPANTE DE VEHICULO DE MOTOR DE TRES RUEDAS LESIONADO POR COLISION CON VEHICULO DE TRANSPORTE PESADO O AUTOBUS: PASAJERO LESIONADO EN ACCIDENTE DE TRANSITO
V347,8689,"OCUPANTE DE VEHICULO DE MOTOR DE TRES RUEDAS LESIONADO POR COLISION CON VEHICULO DE TRANSPORTE PESADO O AUTOBUS: PERSONA QUE VIAJA FUERA DEL VEHICULO, LESIONADA EN ACCIDENTE DE TRANSITO"
V349,8690,"OCUPANTE DE VEHICULO DE MOTOR DE TRES RUEDAS LESIONADO POR COLISION CON VEHICULO DE TRANSPORTE PESADO O AUTOBUS: OCUPANTE NO ESPECIFICADO DE VEHICULO DE MOTOR DE TRES RUEDAS, LESIONADO EN ACCIDENTE DE TRANSITO"
V350,8691,OCUPANTE DE VEHICULO DE MOTOR DE TRES RUEDAS LESIONADO POR COLISION CON TREN O VEHICULO DE RIELES: CONDUCTOR LESIONADO EN ACCIDENTE NO DE TRANSITO
V351,8692,OCUPANTE DE VEHICULO DE MOTOR DE TRES RUEDAS LESIONADO POR COLISION CON TREN O VEHICULO DE RIELES: PASAJERO LESIONADO EN ACCIDENTE NO DE TRANSITO
V352,8693,"OCUPANTE DE VEHICULO DE MOTOR DE TRES RUEDAS LESIONADO POR COLISION CON TREN O VEHICULO DE RIELES: PERSONA QUE VIAJA FUERA DEL VEHICULO, LESIONADA EN ACCIDENTE NO DE TRANSITO"
V353,8694,"OCUPANTE DE VEHICULO DE MOTOR DE TRES RUEDAS LESIONADO POR COLISION CON TREN O VEHICULO DE RIELES: OCUPANTE NO ESPECIFICADO DE VEHICULO DE MOTOR DE TRES RUEDAS, LESIONADO EN ACCIDENTE NO DE TRANSITO"
V354,8695,OCUPANTE DE VEHICULO DE MOTOR DE TRES RUEDAS LESIONADO POR COLISION CON TREN O VEHICULO DE RIELES: PERSONA LESIONADA AL SUBIR O BAJAR DEL VEHICULO
V355,8696,OCUPANTE DE VEHICULO DE MOTOR DE TRES RUEDAS LESIONADO POR COLISION CON TREN O VEHICULO DE RIELES: CONDUCTOR LESIONADO EN ACCIDENTE DE TRANSITO
V356,8697,OCUPANTE DE VEHICULO DE MOTOR DE TRES RUEDAS LESIONADO POR COLISION CON TREN O VEHICULO DE RIELES: PASAJERO LESIONADO EN ACCIDENTE DE TRANSITO
V357,8698,"OCUPANTE DE VEHICULO DE MOTOR DE TRES RUEDAS LESIONADO POR COLISION CON TREN O VEHICULO DE RIELES: PERSONA QUE VIAJA FUERA DEL VEHICULO, LESIONADA EN ACCIDENTE DE TRANSITO"
V359,8699,"OCUPANTE DE VEHICULO DE MOTOR DE TRES RUEDAS LESIONADO POR COLISION CON TREN O VEHICULO DE RIELES: OCUPANTE NO ESPECIFICADO DE VEHICULO DE MOTOR DE TRES RUEDAS, LESIONADO EN ACCIDENTE DE TRANSITO"
V360,8700,OCUPANTE DE VEHICULO DE MOTOR DE TRES RUEDAS LESIONADO POR COLISION CON OTROS VEHICULOS SIN MOTOR: CONDUCTOR LESIONADO EN ACCIDENTE NO DE TRANSITO
V361,8701,OCUPANTE DE VEHICULO DE MOTOR DE TRES RUEDAS LESIONADO POR COLISION CON OTROS VEHICULOS SIN MOTOR: PASAJERO LESIONADO EN ACCIDENTE NO DE TRANSITO
V362,8702,"OCUPANTE DE VEHICULO DE MOTOR DE TRES RUEDAS LESIONADO POR COLISION CON OTROS VEHICULOS SIN MOTOR: PERSONA QUE VIAJA FUERA DEL VEHICULO, LESIONADA EN ACCIDENTE NO DE TRANSITO"
V363,8703,"OCUPANTE DE VEHICULO DE MOTOR DE TRES RUEDAS LESIONADO POR COLISION CON OTROS VEHICULOS SIN MOTOR: OCUPANTE NO ESPECIFICADO DE VEHICULO DE MOTOR DE TRES RUEDAS, LESIONADO EN ACCIDENTE NO DE TRANSITO"
V364,8704,OCUPANTE DE VEHICULO DE MOTOR DE TRES RUEDAS LESIONADO POR COLISION CON OTROS VEHICULOS SIN MOTOR: PERSONA LESIONADA AL SUBIR O BAJAR DEL VEHICULO
V365,8705,OCUPANTE DE VEHICULO DE MOTOR DE TRES RUEDAS LESIONADO POR COLISION CON OTROS VEHICULOS SIN MOTOR: CONDUCTOR LESIONADO EN ACCIDENTE DE TRANSITO
V366,8706,OCUPANTE DE VEHICULO DE MOTOR DE TRES RUEDAS LESIONADO POR COLISION CON OTROS VEHICULOS SIN MOTOR: PASAJERO LESIONADO EN ACCIDENTE DE TRANSITO
V367,8707,"OCUPANTE DE VEHICULO DE MOTOR DE TRES RUEDAS LESIONADO POR COLISION CON OTROS VEHICULOS SIN MOTOR: PERSONA QUE VIAJA FUERA DEL VEHICULO, LESIONADA EN ACCIDENTE DE TRANSITO"
V369,8708,"OCUPANTE DE VEHICULO DE MOTOR DE TRES RUEDAS LESIONADO POR COLISION CON OTROS VEHICULOS SIN MOTOR: OCUPANTE NO ESPECIFICADO DE VEHICULO DE MOTOR DE TRES RUEDAS, LESIONADO EN ACCIDENTE DE TRANSITO"
V370,8709,OCUPANTE DE VEHICULO DE MOTOR DE TRES RUEDAS LESIONADO POR COLISION CON OBJETO FIJO O ESTACIONADO: CONDUCTOR LESIONADO EN ACCIDENTE NO DE TRANSITO
V371,8710,OCUPANTE DE VEHICULO DE MOTOR DE TRES RUEDAS LESIONADO POR COLISION CON OBJETO FIJO O ESTACIONADO: PASAJERO LESIONADO EN ACCIDENTE NO DE TRANSITO
V372,8711,"OCUPANTE DE VEHICULO DE MOTOR DE TRES RUEDAS LESIONADO POR COLISION CON OBJETO FIJO O ESTACIONADO: PERSONA QUE VIAJA FUERA DEL VEHICULO, LESIONADA EN ACCIDENTE NO DE TRANSITO"
V373,8712,"OCUPANTE DE VEHICULO DE MOTOR DE TRES RUEDAS LESIONADO POR COLISION CON OBJETO FIJO O ESTACIONADO: OCUPANTE NO ESPECIFICADO DE VEHICULO DE MOTOR DE TRES RUEDAS, LESIONADO EN ACCIDENTE NO DE TRANSITO"
V374,8713,OCUPANTE DE VEHICULO DE MOTOR DE TRES RUEDAS LESIONADO POR COLISION CON OBJETO FIJO O ESTACIONADO: PERSONA LESIONADA AL SUBIR O BAJAR DEL VEHICULO
V375,8714,OCUPANTE DE VEHICULO DE MOTOR DE TRES RUEDAS LESIONADO POR COLISION CON OBJETO FIJO O ESTACIONADO: CONDUCTOR LESIONADO EN ACCIDENTE DE TRANSITO
V376,8715,OCUPANTE DE VEHICULO DE MOTOR DE TRES RUEDAS LESIONADO POR COLISION CON OBJETO FIJO O ESTACIONADO: PASAJERO LESIONADO EN ACCIDENTE DE TRANSITO
V377,8716,"OCUPANTE DE VEHICULO DE MOTOR DE TRES RUEDAS LESIONADO POR COLISION CON OBJETO FIJO O ESTACIONADO: PERSONA QUE VIAJA FUERA DEL VEHICULO, LESIONADA EN ACCIDENTE DE TRANSITO"
V379,8717,"OCUPANTE DE VEHICULO DE MOTOR DE TRES RUEDAS LESIONADO POR COLISION CON OBJETO FIJO O ESTACIONADO: OCUPANTE NO ESPECIFICADO DE VEHICULO DE MOTOR DE TRES RUEDAS, LESIONADO EN ACCIDENTE DE TRANSITO"
V380,8718,OCUPANTE DE VEHICULO DE MOTOR DE TRES RUEDAS LESIONADO EN ACCIDENTE DE TRANSPORTE SIN COLISION: CONDUCTOR LESIONADO EN ACCIDENTE NO DE TRANSITO
V381,8719,OCUPANTE DE VEHICULO DE MOTOR DE TRES RUEDAS LESIONADO EN ACCIDENTE DE TRANSPORTE SIN COLISION: PASAJERO LESIONADO EN ACCIDENTE NO DE TRANSITO
V382,8720,"OCUPANTE DE VEHICULO DE MOTOR DE TRES RUEDAS LESIONADO EN ACCIDENTE DE TRANSPORTE SIN COLISION: PERSONA QUE VIAJA FUERA DEL VEHICULO, LESIONADA EN ACCIDENTE NO DE TRANSITO"
V383,8721,"OCUPANTE DE VEHICULO DE MOTOR DE TRES RUEDAS LESIONADO EN ACCIDENTE DE TRANSPORTE SIN COLISION: OCUPANTE NO ESPECIFICADO DE VEHICULO DE MOTOR DE TRES RUEDAS, LESIONADO EN ACCIDENTE NO DE TRANSITO"
V384,8722,OCUPANTE DE VEHICULO DE MOTOR DE TRES RUEDAS LESIONADO EN ACCIDENTE DE TRANSPORTE SIN COLISION: PERSONA LESIONADA AL SUBIR O BAJAR DEL VEHICULO
V385,8723,OCUPANTE DE VEHICULO DE MOTOR DE TRES RUEDAS LESIONADO EN ACCIDENTE DE TRANSPORTE SIN COLISION: CONDUCTOR LESIONADO EN ACCIDENTE DE TRANSITO
V386,8724,OCUPANTE DE VEHICULO DE MOTOR DE TRES RUEDAS LESIONADO EN ACCIDENTE DE TRANSPORTE SIN COLISION: PASAJERO LESIONADO EN ACCIDENTE DE TRANSITO
V387,8725,"OCUPANTE DE VEHICULO DE MOTOR DE TRES RUEDAS LESIONADO EN ACCIDENTE DE TRANSPORTE SIN COLISION: PERSONA QUE VIAJA FUERA DEL VEHICULO, LESIONADA EN ACCIDENTE DE TRANSITO"
V389,8726,"OCUPANTE DE VEHICULO DE MOTOR DE TRES RUEDAS LESIONADO EN ACCIDENTE DE TRANSPORTE SIN COLISION: OCUPANTE NO ESPECIFICADO DE VEHICULO DE MOTOR DE TRES RUEDAS, LESIONADO EN ACCIDENTE DE TRANSITO"
V390,8727,"CONDUCTOR DE VEHICULO DE MOTOR DE TRES RUEDAS LESIONADO POR COLISION CON OTROS VEHICULOS DE MOTOR, Y CON LOS NO ESPECIFICADOS, EN ACCIDENTE NO DE TRANSITO"
V391,8728,"PASAJERO DE VEHICULO DE MOTOR DE TRES RUEDAS LESIONADO POR COLISION CON OTROS VEHICULOS DE MOTOR, Y CON LOS NO ESPECIFICADOS, EN ACCIDENTE NO DE TRANSITO"
V392,8729,"OCUPANTE NO ESPECIFICADO DE VEHICULO DE MOTOR DE TRES RUEDAS LESIONADO POR COLISION CON OTROS VEHICULOS DE MOTOR, Y CON LOS NO ESPECIFICADOS, EN ACCIDENTE NO DE TRANSITO"
V393,8730,"OCUPANTE [CUALQUIERA] DE VEHICULO DE MOTOR DE TRES RUEDAS LESIONADO EN ACCIDENTE NO DE TRANSITO, NO ESPECIFICADO"
V394,8731,"CONDUCTOR DE VEHICULO DE MOTOR DE TRES RUEDAS LESIONADO POR COLISION CON OTROS VEHICULOS DE MOTOR, Y CON LOS NO ESPECIFICADOS, EN ACCIDENTE DE TRANSITO"
V395,8732,"PASAJERO DE VEHICULO DE MOTOR DE TRES RUEDAS LESIONADO POR COLISION CON OTROS VEHICULOS DE MOTOR, Y CON LOS NO ESPECIFICADOS, EN ACCIDENTE DE TRANSITO"
V396,8733,"OCUPANTE NO ESPECIFICADO DE VEHICULO DE MOTOR DE TRES RUEDAS LESIONADO POR COLISION CON OTROS VEHICULOS DE MOTOR, Y CON LOS NO ESPECIFICADOS, EN ACCIDENTE DE TRANSITO"
V398,8734,OCUPANTE [CUALQUIERA] DE VEHICULO DE MOTOR DE TRES RUEDAS LESIONADO EN OTROS ACCIDENTES DE TRANSPORTE ESPECIFICADOS
V399,8735,"OCUPANTE [CUALQUIERA] DE VEHICULO DE MOTOR DE TRES RUEDAS LESIONADO EN ACCIDENTE DE TRANSITO, NO ESPECIFICADO"
V400,8736,OCUPANTE DE AUTOMOVIL LESIONADO POR COLISION CON PEATON O ANIMAL: CONDUCTOR LESIONADO EN ACCIDENTE NO DE TRANSITO
V401,8737,OCUPANTE DE AUTOMOVIL LESIONADO POR COLISION CON PEATON O ANIMAL: PASAJERO LESIONADO EN ACCIDENTE NO DE TRANSITO
V402,8738,"OCUPANTE DE AUTOMOVIL LESIONADO POR COLISION CON PEATON O ANIMAL: PERSONA QUE VIAJA FUERA DEL VEHICULO, LESIONADA EN ACCIDENTE NO DE TRANSITO"
V403,8739,"OCUPANTE DE AUTOMOVIL LESIONADO POR COLISION CON PEATON O ANIMAL: OCUPANTE NO ESPECIFICADO DE AUTOMOVIL, LESIONADO EN ACCIDENTE NO DE TRANSITO"
V404,8740,OCUPANTE DE AUTOMOVIL LESIONADO POR COLISION CON PEATON O ANIMAL: PERSONA LESIONADA AL SUBIR O BAJAR DEL VEHICULO
V405,8741,OCUPANTE DE AUTOMOVIL LESIONADO POR COLISION CON PEATON O ANIMAL: CONDUCTOR LESIONADO EN ACCIDENTE DE TRANSITO
V406,8742,OCUPANTE DE AUTOMOVIL LESIONADO POR COLISION CON PEATON O ANIMAL: PASAJERO LESIONADO EN ACCIDENTE DE TRANSITO
V407,8743,"OCUPANTE DE AUTOMOVIL LESIONADO POR COLISION CON PEATON O ANIMAL: PERSONA QUE VIAJA FUERA DEL VEHICULO, LESIONADA EN ACCIDENTE DE TRANSITO"
V409,8744,"OCUPANTE DE AUTOMOVIL LESIONADO POR COLISION CON PEATON O ANIMAL: OCUPANTE NO ESPECIFICADO DE AUTOMOVIL, LESIONADO EN ACCIDENTE DE TRANSITO"
V410,8745,OCUPANTE DE AUTOMOVIL LESIONADO POR COLISION CON VEHICULO DE PEDAL: CONDUCTOR LESIONADO EN ACCIDENTE NO DE TRANSITO
V411,8746,OCUPANTE DE AUTOMOVIL LESIONADO POR COLISION CON VEHICULO DE PEDAL: PASAJERO LESIONADO EN ACCIDENTE NO DE TRANSITO
V412,8747,"OCUPANTE DE AUTOMOVIL LESIONADO POR COLISION CON VEHICULO DE PEDAL: PERSONA QUE VIAJA FUERA DEL VEHICULO, LESIONADA EN ACCIDENTE NO DE TRANSITO"
V413,8748,"OCUPANTE DE AUTOMOVIL LESIONADO POR COLISION CON VEHICULO DE PEDAL: OCUPANTE NO ESPECIFICADO DE AUTOMOVIL, LESIONADO EN ACCIDENTE NO DE TRANSITO"
V414,8749,OCUPANTE DE AUTOMOVIL LESIONADO POR COLISION CON VEHICULO DE PEDAL: PERSONA LESIONADA AL SUBIR O BAJAR DEL VEHICULO
V415,8750,OCUPANTE DE AUTOMOVIL LESIONADO POR COLISION CON VEHICULO DE PEDAL: CONDUCTOR LESIONADO EN ACCIDENTE DE TRANSITO
V416,8751,OCUPANTE DE AUTOMOVIL LESIONADO POR COLISION CON VEHICULO DE PEDAL: PASAJERO LESIONADO EN ACCIDENTE DE TRANSITO
V417,8752,"OCUPANTE DE AUTOMOVIL LESIONADO POR COLISION CON VEHICULO DE PEDAL: PERSONA QUE VIAJA FUERA DEL VEHICULO, LESIONADA EN ACCIDENTE DE TRANSITO"
V419,8753,"OCUPANTE DE AUTOMOVIL LESIONADO POR COLISION CON VEHICULO DE PEDAL: OCUPANTE NO ESPECIFICADO DE AUTOMOVIL, LESIONADO EN ACCIDENTE DE TRANSITO"
V420,8754,OCUPANTE DE AUTOMOVIL LESIONADO POR COLISION CON VEHICULO DE MOTOR DE DOS O TRES RUEDAS: CONDUCTOR LESIONADO EN ACCIDENTE NO DE TRANSITO
V421,8755,OCUPANTE DE AUTOMOVIL LESIONADO POR COLISION CON VEHICULO DE MOTOR DE DOS O TRES RUEDAS: PASAJERO LESIONADO EN ACCIDENTE NO DE TRANSITO
V422,8756,"OCUPANTE DE AUTOMOVIL LESIONADO POR COLISION CON VEHICULO DE MOTOR DE DOS O TRES RUEDAS: PERSONA QUE VIAJA FUERA DEL VEHICULO, LESIONADA EN ACCIDENTE NO DE TRANSITO"
V423,8757,"OCUPANTE DE AUTOMOVIL LESIONADO POR COLISION CON VEHICULO DE MOTOR DE DOS O TRES RUEDAS: OCUPANTE NO ESPECIFICADO DE AUTOMOVIL, LESIONADO EN ACCIDENTE NO DE TRANSITO"
V424,8758,OCUPANTE DE AUTOMOVIL LESIONADO POR COLISION CON VEHICULO DE MOTOR DE DOS O TRES RUEDAS: PERSONA LESIONADA AL SUBIR O BAJAR DEL VEHICULO
V425,8759,OCUPANTE DE AUTOMOVIL LESIONADO POR COLISION CON VEHICULO DE MOTOR DE DOS O TRES RUEDAS: CONDUCTOR LESIONADO EN ACCIDENTE DE TRANSITO
V426,8760,OCUPANTE DE AUTOMOVIL LESIONADO POR COLISION CON VEHICULO DE MOTOR DE DOS O TRES RUEDAS: PASAJERO LESIONADO EN ACCIDENTE DE TRANSITO
V427,8761,"OCUPANTE DE AUTOMOVIL LESIONADO POR COLISION CON VEHICULO DE MOTOR DE DOS O TRES RUEDAS: PERSONA QUE VIAJA FUERA DEL VEHICULO, LESIONADA EN ACCIDENTE DE TRANSITO"
V429,8762,"OCUPANTE DE AUTOMOVIL LESIONADO POR COLISION CON VEHICULO DE MOTOR DE DOS O TRES RUEDAS: OCUPANTE NO ESPECIFICADO DE AUTOMOVIL, LESIONADO EN ACCIDENTE DE TRANSITO"
V430,8763,"OCUPANTE DE AUTOMOVIL LESIONADO POR COLISION CON OTRO AUTOMOVIL, CAMIONETA O FURGONETA: CONDUCTOR LESIONADO EN ACCIDENTE NO DE TRANSITO"
V431,8764,"OCUPANTE DE AUTOMOVIL LESIONADO POR COLISION CON OTRO AUTOMOVIL, CAMIONETA O FURGONETA: PASAJERO LESIONADO EN ACCIDENTE NO DE TRANSITO"
V432,8765,"OCUPANTE DE AUTOMOVIL LESIONADO POR COLISION CON OTRO AUTOMOVIL, CAMIONETA O FURGONETA: PERSONA QUE VIAJA FUERA DEL VEHICULO, LESIONADA EN ACCIDENTE NO DE TRANSITO"
V433,8766,"OCUPANTE DE AUTOMOVIL LESIONADO POR COLISION CON OTRO AUTOMOVIL, CAMIONETA O FURGONETA: OCUPANTE NO ESPECIFICADO DE AUTOMOVIL, LESIONADO EN ACCIDENTE NO DE TRANSITO"
V434,8767,"OCUPANTE DE AUTOMOVIL LESIONADO POR COLISION CON OTRO AUTOMOVIL, CAMIONETA O FURGONETA: PERSONA LESIONADA AL SUBIR O BAJAR DEL VEHICULO"
V435,8768,"OCUPANTE DE AUTOMOVIL LESIONADO POR COLISION CON OTRO AUTOMOVIL, CAMIONETA O FURGONETA: CONDUCTOR LESIONADO EN ACCIDENTE DE TRANSITO"
V436,8769,"OCUPANTE DE AUTOMOVIL LESIONADO POR COLISION CON OTRO AUTOMOVIL, CAMIONETA O FURGONETA: PASAJERO LESIONADO EN ACCIDENTE DE TRANSITO"
V437,8770,"OCUPANTE DE AUTOMOVIL LESIONADO POR COLISION CON OTRO AUTOMOVIL, CAMIONETA O FURGONETA: PERSONA QUE VIAJA FUERA DEL VEHICULO, LESIONADA EN ACCIDENTE DE TRANSITO"
V439,8771,"OCUPANTE DE AUTOMOVIL LESIONADO POR COLISION CON OTRO AUTOMOVIL, CAMIONETA O FURGONETA: OCUPANTE NO ESPECIFICADO DE AUTOMOVIL, LESIONADO EN ACCIDENTE DE TRANSITO"
V440,8772,OCUPANTE DE AUTOMOVIL LESIONADO POR COLISION CON VEHICULO DE TRANSPORTE PESADO O AUTOBUS: CONDUCTOR LESIONADO EN ACCIDENTE NO DE TRANSITO
V441,8773,OCUPANTE DE AUTOMOVIL LESIONADO POR COLISION CON VEHICULO DE TRANSPORTE PESADO O AUTOBUS: PASAJERO LESIONADO EN ACCIDENTE NO DE TRANSITO
V442,8774,"OCUPANTE DE AUTOMOVIL LESIONADO POR COLISION CON VEHICULO DE TRANSPORTE PESADO O AUTOBUS: PERSONA QUE VIAJA FUERA DEL VEHICULO, LESIONADA EN ACCIDENTE NO DE TRANSITO"
V443,8775,"OCUPANTE DE AUTOMOVIL LESIONADO POR COLISION CON VEHICULO DE TRANSPORTE PESADO O AUTOBUS: OCUPANTE NO ESPECIFICADO DE AUTOMOVIL, LESIONADO EN ACCIDENTE NO DE TRANSITO"
V444,8776,OCUPANTE DE AUTOMOVIL LESIONADO POR COLISION CON VEHICULO DE TRANSPORTE PESADO O AUTOBUS: PERSONA LESIONADA AL SUBIR O BAJAR DEL VEHICULO
V445,8777,OCUPANTE DE AUTOMOVIL LESIONADO POR COLISION CON VEHICULO DE TRANSPORTE PESADO O AUTOBUS: CONDUCTOR LESIONADO EN ACCIDENTE DE TRANSITO
V446,8778,OCUPANTE DE AUTOMOVIL LESIONADO POR COLISION CON VEHICULO DE TRANSPORTE PESADO O AUTOBUS: PASAJERO LESIONADO EN ACCIDENTE DE TRANSITO
V447,8779,"OCUPANTE DE AUTOMOVIL LESIONADO POR COLISION CON VEHICULO DE TRANSPORTE PESADO O AUTOBUS: PERSONA QUE VIAJA FUERA DEL VEHICULO, LESIONADA EN ACCIDENTE DE TRANSITO"
V449,8780,"OCUPANTE DE AUTOMOVIL LESIONADO POR COLISION CON VEHICULO DE TRANSPORTE PESADO O AUTOBUS: OCUPANTE NO ESPECIFICADO DE AUTOMOVIL, LESIONADO EN ACCIDENTE DE TRANSITO"
V450,8781,OCUPANTE DE AUTOMOVIL LESIONADO POR COLISION CON TREN O VEHICULO DE RIELES: CONDUCTOR LESIONADO EN ACCIDENTE NO DE TRANSITO
V451,8782,OCUPANTE DE AUTOMOVIL LESIONADO POR COLISION CON TREN O VEHICULO DE RIELES: PASAJERO LESIONADO EN ACCIDENTE NO DE TRANSITO
V452,8783,"OCUPANTE DE AUTOMOVIL LESIONADO POR COLISION CON TREN O VEHICULO DE RIELES: PERSONA QUE VIAJA FUERA DEL VEHICULO, LESIONADA EN ACCIDENTE NO DE TRANSITO"
V453,8784,"OCUPANTE DE AUTOMOVIL LESIONADO POR COLISION CON TREN O VEHICULO DE RIELES: OCUPANTE NO ESPECIFICADO DE AUTOMOVIL, LESIONADO EN ACCIDENTE NO DE TRANSITO"
V454,8785,OCUPANTE DE AUTOMOVIL LESIONADO POR COLISION CON TREN O VEHICULO DE RIELES: PERSONA LESIONADA AL SUBIR O BAJAR DEL VEHICULO
V455,8786,OCUPANTE DE AUTOMOVIL LESIONADO POR COLISION CON TREN O VEHICULO DE RIELES: CONDUCTOR LESIONADO EN ACCIDENTE DE TRANSITO
V456,8787,OCUPANTE DE AUTOMOVIL LESIONADO POR COLISION CON TREN O VEHICULO DE RIELES: PASAJERO LESIONADO EN ACCIDENTE DE TRANSITO
V457,8788,"OCUPANTE DE AUTOMOVIL LESIONADO POR COLISION CON TREN O VEHICULO DE RIELES: PERSONA QUE VIAJA FUERA DEL VEHICULO, LESIONADA EN ACCIDENTE DE TRANSITO"
V459,8789,"OCUPANTE DE AUTOMOVIL LESIONADO POR COLISION CON TREN O VEHICULO DE RIELES: OCUPANTE NO ESPECIFICADO DE AUTOMOVIL, LESIONADO EN ACCIDENTE DE TRANSITO"
V460,8790,OCUPANTE DE AUTOMOVIL LESIONADO POR COLISION CON OTROS VEHICULOS SIN MOTOR: CONDUCTOR LESIONADO EN ACCIDENTE NO DE TRANSITO
V461,8791,OCUPANTE DE AUTOMOVIL LESIONADO POR COLISION CON OTROS VEHICULOS SIN MOTOR: PASAJERO LESIONADO EN ACCIDENTE NO DE TRANSITO
V462,8792,"OCUPANTE DE AUTOMOVIL LESIONADO POR COLISION CON OTROS VEHICULOS SIN MOTOR: PERSONA QUE VIAJA FUERA DEL VEHICULO, LESIONADA EN ACCIDENTE NO DE TRANSITO"
V463,8793,"OCUPANTE DE AUTOMOVIL LESIONADO POR COLISION CON OTROS VEHICULOS SIN MOTOR: OCUPANTE NO ESPECIFICADO DE AUTOMOVIL, LESIONADO EN ACCIDENTE NO DE TRANSITO"
V464,8794,OCUPANTE DE AUTOMOVIL LESIONADO POR COLISION CON OTROS VEHICULOS SIN MOTOR: PERSONA LESIONADA AL SUBIR O BAJAR DEL VEHICULO
V465,8795,OCUPANTE DE AUTOMOVIL LESIONADO POR COLISION CON OTROS VEHICULOS SIN MOTOR: CONDUCTOR LESIONADO EN ACCIDENTE DE TRANSITO
V466,8796,OCUPANTE DE AUTOMOVIL LESIONADO POR COLISION CON OTROS VEHICULOS SIN MOTOR: PASAJERO LESIONADO EN ACCIDENTE DE TRANSITO
V467,8797,"OCUPANTE DE AUTOMOVIL LESIONADO POR COLISION CON OTROS VEHICULOS SIN MOTOR: PERSONA QUE VIAJA FUERA DEL VEHICULO, LESIONADA EN ACCIDENTE DE TRANSITO"
V469,8798,"OCUPANTE DE AUTOMOVIL LESIONADO POR COLISION CON OTROS VEHICULOS SIN MOTOR: OCUPANTE NO ESPECIFICADO DE AUTOMOVIL, LESIONADO EN ACCIDENTE DE TRANSITO"
V470,8799,OCUPANTE DE AUTOMOVIL LESIONADO POR COLISION CON OBJETO FIJO O ESTACIONADO: CONDUCTOR LESIONADO EN ACCIDENTE NO DE TRANSITO
V471,8800,OCUPANTE DE AUTOMOVIL LESIONADO POR COLISION CON OBJETO FIJO O ESTACIONADO: PASAJERO LESIONADO EN ACCIDENTE NO DE TRANSITO
V472,8801,"OCUPANTE DE AUTOMOVIL LESIONADO POR COLISION CON OBJETO FIJO O ESTACIONADO: PERSONA QUE VIAJA FUERA DEL VEHICULO, LESIONADA EN ACCIDENTE NO DE TRANSITO"
V473,8802,"OCUPANTE DE AUTOMOVIL LESIONADO POR COLISION CON OBJETO FIJO O ESTACIONADO: OCUPANTE NO ESPECIFICADO DE AUTOMOVIL, LESIONADO EN ACCIDENTE NO DE TRANSITO"
V474,8803,OCUPANTE DE AUTOMOVIL LESIONADO POR COLISION CON OBJETO FIJO O ESTACIONADO: PERSONA LESIONADA AL SUBIR O BAJAR DEL VEHICULO
V475,8804,OCUPANTE DE AUTOMOVIL LESIONADO POR COLISION CON OBJETO FIJO O ESTACIONADO: CONDUCTOR LESIONADO EN ACCIDENTE DE TRANSITO
V476,8805,OCUPANTE DE AUTOMOVIL LESIONADO POR COLISION CON OBJETO FIJO O ESTACIONADO: PASAJERO LESIONADO EN ACCIDENTE DE TRANSITO
V477,8806,"OCUPANTE DE AUTOMOVIL LESIONADO POR COLISION CON OBJETO FIJO O ESTACIONADO: PERSONA QUE VIAJA FUERA DEL VEHICULO, LESIONADA EN ACCIDENTE DE TRANSITO"
V479,8807,"OCUPANTE DE AUTOMOVIL LESIONADO POR COLISION CON OBJETO FIJO O ESTACIONADO: OCUPANTE NO ESPECIFICADO DE AUTOMOVIL, LESIONADO EN ACCIDENTE DE TRANSITO"
V480,8808,OCUPANTE DE AUTOMOVIL LESIONADO EN ACCIDENTE DE TRANSPORTE SIN COLISION: CONDUCTOR LESIONADO EN ACCIDENTE NO DE TRANSITO
V481,8809,OCUPANTE DE AUTOMOVIL LESIONADO EN ACCIDENTE DE TRANSPORTE SIN COLISION: PASAJERO LESIONADO EN ACCIDENTE NO DE TRANSITO
V482,8810,"OCUPANTE DE AUTOMOVIL LESIONADO EN ACCIDENTE DE TRANSPORTE SIN COLISION: PERSONA QUE VIAJA FUERA DEL VEHICULO, LESIONADA EN ACCIDENTE NO DE TRANSITO"
V483,8811,"OCUPANTE DE AUTOMOVIL LESIONADO EN ACCIDENTE DE TRANSPORTE SIN COLISION: OCUPANTE NO ESPECIFICADO DE AUTOMOVIL, LESIONADO EN ACCIDENTE NO DE TRANSITO"
V484,8812,OCUPANTE DE AUTOMOVIL LESIONADO EN ACCIDENTE DE TRANSPORTE SIN COLISION: PERSONA LESIONADA AL SUBIR O BAJAR DEL VEHICULO
V485,8813,OCUPANTE DE AUTOMOVIL LESIONADO EN ACCIDENTE DE TRANSPORTE SIN COLISION: CONDUCTOR LESIONADO EN ACCIDENTE DE TRANSITO
V486,8814,OCUPANTE DE AUTOMOVIL LESIONADO EN ACCIDENTE DE TRANSPORTE SIN COLISION: PASAJERO LESIONADO EN ACCIDENTE DE TRANSITO
V487,8815,"OCUPANTE DE AUTOMOVIL LESIONADO EN ACCIDENTE DE TRANSPORTE SIN COLISION: PERSONA QUE VIAJA FUERA DEL VEHICULO, LESIONADA EN ACCIDENTE DE TRANSITO"
V489,8816,"OCUPANTE DE AUTOMOVIL LESIONADO EN ACCIDENTE DE TRANSPORTE SIN COLISION: OCUPANTE NO ESPECIFICADO DE AUTOMOVIL, LESIONADO EN ACCIDENTE DE TRANSITO"
V490,8817,"CONDUCTOR DE AUTOMOVIL LESIONADO POR COLISION CON OTROS VEHICULOS DE MOTOR, Y CON LOS NO ESPECIFICADOS, EN ACCIDENTE NO DE TRANSITO"
V491,8818,"PASAJERO DE AUTOMOVIL LESIONADO POR COLISION CON OTROS VEHICULOS DE MOTOR, Y CON LOS NO ESPECIFICADOS, EN ACCIDENTE NO DE TRANSITO"
V492,8819,"OCUPANTE NO ESPECIFICADO DE AUTOMOVIL LESIONADO POR COLISION CON OTROS VEHICULOS DE MOTOR, Y CON LOS NO ESPECIFICADOS, EN ACCIDENTE NO DE TRANSITO"
V493,8820,"OCUPANTE [CUALQUIERA] DE AUTOMOVIL LESIONADO EN ACCIDENTE NO DE TRANSITO, NO ESPECIFICADO"
V494,8821,"CONDUCTOR DE AUTOMOVIL LESIONADO POR COLISION CON OTROS VEHICULOS DE MOTOR, Y CON LOS NO ESPECIFICADOS, EN ACCIDENTE DE TRANSITO"
V495,8822,"PASAJERO DE AUTOMOVIL LESIONADO POR COLISION CON OTROS VEHICULOS DE MOTOR, Y CON LOS NO ESPECIFICADOS, EN ACCIDENTE DE TRANSITO"
V496,8823,"OCUPANTE NO ESPECIFICADO DE AUTOMOVIL LESIONADO POR COLISION CON OTROS VEHICULOS DE MOTOR, Y CON LOS NO ESPECIFICADOS, EN ACCIDENTE DE TRANSITO"
V498,8824,OCUPANTE [CUALQUIERA]) DE AUTOMOVIL LESIONADO EN OTROS ACCIDENTES DE TRANSPORTE ESPECIFICADOS
V499,8825,OCUPANTE [CUALQUIERA] DE AUTOMOVIL LESIONADO EN ACCIDENTE DE TRANSITO NO ESPECIFICADO
V500,8826,OCUPANTE DE CAMIONETA O FURGONETA LESIONADO POR COLISION CON PEATON O ANIMAL: CONDUCTOR LESIONADO EN ACCIDENTE NO DE TRANSITO
V501,8827,OCUPANTE DE CAMIONETA O FURGONETA LESIONADO POR COLISION CON PEATON O ANIMAL: PASAJERO LESIONADO EN ACCIDENTE NO DE TRANSITO
V502,8828,"OCUPANTE DE CAMIONETA O FURGONETA LESIONADO POR COLISION CON PEATON O ANIMAL: PERSONA QUE VIAJA FUERA DEL VEHICULO, LESIONADA EN ACCIDENTE NO DE TRANSITO"
V503,8829,"OCUPANTE DE CAMIONETA O FURGONETA LESIONADO POR COLISION CON PEATON O ANIMAL: OCUPANTE NO ESPECIFICADO DE CAMIONETA O FURGONETA, LESIONADO EN ACCIDENTE NO DE TRANSITO"
V504,8830,OCUPANTE DE CAMIONETA O FURGONETA LESIONADO POR COLISION CON PEATON O ANIMAL: PERSONA LESIONADA AL SUBIR O BAJAR DEL VEHICULO
V505,8831,OCUPANTE DE CAMIONETA O FURGONETA LESIONADO POR COLISION CON PEATON O ANIMAL: CONDUCTOR LESIONADO EN ACCIDENTE DE TRANSITO
V506,8832,OCUPANTE DE CAMIONETA O FURGONETA LESIONADO POR COLISION CON PEATON O ANIMAL: PASAJERO LESIONADO EN ACCIDENTE DE TRANSITO
V507,8833,"OCUPANTE DE CAMIONETA O FURGONETA LESIONADO POR COLISION CON PEATON O ANIMAL: PERSONA QUE VIAJA FUERA DEL VEHICULO, LESIONADA EN ACCIDENTE DE TRANSITO"
V509,8834,"OCUPANTE DE CAMIONETA O FURGONETA LESIONADO POR COLISION CON PEATON O ANIMAL: OCUPANTE NO ESPECIFICADO DE CAMIONETA O FURGONETA, LESIONADO EN ACCIDENTE DE TRANSITO"
V510,8835,OCUPANTE DE CAMIONETA O FURGONETA LESIONADO POR COLISION CON VEHICULO DE PEDAL: CONDUCTOR LESIONADO EN ACCIDENTE NO DE TRANSITO
V511,8836,OCUPANTE DE CAMIONETA O FURGONETA LESIONADO POR COLISION CON VEHICULO DE PEDAL: PASAJERO LESIONADO EN ACCIDENTE NO DE TRANSITO
V512,8837,"OCUPANTE DE CAMIONETA O FURGONETA LESIONADO POR COLISION CON VEHICULO DE PEDAL: PERSONA QUE VIAJA FUERA DEL VEHICULO, LESIONADA EN ACCIDENTE NO DE TRANSITO"
V513,8838,"OCUPANTE DE CAMIONETA O FURGONETA LESIONADO POR COLISION CON VEHICULO DE PEDAL: OCUPANTE NO ESPECIFICADO DE CAMIONETA O FURGONETA, LESIONADO EN ACCIDENTE NO DE TRANSITO"
V514,8839,OCUPANTE DE CAMIONETA O FURGONETA LESIONADO POR COLISION CON VEHICULO DE PEDAL: PERSONA LESIONADA AL SUBIR O BAJAR DEL VEHICULO
V515,8840,OCUPANTE DE CAMIONETA O FURGONETA LESIONADO POR COLISION CON VEHICULO DE PEDAL: CONDUCTOR LESIONADO EN ACCIDENTE DE TRANSITO
V516,8841,OCUPANTE DE CAMIONETA O FURGONETA LESIONADO POR COLISION CON VEHICULO DE PEDAL: PASAJERO LESIONADO EN ACCIDENTE DE TRANSITO
V517,8842,"OCUPANTE DE CAMIONETA O FURGONETA LESIONADO POR COLISION CON VEHICULO DE PEDAL: PERSONA QUE VIAJA FUERA DEL VEHICULO, LESIONADA EN ACCIDENTE DE TRANSITO"
V519,8843,"OCUPANTE DE CAMIONETA O FURGONETA LESIONADO POR COLISION CON VEHICULO DE PEDAL: OCUPANTE NO ESPECIFICADO DE CAMIONETA O FURGONETA, LESIONADO EN ACCIDENTE DE TRANSITO"
V520,8844,OCUPANTE DE CAMIONETA O FURGONETA LESIONADO POR COLISION CON VEHICULO DE MOTOR DE DOS O TRES RUEDAS: CONDUCTOR LESIONADO EN ACCIDENTE NO DE TRANSITO
V521,8845,OCUPANTE DE CAMIONETA O FURGONETA LESIONADO POR COLISION CON VEHICULO DE MOTOR DE DOS O TRES RUEDAS: PASAJERO LESIONADO EN ACCIDENTE NO DE TRANSITO
V522,8846,"OCUPANTE DE CAMIONETA O FURGONETA LESIONADO POR COLISION CON VEHICULO DE MOTOR DE DOS O TRES RUEDAS: PERSONA QUE VIAJA FUERA DEL VEHICULO, LESIONADA EN ACCIDENTE NO DE TRANSITO"
V523,8847,"OCUPANTE DE CAMIONETA O FURGONETA LESIONADO POR COLISION CON VEHICULO DE MOTOR DE DOS O TRES RUEDAS: OCUPANTE NO ESPECIFICADO DE CAMIONETA O FURGONETA, LESIONADO EN ACCIDENTE NO DE TRANSITO"
V524,8848,OCUPANTE DE CAMIONETA O FURGONETA LESIONADO POR COLISION CON VEHICULO DE MOTOR DE DOS O TRES RUEDAS: PERSONA LESIONADA AL SUBIR O BAJAR DEL VEHICULO
V525,8849,OCUPANTE DE CAMIONETA O FURGONETA LESIONADO POR COLISION CON VEHICULO DE MOTOR DE DOS O TRES RUEDAS: CONDUCTOR LESIONADO EN ACCIDENTE DE TRANSITO
V526,8850,OCUPANTE DE CAMIONETA O FURGONETA LESIONADO POR COLISION CON VEHICULO DE MOTOR DE DOS O TRES RUEDAS: PASAJERO LESIONADO EN ACCIDENTE DE TRANSITO
V527,8851,"OCUPANTE DE CAMIONETA O FURGONETA LESIONADO POR COLISION CON VEHICULO DE MOTOR DE DOS O TRES RUEDAS: PERSONA QUE VIAJA FUERA DEL VEHICULO, LESIONADA EN ACCIDENTE DE TRANSITO"
V529,8852,"OCUPANTE DE CAMIONETA O FURGONETA LESIONADO POR COLISION CON VEHICULO DE MOTOR DE DOS O TRES RUEDAS: OCUPANTE NO ESPECIFICADO DE CAMIONETA O FURGONETA, LESIONADO EN ACCIDENTE DE TRANSITO"
V530,8853,"OCUPANTE DE CAMIONETA O FURGONETA LESIONADO POR COLISION CON AUTOMOVIL, CAMIONETA O FURGONETA: CONDUCTOR LESIONADO EN ACCIDENTE NO DE TRANSITO"
V531,8854,"OCUPANTE DE CAMIONETA O FURGONETA LESIONADO POR COLISION CON AUTOMOVIL, CAMIONETA O FURGONETA: PASAJERO LESIONADO EN ACCIDENTE NO DE TRANSITO"
V532,8855,"OCUPANTE DE CAMIONETA O FURGONETA LESIONADO POR COLISION CON AUTOMOVIL, CAMIONETA O FURGONETA: PERSONA QUE VIAJA FUERA DEL VEHICULO, LESIONADA EN ACCIDENTE NO DE TRANSITO"
V533,8856,"OCUPANTE DE CAMIONETA O FURGONETA LESIONADO POR COLISION CON AUTOMOVIL, CAMIONETA O FURGONETA: OCUPANTE NO ESPECIFICADO DE CAMIONETA O FURGONETA, LESIONADO EN ACCIDENTE NO DE TRANSITO"
V534,8857,"OCUPANTE DE CAMIONETA O FURGONETA LESIONADO POR COLISION CON AUTOMOVIL, CAMIONETA O FURGONETA: PERSONA LESIONADA AL SUBIR O BAJAR DEL VEHICULO"
V535,8858,"OCUPANTE DE CAMIONETA O FURGONETA LESIONADO POR COLISION CON AUTOMOVIL, CAMIONETA O FURGONETA: CONDUCTOR LESIONADO EN ACCIDENTE DE TRANSITO"
V536,8859,"OCUPANTE DE CAMIONETA O FURGONETA LESIONADO POR COLISION CON AUTOMOVIL, CAMIONETA O FURGONETA: PASAJERO LESIONADO EN ACCIDENTE DE TRANSITO"
V537,8860,"OCUPANTE DE CAMIONETA O FURGONETA LESIONADO POR COLISION CON AUTOMOVIL, CAMIONETA O FURGONETA: PERSONA QUE VIAJA FUERA DEL VEHICULO, LESIONADA EN ACCIDENTE DE TRANSITO"
V539,8861,"OCUPANTE DE CAMIONETA O FURGONETA LESIONADO POR COLISION CON AUTOMOVIL, CAMIONETA O FURGONETA: OCUPANTE NO ESPECIFICADO DE CAMIONETA O FURGONETA, LESIONADO EN ACCIDENTE DE TRANSITO"
V540,8862,OCUPANTE DE CAMIONETA O FURGONETA LESIONADO POR COLISION CON VEHICULO DE TRANSPORTE PESADO O AUTOBUS: CONDUCTOR LESIONADO EN ACCIDENTE NO DE TRANSITO
V541,8863,OCUPANTE DE CAMIONETA O FURGONETA LESIONADO POR COLISION CON VEHICULO DE TRANSPORTE PESADO O AUTOBUS: PASAJERO LESIONADO EN ACCIDENTE NO DE TRANSITO
V542,8864,"OCUPANTE DE CAMIONETA O FURGONETA LESIONADO POR COLISION CON VEHICULO DE TRANSPORTE PESADO O AUTOBUS: PERSONA QUE VIAJA FUERA DEL VEHICULO, LESIONADA EN ACCIDENTE NO DE TRANSITO"
V543,8865,"OCUPANTE DE CAMIONETA O FURGONETA LESIONADO POR COLISION CON VEHICULO DE TRANSPORTE PESADO O AUTOBUS: OCUPANTE NO ESPECIFICADO DE CAMIONETA O FURGONETA, LESIONADO EN ACCIDENTE NO DE TRANSITO"
V544,8866,OCUPANTE DE CAMIONETA O FURGONETA LESIONADO POR COLISION CON VEHICULO DE TRANSPORTE PESADO O AUTOBUS: PERSONA LESIONADA AL SUBIR O BAJAR DEL VEHICULO
V545,8867,OCUPANTE DE CAMIONETA O FURGONETA LESIONADO POR COLISION CON VEHICULO DE TRANSPORTE PESADO O AUTOBUS: CONDUCTOR LESIONADO EN ACCIDENTE DE TRANSITO
V546,8868,OCUPANTE DE CAMIONETA O FURGONETA LESIONADO POR COLISION CON VEHICULO DE TRANSPORTE PESADO O AUTOBUS: PASAJERO LESIONADO EN ACCIDENTE DE TRANSITO
V547,8869,"OCUPANTE DE CAMIONETA O FURGONETA LESIONADO POR COLISION CON VEHICULO DE TRANSPORTE PESADO O AUTOBUS: PERSONA QUE VIAJA FUERA DEL VEHICULO, LESIONADA EN ACCIDENTE DE TRANSITO"
V549,8870,"OCUPANTE DE CAMIONETA O FURGONETA LESIONADO POR COLISION CON VEHICULO DE TRANSPORTE PESADO O AUTOBUS: OCUPANTE NO ESPECIFICADO DE CAMIONETA O FURGONETA, LESIONADO EN ACCIDENTE DE TRANSITO"
V550,8871,OCUPANTE DE CAMIONETA O FURGONETA LESIONADO POR COLISION CON TREN O VEHICULO DE RIELES: CONDUCTOR LESIONADO EN ACCIDENTE NO DE TRANSITO
V551,8872,OCUPANTE DE CAMIONETA O FURGONETA LESIONADO POR COLISION CON TREN O VEHICULO DE RIELES: PASAJERO LESIONADO EN ACCIDENTE NO DE TRANSITO
V552,8873,"OCUPANTE DE CAMIONETA O FURGONETA LESIONADO POR COLISION CON TREN O VEHICULO DE RIELES: PERSONA QUE VIAJA FUERA DEL VEHICULO, LESIONADA EN ACCIDENTE NO DE TRANSITO"
V553,8874,"OCUPANTE DE CAMIONETA O FURGONETA LESIONADO POR COLISION CON TREN O VEHICULO DE RIELES: OCUPANTE NO ESPECIFICADO DE CAMIONETA O FURGONETA, LESIONADO EN ACCIDENTE NO DE TRANSITO"
V554,8875,OCUPANTE DE CAMIONETA O FURGONETA LESIONADO POR COLISION CON TREN O VEHICULO DE RIELES: PERSONA LESIONADA AL SUBIR O BAJAR DEL VEHICULO
V555,8876,OCUPANTE DE CAMIONETA O FURGONETA LESIONADO POR COLISION CON TREN O VEHICULO DE RIELES: CONDUCTOR LESIONADO EN ACCIDENTE DE TRANSITO
V556,8877,OCUPANTE DE CAMIONETA O FURGONETA LESIONADO POR COLISION CON TREN O VEHICULO DE RIELES: PASAJERO LESIONADO EN ACCIDENTE DE TRANSITO
V557,8878,"OCUPANTE DE CAMIONETA O FURGONETA LESIONADO POR COLISION CON TREN O VEHICULO DE RIELES: PERSONA QUE VIAJA FUERA DEL VEHICULO, LESIONADA EN ACCIDENTE DE TRANSITO"
V559,8879,"OCUPANTE DE CAMIONETA O FURGONETA LESIONADO POR COLISION CON TREN O VEHICULO DE RIELES: OCUPANTE NO ESPECIFICADO DE CAMIONETA O FURGONETA, LESIONADO EN ACCIDENTE DE TRANSITO"
V560,8880,OCUPANTE DE CAMIONETA O FURGONETA LESIONADO POR COLISION CON OTROS VEHICULOS SIN MOTOR: CONDUCTOR LESIONADO EN ACCIDENTE NO DE TRANSITO
V561,8881,OCUPANTE DE CAMIONETA O FURGONETA LESIONADO POR COLISION CON OTROS VEHICULOS SIN MOTOR: PASAJERO LESIONADO EN ACCIDENTE NO DE TRANSITO
V562,8882,"OCUPANTE DE CAMIONETA O FURGONETA LESIONADO POR COLISION CON OTROS VEHICULOS SIN MOTOR: PERSONA QUE VIAJA FUERA DEL VEHICULO, LESIONADA EN ACCIDENTE NO DE TRANSITO"
V563,8883,"OCUPANTE DE CAMIONETA O FURGONETA LESIONADO POR COLISION CON OTROS VEHICULOS SIN MOTOR: OCUPANTE NO ESPECIFICADO DE CAMIONETA O FURGONETA, LESIONADO EN ACCIDENTE NO DE TRANSITO"
V564,8884,OCUPANTE DE CAMIONETA O FURGONETA LESIONADO POR COLISION CON OTROS VEHICULOS SIN MOTOR: PERSONA LESIONADA AL SUBIR O BAJAR DEL VEHICULO
V565,8885,OCUPANTE DE CAMIONETA O FURGONETA LESIONADO POR COLISION CON OTROS VEHICULOS SIN MOTOR: CONDUCTOR LESIONADO EN ACCIDENTE DE TRANSITO
V566,8886,OCUPANTE DE CAMIONETA O FURGONETA LESIONADO POR COLISION CON OTROS VEHICULOS SIN MOTOR: PASAJERO LESIONADO EN ACCIDENTE DE TRANSITO
V567,8887,"OCUPANTE DE CAMIONETA O FURGONETA LESIONADO POR COLISION CON OTROS VEHICULOS SIN MOTOR: PERSONA QUE VIAJA FUERA DEL VEHICULO, LESIONADA EN ACCIDENTE DE TRANSITO"
V569,8888,"OCUPANTE DE CAMIONETA O FURGONETA LESIONADO POR COLISION CON OTROS VEHICULOS SIN MOTOR: OCUPANTE NO ESPECIFICADO DE CAMIONETA O FURGONETA, LESIONADO EN ACCIDENTE DE TRANSITO"
V570,8889,OCUPANTE DE CAMIONETA O FURGONETA LESIONADO POR COLISION CON OBJETO FIJO O ESTACIONADO: CONDUCTOR LESIONADO EN ACCIDENTE NO DE TRANSITO
V571,8890,OCUPANTE DE CAMIONETA O FURGONETA LESIONADO POR COLISION CON OBJETO FIJO O ESTACIONADO: PASAJERO LESIONADO EN ACCIDENTE NO DE TRANSITO
V572,8891,"OCUPANTE DE CAMIONETA O FURGONETA LESIONADO POR COLISION CON OBJETO FIJO O ESTACIONADO: PERSONA QUE VIAJA FUERA DEL VEHICULO, LESIONADA EN ACCIDENTE NO DE TRANSITO"
V573,8892,"OCUPANTE DE CAMIONETA O FURGONETA LESIONADO POR COLISION CON OBJETO FIJO O ESTACIONADO: OCUPANTE NO ESPECIFICADO DE CAMIONETA O FURGONETA, LESIONADO EN ACCIDENTE NO DE TRANSITO"
V574,8893,OCUPANTE DE CAMIONETA O FURGONETA LESIONADO POR COLISION CON OBJETO FIJO O ESTACIONADO: PERSONA LESIONADA AL SUBIR O BAJAR DEL VEHICULO
V575,8894,OCUPANTE DE CAMIONETA O FURGONETA LESIONADO POR COLISION CON OBJETO FIJO O ESTACIONADO: CONDUCTOR LESIONADO EN ACCIDENTE DE TRANSITO
V576,8895,OCUPANTE DE CAMIONETA O FURGONETA LESIONADO POR COLISION CON OBJETO FIJO O ESTACIONADO: PASAJERO LESIONADO EN ACCIDENTE DE TRANSITO
V577,8896,"OCUPANTE DE CAMIONETA O FURGONETA LESIONADO POR COLISION CON OBJETO FIJO O ESTACIONADO: PERSONA QUE VIAJA FUERA DEL VEHICULO, LESIONADA EN ACCIDENTE DE TRANSITO"
V579,8897,"OCUPANTE DE CAMIONETA O FURGONETA LESIONADO POR COLISION CON OBJETO FIJO O ESTACIONADO: OCUPANTE NO ESPECIFICADO DE CAMIONETA O FURGONETA, LESIONADO EN ACCIDENTE DE TRANSITO"
V580,8898,OCUPANTE DE CAMIONETA O FURGONETA LESIONADO EN ACCIDENTE DE TRANSPORTE SIN COLISION: CONDUCTOR LESIONADO EN ACCIDENTE NO DE TRANSITO
V581,8899,OCUPANTE DE CAMIONETA O FURGONETA LESIONADO EN ACCIDENTE DE TRANSPORTE SIN COLISION: PASAJERO LESIONADO EN ACCIDENTE NO DE TRANSITO
V582,8900,"OCUPANTE DE CAMIONETA O FURGONETA LESIONADO EN ACCIDENTE DE TRANSPORTE SIN COLISION: PERSONA QUE VIAJA FUERA DEL VEHICULO, LESIONADA EN ACCIDENTE NO DE TRANSITO"
V583,8901,"OCUPANTE DE CAMIONETA O FURGONETA LESIONADO EN ACCIDENTE DE TRANSPORTE SIN COLISION: OCUPANTE NO ESPECIFICADO DE CAMIONETA O FURGONETA, LESIONADO EN ACCIDENTE NO DE TRANSITO"
V584,8902,OCUPANTE DE CAMIONETA O FURGONETA LESIONADO EN ACCIDENTE DE TRANSPORTE SIN COLISION: PERSONA LESIONADA AL SUBIR O BAJAR DEL VEHICULO
V585,8903,OCUPANTE DE CAMIONETA O FURGONETA LESIONADO EN ACCIDENTE DE TRANSPORTE SIN COLISION: CONDUCTOR LESIONADO EN ACCIDENTE DE TRANSITO
V586,8904,OCUPANTE DE CAMIONETA O FURGONETA LESIONADO EN ACCIDENTE DE TRANSPORTE SIN COLISION: PASAJERO LESIONADO EN ACCIDENTE DE TRANSITO
V587,8905,"OCUPANTE DE CAMIONETA O FURGONETA LESIONADO EN ACCIDENTE DE TRANSPORTE SIN COLISION: PERSONA QUE VIAJA FUERA DEL VEHICULO, LESIONADA EN ACCIDENTE DE TRANSITO"
V589,8906,"OCUPANTE DE CAMIONETA O FURGONETA LESIONADO EN ACCIDENTE DE TRANSPORTE SIN COLISION: OCUPANTE NO ESPECIFICADO DE CAMIONETA O FURGONETA, LESIONADO EN ACCIDENTE DE TRANSITO"
V590,8907,"CONDUCTOR DE CAMIONETA O FURGONETA LESIONADO POR COLISION CON OTROS VEHICULOS DE MOTOR, Y CON LOS NO ESPECIFICADOS, EN ACCIDENTE NO DE TRANSITO"
V591,8908,"PASAJERO DE CAMIONETA O FURGONETA LESIONADO POR COLISION CON OTROS VEHICULOS DE MOTOR, Y CON LOS NO ESPECIFICADOS, EN ACCIDENTE NO DE TRANSITO"
V592,8909,"OCUPANTE NO ESPECIFICADO DE CAMIONETA O FURGONETA LESIONADO POR COLISION CON OTROS VEHICULOS DE MOTOR, Y CON LOS NO ESPECIFICADOS, EN ACCIDENTE NO DE TRANSITO"
V593,8910,"OCUPANTE [CUALQUIERA] DE CAMIONETA O FURGONETA LESIONADO EN ACCIDENTE NO DE TRANSITO, NO ESPECIFICADO"
V594,8911,"CONDUCTOR DE CAMIONETA O FURGONETA LESIONADO POR COLISION CON OTROS VEHICULOS DE MOTOR, Y CON LOS NO ESPECIFICADOS, EN ACCIDENTE DE TRANSITO"
V595,8912,"PASAJERO DE CAMIONETA O FURGONETA LESIONADO POR COLISION CON OTROS VEHICULOS DE MOTOR, Y CON LOS NO ESPECIFICADOS, EN ACCIDENTE DE TRANSITO"
V596,8913,"OCUPANTE NO ESPECIFICADO DE CAMIONETA O FURGONETA LESIONADO POR COLISION CON OTROS VEHICULOS DE MOTOR, Y CON LOS NO ESPECIFICADOS, EN ACCIDENTE DE TRANSITO"
V598,8914,OCUPANTE [CUALQUIERA] DE CAMIONETA O FURGONETA LESIONADO EN OTROS ACCIDENTES DE TRANSPORTE ESPECIFICADOS
V599,8915,OCUPANTE [CUALQUIERA] DE CAMIONETA O FURGONETA LESIONADO EN ACCIDENTE DE TRANSITO NO ESPECIFICADO
V600,8916,OCUPANTE DE VEHICULO DE TRANSPORTE PESADO LESIONADO POR COLISION CON PEATON O ANIMAL: CONDUCTOR LESIONADO EN ACCIDENTE NO DE TRANSITO
V601,8917,OCUPANTE DE VEHICULO DE TRANSPORTE PESADO LESIONADO POR COLISION CON PEATON O ANIMAL: PASAJERO LESIONADO EN ACCIDENTE NO DE TRANSITO
V602,8918,"OCUPANTE DE VEHICULO DE TRANSPORTE PESADO LESIONADO POR COLISION CON PEATON O ANIMAL: PERSONA QUE VIAJA FUERA DEL VEHICULO, LESIONADA EN ACCIDENTE NO DE TRANSITO"
V603,8919,OCUPANTE DE VEHICULO DE TRANSPORTE PESADO LESIONADO POR COLISION CON PEATON O ANIMAL: OCUPANTE NO ESPECIFICADO DE VEHICULO DE TRANSPORTE PESADO LESIONADO EN ACCIDENTE NO DE TRANSITO
V604,8920,OCUPANTE DE VEHICULO DE TRANSPORTE PESADO LESIONADO POR COLISION CON PEATON O ANIMAL: PERSONA LESIONADA AL SUBIR O BAJAR DEL VEHICULO
V605,8921,OCUPANTE DE VEHICULO DE TRANSPORTE PESADO LESIONADO POR COLISION CON PEATON O ANIMAL: CONDUCTOR LESIONADO EN ACCIDENTE DE TRANSITO
V606,8922,OCUPANTE DE VEHICULO DE TRANSPORTE PESADO LESIONADO POR COLISION CON PEATON O ANIMAL: PASAJERO LESIONADO EN ACCIDENTE DE TRANSITO
V607,8923,"OCUPANTE DE VEHICULO DE TRANSPORTE PESADO LESIONADO POR COLISION CON PEATON O ANIMAL: PERSONA QUE VIAJA FUERA DEL VEHICULO, LESIONADA EN ACCIDENTE DE TRANSITO"
V609,8924,"OCUPANTE DE VEHICULO DE TRANSPORTE PESADO LESIONADO POR COLISION CON PEATON O ANIMAL: OCUPANTE NO ESPECIFICADO DE VEHICULO DE TRANSPORTE PESADO, LESIONADO EN ACCIDENTE DE TRANSITO"
V610,8925,OCUPANTE DE VEHICULO DE TRANSPORTE PESADO LESIONADO POR COLISION CON VEHICULO DE PEDAL: CONDUCTOR LESIONADO EN ACCIDENTE NO DE TRANSITO
V611,8926,OCUPANTE DE VEHICULO DE TRANSPORTE PESADO LESIONADO POR COLISION CON VEHICULO DE PEDAL: PASAJERO LESIONADO EN ACCIDENTE NO DE TRANSITO
V612,8927,"OCUPANTE DE VEHICULO DE TRANSPORTE PESADO LESIONADO POR COLISION CON VEHICULO DE PEDAL: PERSONA QUE VIAJA FUERA DEL VEHICULO, LESIONADA EN ACCIDENTE NO DE TRANSITO"
V613,8928,OCUPANTE DE VEHICULO DE TRANSPORTE PESADO LESIONADO POR COLISION CON VEHICULO DE PEDAL: OCUPANTE NO ESPECIFICADO DE VEHICULO DE TRANSPORTE PESADO LESIONADO EN ACCIDENTE NO DE TRANSITO
V614,8929,OCUPANTE DE VEHICULO DE TRANSPORTE PESADO LESIONADO POR COLISION CON VEHICULO DE PEDAL: PERSONA LESIONADA AL SUBIR O BAJAR DEL VEHICULO
V615,8930,OCUPANTE DE VEHICULO DE TRANSPORTE PESADO LESIONADO POR COLISION CON VEHICULO DE PEDAL: CONDUCTOR LESIONADO EN ACCIDENTE DE TRANSITO
V616,8931,OCUPANTE DE VEHICULO DE TRANSPORTE PESADO LESIONADO POR COLISION CON VEHICULO DE PEDAL: PASAJERO LESIONADO EN ACCIDENTE DE TRANSITO
V617,8932,"OCUPANTE DE VEHICULO DE TRANSPORTE PESADO LESIONADO POR COLISION CON VEHICULO DE PEDAL: PERSONA QUE VIAJA FUERA DEL VEHICULO, LESIONADA EN ACCIDENTE DE TRANSITO"
V619,8933,"OCUPANTE DE VEHICULO DE TRANSPORTE PESADO LESIONADO POR COLISION CON VEHICULO DE PEDAL: OCUPANTE NO ESPECIFICADO DE VEHICULO DE TRANSPORTE PESADO, LESIONADO EN ACCIDENTE DE TRANSITO"
V620,8934,OCUPANTE DE VEHICULO DE TRANSPORTE PESADO LESIONADO POR COLISION CON VEHICULO DE MOTOR DE DOS O TRES RUEDAS: CONDUCTOR LESIONADO EN ACCIDENTE NO DE TRANSITO
V621,8935,OCUPANTE DE VEHICULO DE TRANSPORTE PESADO LESIONADO POR COLISION CON VEHICULO DE MOTOR DE DOS O TRES RUEDAS: PASAJERO LESIONADO EN ACCIDENTE NO DE TRANSITO
V622,8936,"OCUPANTE DE VEHICULO DE TRANSPORTE PESADO LESIONADO POR COLISION CON VEHICULO DE MOTOR DE DOS O TRES RUEDAS: PERSONA QUE VIAJA FUERA DEL VEHICULO, LESIONADA EN ACCIDENTE NO DE TRANSITO"
V623,8937,OCUPANTE DE VEHICULO DE TRANSPORTE PESADO LESIONADO POR COLISION CON VEHICULO DE MOTOR DE DOS O TRES RUEDAS: OCUPANTE NO ESPECIFICADO DE VEHICULO DE TRANSPORTE PESADO LESIONADO EN ACCIDENTE NO DE TRANSITO
V624,8938,OCUPANTE DE VEHICULO DE TRANSPORTE PESADO LESIONADO POR COLISION CON VEHICULO DE MOTOR DE DOS O TRES RUEDAS: PERSONA LESIONADA AL SUBIR O BAJAR DEL VEHICULO
V625,8939,OCUPANTE DE VEHICULO DE TRANSPORTE PESADO LESIONADO POR COLISION CON VEHICULO DE MOTOR DE DOS O TRES RUEDAS: CONDUCTOR LESIONADO EN ACCIDENTE DE TRANSITO
V626,8940,OCUPANTE DE VEHICULO DE TRANSPORTE PESADO LESIONADO POR COLISION CON VEHICULO DE MOTOR DE DOS O TRES RUEDAS: PASAJERO LESIONADO EN ACCIDENTE DE TRANSITO
V627,8941,"OCUPANTE DE VEHICULO DE TRANSPORTE PESADO LESIONADO POR COLISION CON VEHICULO DE MOTOR DE DOS O TRES RUEDAS: PERSONA QUE VIAJA FUERA DEL VEHICULO, LESIONADA EN ACCIDENTE DE TRANSITO"
V629,8942,"OCUPANTE DE VEHICULO DE TRANSPORTE PESADO LESIONADO POR COLISION CON VEHICULO DE MOTOR DE DOS O TRES RUEDAS: OCUPANTE NO ESPECIFICADO DE VEHICULO DE TRANSPORTE PESADO, LESIONADO EN ACCIDENTE DE TRANSITO"
V630,8943,"OCUPANTE DE VEHICULO DE TRANSPORTE PESADO LESIONADO POR COLISION CON AUTOMOVIL, CAMIONETA O FURGONETA: CONDUCTOR LESIONADO EN ACCIDENTE NO DE TRANSITO"
V631,8944,"OCUPANTE DE VEHICULO DE TRANSPORTE PESADO LESIONADO POR COLISION CON AUTOMOVIL, CAMIONETA O FURGONETA: PASAJERO LESIONADO EN ACCIDENTE NO DE TRANSITO"
V632,8945,"OCUPANTE DE VEHICULO DE TRANSPORTE PESADO LESIONADO POR COLISION CON AUTOMOVIL, CAMIONETA O FURGONETA: PERSONA QUE VIAJA FUERA DEL VEHICULO, LESIONADA EN ACCIDENTE NO DE TRANSITO"
V633,8946,"OCUPANTE DE VEHICULO DE TRANSPORTE PESADO LESIONADO POR COLISION CON AUTOMOVIL, CAMIONETA O FURGONETA: OCUPANTE NO ESPECIFICADO DE VEHICULO DE TRANSPORTE PESADO LESIONADO EN ACCIDENTE NO DE TRANSITO"
V634,8947,"OCUPANTE DE VEHICULO DE TRANSPORTE PESADO LESIONADO POR COLISION CON AUTOMOVIL, CAMIONETA O FURGONETA: PERSONA LESIONADA AL SUBIR O BAJAR DEL VEHICULO"
V635,8948,"OCUPANTE DE VEHICULO DE TRANSPORTE PESADO LESIONADO POR COLISION CON AUTOMOVIL, CAMIONETA O FURGONETA: CONDUCTOR LESIONADO EN ACCIDENTE DE TRANSITO"
V636,8949,"OCUPANTE DE VEHICULO DE TRANSPORTE PESADO LESIONADO POR COLISION CON AUTOMOVIL, CAMIONETA O FURGONETA: PASAJERO LESIONADO EN ACCIDENTE DE TRANSITO"
V637,8950,"OCUPANTE DE VEHICULO DE TRANSPORTE PESADO LESIONADO POR COLISION CON AUTOMOVIL, CAMIONETA O FURGONETA: PERSONA QUE VIAJA FUERA DEL VEHICULO, LESIONADA EN ACCIDENTE DE TRANSITO"
V639,8951,"OCUPANTE DE VEHICULO DE TRANSPORTE PESADO LESIONADO POR COLISION CON AUTOMOVIL, CAMIONETA O FURGONETA: OCUPANTE NO ESPECIFICADO DE VEHICULO DE TRANSPORTE PESADO, LESIONADO EN ACCIDENTE DE TRANSITO"
V640,8952,OCUPANTE DE VEHICULO DE TRANSPORTE PESADO LESIONADO POR COLISION CON OTRO VEHICULO DE TRANSPORTE PESADO O AUTOBUS: CONDUCTOR LESIONADO EN ACCIDENTE NO DE TRANSITO
V641,8953,OCUPANTE DE VEHICULO DE TRANSPORTE PESADO LESIONADO POR COLISION CON OTRO VEHICULO DE TRANSPORTE PESADO O AUTOBUS: PASAJERO LESIONADO EN ACCIDENTE NO DE TRANSITO
V642,8954,"OCUPANTE DE VEHICULO DE TRANSPORTE PESADO LESIONADO POR COLISION CON OTRO VEHICULO DE TRANSPORTE PESADO O AUTOBUS: PERSONA QUE VIAJA FUERA DEL VEHICULO, LESIONADA EN ACCIDENTE NO DE TRANSITO"
V643,8955,OCUPANTE DE VEHICULO DE TRANSPORTE PESADO LESIONADO POR COLISION CON OTRO VEHICULO DE TRANSPORTE PESADO O AUTOBUS: OCUPANTE NO ESPECIFICADO DE VEHICULO DE TRANSPORTE PESADO LESIONADO EN ACCIDENTE NO DE TRANSITO
V644,8956,OCUPANTE DE VEHICULO DE TRANSPORTE PESADO LESIONADO POR COLISION CON OTRO VEHICULO DE TRANSPORTE PESADO O AUTOBUS: PERSONA LESIONADA AL SUBIR O BAJAR DEL VEHICULO
V645,8957,OCUPANTE DE VEHICULO DE TRANSPORTE PESADO LESIONADO POR COLISION CON OTRO VEHICULO DE TRANSPORTE PESADO O AUTOBUS: CONDUCTOR LESIONADO EN ACCIDENTE DE TRANSITO
V646,8958,OCUPANTE DE VEHICULO DE TRANSPORTE PESADO LESIONADO POR COLISION CON OTRO VEHICULO DE TRANSPORTE PESADO O AUTOBUS: PASAJERO LESIONADO EN ACCIDENTE DE TRANSITO
V647,8959,"OCUPANTE DE VEHICULO DE TRANSPORTE PESADO LESIONADO POR COLISION CON OTRO VEHICULO DE TRANSPORTE PESADO O AUTOBUS: PERSONA QUE VIAJA FUERA DEL VEHICULO, LESIONADA EN ACCIDENTE DE TRANSITO"
V649,8960,"OCUPANTE DE VEHICULO DE TRANSPORTE PESADO LESIONADO POR COLISION CON OTRO VEHICULO DE TRANSPORTE PESADO O AUTOBUS: OCUPANTE NO ESPECIFICADO DE VEHICULO DE TRANSPORTE PESADO, LESIONADO EN ACCIDENTE DE TRANSITO"
V650,8961,OCUPANTE DE VEHICULO DE TRANSPORTE PESADO LESIONADO POR COLISION CON TREN O VEHICULO DE RIELES: CONDUCTOR LESIONADO EN ACCIDENTE NO DE TRANSITO
V651,8962,OCUPANTE DE VEHICULO DE TRANSPORTE PESADO LESIONADO POR COLISION CON TREN O VEHICULO DE RIELES: PASAJERO LESIONADO EN ACCIDENTE NO DE TRANSITO
V652,8963,"OCUPANTE DE VEHICULO DE TRANSPORTE PESADO LESIONADO POR COLISION CON TREN O VEHICULO DE RIELES: PERSONA QUE VIAJA FUERA DEL VEHICULO, LESIONADA EN ACCIDENTE NO DE TRANSITO"
V653,8964,OCUPANTE DE VEHICULO DE TRANSPORTE PESADO LESIONADO POR COLISION CON TREN O VEHICULO DE RIELES: OCUPANTE NO ESPECIFICADO DE VEHICULO DE TRANSPORTE PESADO LESIONADO EN ACCIDENTE NO DE TRANSITO
V654,8965,OCUPANTE DE VEHICULO DE TRANSPORTE PESADO LESIONADO POR COLISION CON TREN O VEHICULO DE RIELES: PERSONA LESIONADA AL SUBIR O BAJAR DEL VEHICULO
V655,8966,OCUPANTE DE VEHICULO DE TRANSPORTE PESADO LESIONADO POR COLISION CON TREN O VEHICULO DE RIELES: CONDUCTOR LESIONADO EN ACCIDENTE DE TRANSITO
V656,8967,OCUPANTE DE VEHICULO DE TRANSPORTE PESADO LESIONADO POR COLISION CON TREN O VEHICULO DE RIELES: PASAJERO LESIONADO EN ACCIDENTE DE TRANSITO
V657,8968,"OCUPANTE DE VEHICULO DE TRANSPORTE PESADO LESIONADO POR COLISION CON TREN O VEHICULO DE RIELES: PERSONA QUE VIAJA FUERA DEL VEHICULO, LESIONADA EN ACCIDENTE DE TRANSITO"
V659,8969,"OCUPANTE DE VEHICULO DE TRANSPORTE PESADO LESIONADO POR COLISION CON TREN O VEHICULO DE RIELES: OCUPANTE NO ESPECIFICADO DE VEHICULO DE TRANSPORTE PESADO, LESIONADO EN ACCIDENTE DE TRANSITO"
V660,8970,OCUPANTE DE VEHICULO DE TRANSPORTE PESADO LESIONADO POR COLISION CON OTROS VEHICULOS SIN MOTOR: CONDUCTOR LESIONADO EN ACCIDENTE NO DE TRANSITO
V661,8971,OCUPANTE DE VEHICULO DE TRANSPORTE PESADO LESIONADO POR COLISION CON OTROS VEHICULOS SIN MOTOR: PASAJERO LESIONADO EN ACCIDENTE NO DE TRANSITO
V662,8972,"OCUPANTE DE VEHICULO DE TRANSPORTE PESADO LESIONADO POR COLISION CON OTROS VEHICULOS SIN MOTOR: PERSONA QUE VIAJA FUERA DEL VEHICULO, LESIONADA EN ACCIDENTE NO DE TRANSITO"
V663,8973,OCUPANTE DE VEHICULO DE TRANSPORTE PESADO LESIONADO POR COLISION CON OTROS VEHICULOS SIN MOTOR: OCUPANTE NO ESPECIFICADO DE VEHICULO DE TRANSPORTE PESADO LESIONADO EN ACCIDENTE NO DE TRANSITO
V664,8974,OCUPANTE DE VEHICULO DE TRANSPORTE PESADO LESIONADO POR COLISION CON OTROS VEHICULOS SIN MOTOR: PERSONA LESIONADA AL SUBIR O BAJAR DEL VEHICULO
V665,8975,OCUPANTE DE VEHICULO DE TRANSPORTE PESADO LESIONADO POR COLISION CON OTROS VEHICULOS SIN MOTOR: CONDUCTOR LESIONADO EN ACCIDENTE DE TRANSITO
V666,8976,OCUPANTE DE VEHICULO DE TRANSPORTE PESADO LESIONADO POR COLISION CON OTROS VEHICULOS SIN MOTOR: PASAJERO LESIONADO EN ACCIDENTE DE TRANSITO
V667,8977,"OCUPANTE DE VEHICULO DE TRANSPORTE PESADO LESIONADO POR COLISION CON OTROS VEHICULOS SIN MOTOR: PERSONA QUE VIAJA FUERA DEL VEHICULO, LESIONADA EN ACCIDENTE DE TRANSITO"
V669,8978,"OCUPANTE DE VEHICULO DE TRANSPORTE PESADO LESIONADO POR COLISION CON OTROS VEHICULOS SIN MOTOR: OCUPANTE NO ESPECIFICADO DE VEHICULO DE TRANSPORTE PESADO, LESIONADO EN ACCIDENTE DE TRANSITO"
V670,8979,OCUPANTE DE VEHICULO DE TRANSPORTE PESADO LESIONADO POR COLISION CON OBJETO FIJO O ESTACIONADO: CONDUCTOR LESIONADO EN ACCIDENTE NO DE TRANSITO
V671,8980,OCUPANTE DE VEHICULO DE TRANSPORTE PESADO LESIONADO POR COLISION CON OBJETO FIJO O ESTACIONADO: PASAJERO LESIONADO EN ACCIDENTE NO DE TRANSITO
V672,8981,"OCUPANTE DE VEHICULO DE TRANSPORTE PESADO LESIONADO POR COLISION CON OBJETO FIJO O ESTACIONADO: PERSONA QUE VIAJA FUERA DEL VEHICULO, LESIONADA EN ACCIDENTE NO DE TRANSITO"
V673,8982,OCUPANTE DE VEHICULO DE TRANSPORTE PESADO LESIONADO POR COLISION CON OBJETO FIJO O ESTACIONADO: OCUPANTE NO ESPECIFICADO DE VEHICULO DE TRANSPORTE PESADO LESIONADO EN ACCIDENTE NO DE TRANSITO
V674,8983,OCUPANTE DE VEHICULO DE TRANSPORTE PESADO LESIONADO POR COLISION CON OBJETO FIJO O ESTACIONADO: PERSONA LESIONADA AL SUBIR O BAJAR DEL VEHICULO
V675,8984,OCUPANTE DE VEHICULO DE TRANSPORTE PESADO LESIONADO POR COLISION CON OBJETO FIJO O ESTACIONADO: CONDUCTOR LESIONADO EN ACCIDENTE DE TRANSITO
V676,8985,OCUPANTE DE VEHICULO DE TRANSPORTE PESADO LESIONADO POR COLISION CON OBJETO FIJO O ESTACIONADO: PASAJERO LESIONADO EN ACCIDENTE DE TRANSITO
V677,8986,"OCUPANTE DE VEHICULO DE TRANSPORTE PESADO LESIONADO POR COLISION CON OBJETO FIJO O ESTACIONADO: PERSONA QUE VIAJA FUERA DEL VEHICULO, LESIONADA EN ACCIDENTE DE TRANSITO"
V679,8987,"OCUPANTE DE VEHICULO DE TRANSPORTE PESADO LESIONADO POR COLISION CON OBJETO FIJO O ESTACIONADO: OCUPANTE NO ESPECIFICADO DE VEHICULO DE TRANSPORTE PESADO, LESIONADO EN ACCIDENTE DE TRANSITO"
V680,8988,OCUPANTE DE VEHICULO DE TRANSPORTE PESADO LESIONADO EN ACCIDENTE DE TRANSPORTE SIN COLISION: CONDUCTOR LESIONADO EN ACCIDENTE NO DE TRANSITO
V681,8989,OCUPANTE DE VEHICULO DE TRANSPORTE PESADO LESIONADO EN ACCIDENTE DE TRANSPORTE SIN COLISION: PASAJERO LESIONADO EN ACCIDENTE NO DE TRANSITO
V682,8990,"OCUPANTE DE VEHICULO DE TRANSPORTE PESADO LESIONADO EN ACCIDENTE DE TRANSPORTE SIN COLISION: PERSONA QUE VIAJA FUERA DEL VEHICULO, LESIONADA EN ACCIDENTE NO DE TRANSITO"
V683,8991,OCUPANTE DE VEHICULO DE TRANSPORTE PESADO LESIONADO EN ACCIDENTE DE TRANSPORTE SIN COLISION: OCUPANTE NO ESPECIFICADO DE VEHICULO DE TRANSPORTE PESADO LESIONADO EN ACCIDENTE NO DE TRANSITO
V684,8992,OCUPANTE DE VEHICULO DE TRANSPORTE PESADO LESIONADO EN ACCIDENTE DE TRANSPORTE SIN COLISION: PERSONA LESIONADA AL SUBIR O BAJAR DEL VEHICULO
V685,8993,OCUPANTE DE VEHICULO DE TRANSPORTE PESADO LESIONADO EN ACCIDENTE DE TRANSPORTE SIN COLISION: CONDUCTOR LESIONADO EN ACCIDENTE DE TRANSITO
V686,8994,OCUPANTE DE VEHICULO DE TRANSPORTE PESADO LESIONADO EN ACCIDENTE DE TRANSPORTE SIN COLISION: PASAJERO LESIONADO EN ACCIDENTE DE TRANSITO
V687,8995,"OCUPANTE DE VEHICULO DE TRANSPORTE PESADO LESIONADO EN ACCIDENTE DE TRANSPORTE SIN COLISION: PERSONA QUE VIAJA FUERA DEL VEHICULO, LESIONADA EN ACCIDENTE DE TRANSITO"
V689,8996,"OCUPANTE DE VEHICULO DE TRANSPORTE PESADO LESIONADO EN ACCIDENTE DE TRANSPORTE SIN COLISION: OCUPANTE NO ESPECIFICADO DE VEHICULO DE TRANSPORTE PESADO, LESIONADO EN ACCIDENTE DE TRANSITO"
V690,8997,"CONDUCTOR DE VEHICULO DE TRANSPORTE PESADO LESIONADO POR COLISION CON OTROS VEHICULOS DE MOTOR, Y CON LOS NO ESPECIFICADOS, EN ACCIDENTE NO DE TRANSITO"
V691,8998,"PASAJERO DE VEHICULO DE TRANSPORTE PESADO LESIONADO POR COLISION CON OTROS VEHICULOS DE MOTOR, Y CON LOS NO ESPECIFICADOS, EN ACCIDENTE NO DE TRANSITO"
V692,8999,"OCUPANTE NO ESPECIFICADO DE VEHICULO DE TRANSPORTE PESADO LESIONADO POR COLISION CON OTROS VEHICULOS DE MOTOR, Y CON LOS NO ESPECIFICADOS, EN ACCIDENTE NO DE TRANSITO"
V693,9000,"OCUPANTE [CUALQUIERA] DE VEHICULO DE TRANSPORTE PESADO LESIONADO EN ACCIDENTE NO DE TRANSITO, NO ESPECIFICADO"
V694,9001,"CONDUCTOR DE VEHICULO DE TRANSPORTE PESADO LESIONADO POR COLISION CON OTROS VEHICULOS DE MOTOR, Y CON LOS NO ESPECIFICADOS, EN ACCIDENTE DE TRANSITO"
V695,9002,"PASAJERO DE VEHICULO DE TRANSPORTE PESADO LESIONADO POR COLISION CON OTROS VEHICULOS DE MOTOR, Y CON LOS NO ESPECIFICADOS, EN ACCIDENTE DE TRANSITO"
V696,9003,"OCUPANTE NO ESPECIFICADO DE VEHICULO DE TRANSPORTE PESADO LESIONADO POR COLISION CON OTROS VEHICULOS DE MOTOR, Y CON LOS NO ESPECIFICADOS, EN ACCIDENTE DE TRANSITO"
V698,9004,OCUPANTE [CUALQUIERA] DE VEHICULO DE TRANSPORTE PESADO LESIONADO EN OTROS ACCIDENTES DE TRANSPORTE ESPECIFICADOS
V699,9005,OCUPANTE [CUALQUIERA] DE VEHICULO DE TRANSPORTE PESADO LESIONADO EN ACCIDENTE DE TRANSITO NO ESPECIFICADO
V700,9006,OCUPANTE DE AUTOBUS LESIONADO POR COLISION CON PEATON O ANIMAL: CONDUCTOR LESIONADO EN ACCIDENTE NO DE TRANSITO
V701,9007,OCUPANTE DE AUTOBUS LESIONADO POR COLISION CON PEATON O ANIMAL: PASAJERO LESIONADO EN ACCIDENTE NO DE TRANSITO
V702,9008,"OCUPANTE DE AUTOBUS LESIONADO POR COLISION CON PEATON O ANIMAL: PERSONA QUE VIAJA FUERA DEL VEHICULO, LESIONADA EN ACCIDENTE NO DE TRANSITO"
V703,9009,"OCUPANTE DE AUTOBUS LESIONADO POR COLISION CON PEATON O ANIMAL: OCUPANTE NO ESPECIFICADO DE AUTOBUS, LESIONADO EN ACCIDENTE NO DE TRANSITO"
V704,9010,OCUPANTE DE AUTOBUS LESIONADO POR COLISION CON PEATON O ANIMAL: PERSONA LESIONADA AL SUBIR O BAJAR DEL VEHICULO
V705,9011,OCUPANTE DE AUTOBUS LESIONADO POR COLISION CON PEATON O ANIMAL: CONDUCTOR LESIONADO EN ACCIDENTE DE TRANSITO
V706,9012,OCUPANTE DE AUTOBUS LESIONADO POR COLISION CON PEATON O ANIMAL: PASAJERO LESIONADO EN ACCIDENTE DE TRANSITO
V707,9013,"OCUPANTE DE AUTOBUS LESIONADO POR COLISION CON PEATON O ANIMAL: PERSONA QUE VIAJA FUERA DEL VEHICULO, LESIONADA EN ACCIDENTE DE TRANSITO"
V709,9014,"OCUPANTE DE AUTOBUS LESIONADO POR COLISION CON PEATON O ANIMAL: OCUPANTE NO ESPECIFICADO DE AUTOBUS, LESIONADO EN ACCIDENTE DE TRANSITO"
V710,9015,OCUPANTE DE AUTOBUS LESIONADO POR COLISION CON VEHICULO DE PEDAL: CONDUCTOR LESIONADO EN ACCIDENTE NO DE TRANSITO
V711,9016,OCUPANTE DE AUTOBUS LESIONADO POR COLISION CON VEHICULO DE PEDAL: PASAJERO LESIONADO EN ACCIDENTE NO DE TRANSITO
V712,9017,"OCUPANTE DE AUTOBUS LESIONADO POR COLISION CON VEHICULO DE PEDAL: PERSONA QUE VIAJA FUERA DEL VEHICULO, LESIONADA EN ACCIDENTE NO DE TRANSITO"
V713,9018,"OCUPANTE DE AUTOBUS LESIONADO POR COLISION CON VEHICULO DE PEDAL: OCUPANTE NO ESPECIFICADO DE AUTOBUS, LESIONADO EN ACCIDENTE NO DE TRANSITO"
V714,9019,OCUPANTE DE AUTOBUS LESIONADO POR COLISION CON VEHICULO DE PEDAL: PERSONA LESIONADA AL SUBIR O BAJAR DEL VEHICULO
V715,9020,OCUPANTE DE AUTOBUS LESIONADO POR COLISION CON VEHICULO DE PEDAL: CONDUCTOR LESIONADO EN ACCIDENTE DE TRANSITO
V716,9021,OCUPANTE DE AUTOBUS LESIONADO POR COLISION CON VEHICULO DE PEDAL: PASAJERO LESIONADO EN ACCIDENTE DE TRANSITO
V717,9022,"OCUPANTE DE AUTOBUS LESIONADO POR COLISION CON VEHICULO DE PEDAL: PERSONA QUE VIAJA FUERA DEL VEHICULO, LESIONADA EN ACCIDENTE DE TRANSITO"
V719,9023,"OCUPANTE DE AUTOBUS LESIONADO POR COLISION CON VEHICULO DE PEDAL: OCUPANTE NO ESPECIFICADO DE AUTOBUS, LESIONADO EN ACCIDENTE DE TRANSITO"
V720,9024,OCUPANTE DE AUTOBUS LESIONADO POR COLISION CON VEHICULO DE MOTOR DE DOS O TRES RUEDAS: CONDUCTOR LESIONADO EN ACCIDENTE NO DE TRANSITO
V721,9025,OCUPANTE DE AUTOBUS LESIONADO POR COLISION CON VEHICULO DE MOTOR DE DOS O TRES RUEDAS: PASAJERO LESIONADO EN ACCIDENTE NO DE TRANSITO
V722,9026,"OCUPANTE DE AUTOBUS LESIONADO POR COLISION CON VEHICULO DE MOTOR DE DOS O TRES RUEDAS: PERSONA QUE VIAJA FUERA DEL VEHICULO, LESIONADA EN ACCIDENTE NO DE TRANSITO"
V723,9027,"OCUPANTE DE AUTOBUS LESIONADO POR COLISION CON VEHICULO DE MOTOR DE DOS O TRES RUEDAS: OCUPANTE NO ESPECIFICADO DE AUTOBUS, LESIONADO EN ACCIDENTE NO DE TRANSITO"
V724,9028,OCUPANTE DE AUTOBUS LESIONADO POR COLISION CON VEHICULO DE MOTOR DE DOS O TRES RUEDAS: PERSONA LESIONADA AL SUBIR O BAJAR DEL VEHICULO
V725,9029,OCUPANTE DE AUTOBUS LESIONADO POR COLISION CON VEHICULO DE MOTOR DE DOS O TRES RUEDAS: CONDUCTOR LESIONADO EN ACCIDENTE DE TRANSITO
V726,9030,OCUPANTE DE AUTOBUS LESIONADO POR COLISION CON VEHICULO DE MOTOR DE DOS O TRES RUEDAS: PASAJERO LESIONADO EN ACCIDENTE DE TRANSITO
V727,9031,"OCUPANTE DE AUTOBUS LESIONADO POR COLISION CON VEHICULO DE MOTOR DE DOS O TRES RUEDAS: PERSONA QUE VIAJA FUERA DEL VEHICULO, LESIONADA EN ACCIDENTE DE TRANSITO"
V729,9032,"OCUPANTE DE AUTOBUS LESIONADO POR COLISION CON VEHICULO DE MOTOR DE DOS O TRES RUEDAS: OCUPANTE NO ESPECIFICADO DE AUTOBUS, LESIONADO EN ACCIDENTE DE TRANSITO"
V730,9033,"OCUPANTE DE AUTOBUS LESIONADO POR COLISION CON AUTOMOVIL, CAMIONETA O FURGONETA: CONDUCTOR LESIONADO EN ACCIDENTE NO DE TRANSITO"
V731,9034,"OCUPANTE DE AUTOBUS LESIONADO POR COLISION CON AUTOMOVIL, CAMIONETA O FURGONETA: PASAJERO LESIONADO EN ACCIDENTE NO DE TRANSITO"
V732,9035,"OCUPANTE DE AUTOBUS LESIONADO POR COLISION CON AUTOMOVIL, CAMIONETA O FURGONETA: PERSONA QUE VIAJA FUERA DEL VEHICULO, LESIONADA EN ACCIDENTE NO DE TRANSITO"
V733,9036,"OCUPANTE DE AUTOBUS LESIONADO POR COLISION CON AUTOMOVIL, CAMIONETA O FURGONETA: OCUPANTE NO ESPECIFICADO DE AUTOBUS, LESIONADO EN ACCIDENTE NO DE TRANSITO"
V734,9037,"OCUPANTE DE AUTOBUS LESIONADO POR COLISION CON AUTOMOVIL, CAMIONETA O FURGONETA: PERSONA LESIONADA AL SUBIR O BAJAR DEL VEHICULO"
V735,9038,"OCUPANTE DE AUTOBUS LESIONADO POR COLISION CON AUTOMOVIL, CAMIONETA O FURGONETA: CONDUCTOR LESIONADO EN ACCIDENTE DE TRANSITO"
V736,9039,"OCUPANTE DE AUTOBUS LESIONADO POR COLISION CON AUTOMOVIL, CAMIONETA O FURGONETA: PASAJERO LESIONADO EN ACCIDENTE DE TRANSITO"
V737,9040,"OCUPANTE DE AUTOBUS LESIONADO POR COLISION CON AUTOMOVIL, CAMIONETA O FURGONETA: PERSONA QUE VIAJA FUERA DEL VEHICULO, LESIONADA EN ACCIDENTE DE TRANSITO"
V739,9041,"OCUPANTE DE AUTOBUS LESIONADO POR COLISION CON AUTOMOVIL, CAMIONETA O FURGONETA: OCUPANTE NO ESPECIFICADO DE AUTOBUS, LESIONADO EN ACCIDENTE DE TRANSITO"
V740,9042,OCUPANTE DE AUTOBUS LESIONADO POR COLISION CON VEHICULO DE TRANSPORTE PESADO O AUTOBUS: CONDUCTOR LESIONADO EN ACCIDENTE NO DE TRANSITO
V741,9043,OCUPANTE DE AUTOBUS LESIONADO POR COLISION CON VEHICULO DE TRANSPORTE PESADO O AUTOBUS: PASAJERO LESIONADO EN ACCIDENTE NO DE TRANSITO
V742,9044,"OCUPANTE DE AUTOBUS LESIONADO POR COLISION CON VEHICULO DE TRANSPORTE PESADO O AUTOBUS: PERSONA QUE VIAJA FUERA DEL VEHICULO, LESIONADA EN ACCIDENTE NO DE TRANSITO"
V743,9045,"OCUPANTE DE AUTOBUS LESIONADO POR COLISION CON VEHICULO DE TRANSPORTE PESADO O AUTOBUS: OCUPANTE NO ESPECIFICADO DE AUTOBUS, LESIONADO EN ACCIDENTE NO DE TRANSITO"
V744,9046,OCUPANTE DE AUTOBUS LESIONADO POR COLISION CON VEHICULO DE TRANSPORTE PESADO O AUTOBUS: PERSONA LESIONADA AL SUBIR O BAJAR DEL VEHICULO
V745,9047,OCUPANTE DE AUTOBUS LESIONADO POR COLISION CON VEHICULO DE TRANSPORTE PESADO O AUTOBUS: CONDUCTOR LESIONADO EN ACCIDENTE DE TRANSITO
V746,9048,OCUPANTE DE AUTOBUS LESIONADO POR COLISION CON VEHICULO DE TRANSPORTE PESADO O AUTOBUS: PASAJERO LESIONADO EN ACCIDENTE DE TRANSITO
V747,9049,"OCUPANTE DE AUTOBUS LESIONADO POR COLISION CON VEHICULO DE TRANSPORTE PESADO O AUTOBUS: PERSONA QUE VIAJA FUERA DEL VEHICULO, LESIONADA EN ACCIDENTE DE TRANSITO"
V749,9050,"OCUPANTE DE AUTOBUS LESIONADO POR COLISION CON VEHICULO DE TRANSPORTE PESADO O AUTOBUS: OCUPANTE NO ESPECIFICADO DE AUTOBUS, LESIONADO EN ACCIDENTE DE TRANSITO"
V750,9051,OCUPANTE DE AUTOBUS LESIONADO POR COLISION CON TREN O VEHICULO DE RIELES: CONDUCTOR LESIONADO EN ACCIDENTE NO DE TRANSITO
V751,9052,OCUPANTE DE AUTOBUS LESIONADO POR COLISION CON TREN O VEHICULO DE RIELES: PASAJERO LESIONADO EN ACCIDENTE NO DE TRANSITO
V752,9053,"OCUPANTE DE AUTOBUS LESIONADO POR COLISION CON TREN O VEHICULO DE RIELES: PERSONA QUE VIAJA FUERA DEL VEHICULO, LESIONADA EN ACCIDENTE NO DE TRANSITO"
V753,9054,"OCUPANTE DE AUTOBUS LESIONADO POR COLISION CON TREN O VEHICULO DE RIELES: OCUPANTE NO ESPECIFICADO DE AUTOBUS, LESIONADO EN ACCIDENTE NO DE TRANSITO"
V754,9055,OCUPANTE DE AUTOBUS LESIONADO POR COLISION CON TREN O VEHICULO DE RIELES: PERSONA LESIONADA AL SUBIR O BAJAR DEL VEHICULO
V755,9056,OCUPANTE DE AUTOBUS LESIONADO POR COLISION CON TREN O VEHICULO DE RIELES: CONDUCTOR LESIONADO EN ACCIDENTE DE TRANSITO
V756,9057,OCUPANTE DE AUTOBUS LESIONADO POR COLISION CON TREN O VEHICULO DE RIELES: PASAJERO LESIONADO EN ACCIDENTE DE TRANSITO
V757,9058,"OCUPANTE DE AUTOBUS LESIONADO POR COLISION CON TREN O VEHICULO DE RIELES: PERSONA QUE VIAJA FUERA DEL VEHICULO, LESIONADA EN ACCIDENTE DE TRANSITO"
V759,9059,"OCUPANTE DE AUTOBUS LESIONADO POR COLISION CON TREN O VEHICULO DE RIELES: OCUPANTE NO ESPECIFICADO DE AUTOBUS, LESIONADO EN ACCIDENTE DE TRANSITO"
V760,9060,OCUPANTE DE AUTOBUS LESIONADO POR COLISION CON OTROS VEHICULOS SIN MOTOR: CONDUCTOR LESIONADO EN ACCIDENTE NO DE TRANSITO
V761,9061,OCUPANTE DE AUTOBUS LESIONADO POR COLISION CON OTROS VEHICULOS SIN MOTOR: PASAJERO LESIONADO EN ACCIDENTE NO DE TRANSITO
V762,9062,"OCUPANTE DE AUTOBUS LESIONADO POR COLISION CON OTROS VEHICULOS SIN MOTOR: PERSONA QUE VIAJA FUERA DEL VEHICULO, LESIONADA EN ACCIDENTE NO DE TRANSITO"
V763,9063,"OCUPANTE DE AUTOBUS LESIONADO POR COLISION CON OTROS VEHICULOS SIN MOTOR: OCUPANTE NO ESPECIFICADO DE AUTOBUS, LESIONADO EN ACCIDENTE NO DE TRANSITO"
V764,9064,OCUPANTE DE AUTOBUS LESIONADO POR COLISION CON OTROS VEHICULOS SIN MOTOR: PERSONA LESIONADA AL SUBIR O BAJAR DEL VEHICULO
V765,9065,OCUPANTE DE AUTOBUS LESIONADO POR COLISION CON OTROS VEHICULOS SIN MOTOR: CONDUCTOR LESIONADO EN ACCIDENTE DE TRANSITO
V766,9066,OCUPANTE DE AUTOBUS LESIONADO POR COLISION CON OTROS VEHICULOS SIN MOTOR: PASAJERO LESIONADO EN ACCIDENTE DE TRANSITO
V767,9067,"OCUPANTE DE AUTOBUS LESIONADO POR COLISION CON OTROS VEHICULOS SIN MOTOR: PERSONA QUE VIAJA FUERA DEL VEHICULO, LESIONADA EN ACCIDENTE DE TRANSITO"
V769,9068,OCUPANTE DE AUTOBUS LESIONADO POR COLISION CON OTROS VEHICULOS SIN MOTOR: OCUPANTE DE AUTOBUS LESIONADO POR COLISION CON OTROS VEHICULOS SIN MOTOR
V770,9069,OCUPANTE DE AUTOBUS LESIONADO POR COLISION CON OBJETO FIJO O ESTACIONADO: CONDUCTOR LESIONADO EN ACCIDENTE NO DE TRANSITO
V771,9070,OCUPANTE DE AUTOBUS LESIONADO POR COLISION CON OBJETO FIJO O ESTACIONADO: PASAJERO LESIONADO EN ACCIDENTE NO DE TRANSITO
V772,9071,"OCUPANTE DE AUTOBUS LESIONADO POR COLISION CON OBJETO FIJO O ESTACIONADO: PERSONA QUE VIAJA FUERA DEL VEHICULO, LESIONADA EN ACCIDENTE NO DE TRANSITO"
V773,9072,"OCUPANTE DE AUTOBUS LESIONADO POR COLISION CON OBJETO FIJO O ESTACIONADO: OCUPANTE NO ESPECIFICADO DE AUTOBUS, LESIONADO EN ACCIDENTE NO DE TRANSITO"
V774,9073,OCUPANTE DE AUTOBUS LESIONADO POR COLISION CON OBJETO FIJO O ESTACIONADO: PERSONA LESIONADA AL SUBIR O BAJAR DEL VEHICULO
V775,9074,OCUPANTE DE AUTOBUS LESIONADO POR COLISION CON OBJETO FIJO O ESTACIONADO: CONDUCTOR LESIONADO EN ACCIDENTE DE TRANSITO
V776,9075,OCUPANTE DE AUTOBUS LESIONADO POR COLISION CON OBJETO FIJO O ESTACIONADO: PASAJERO LESIONADO EN ACCIDENTE DE TRANSITO
V777,9076,"OCUPANTE DE AUTOBUS LESIONADO POR COLISION CON OBJETO FIJO O ESTACIONADO: PERSONA QUE VIAJA FUERA DEL VEHICULO, LESIONADA EN ACCIDENTE DE TRANSITO"
V779,9077,"OCUPANTE DE AUTOBUS LESIONADO POR COLISION CON OBJETO FIJO O ESTACIONADO: OCUPANTE NO ESPECIFICADO DE AUTOBUS, LESIONADO EN ACCIDENTE DE TRANSITO"
V780,9078,OCUPANTE DE AUTOBUS LESIONADO EN ACCIDENTE DE TRANSPORTE SIN COLISION: CONDUCTOR LESIONADO EN ACCIDENTE NO DE TRANSITO
V781,9079,OCUPANTE DE AUTOBUS LESIONADO EN ACCIDENTE DE TRANSPORTE SIN COLISION: PASAJERO LESIONADO EN ACCIDENTE NO DE TRANSITO
V782,9080,"OCUPANTE DE AUTOBUS LESIONADO EN ACCIDENTE DE TRANSPORTE SIN COLISION: PERSONA QUE VIAJA FUERA DEL VEHICULO, LESIONADA EN ACCIDENTE NO DE TRANSITO"
V783,9081,"OCUPANTE DE AUTOBUS LESIONADO EN ACCIDENTE DE TRANSPORTE SIN COLISION: OCUPANTE NO ESPECIFICADO DE AUTOBUS, LESIONADO EN ACCIDENTE NO DE TRANSITO"
V784,9082,OCUPANTE DE AUTOBUS LESIONADO EN ACCIDENTE DE TRANSPORTE SIN COLISION: PERSONA LESIONADA AL SUBIR O BAJAR DEL VEHICULO
V785,9083,OCUPANTE DE AUTOBUS LESIONADO EN ACCIDENTE DE TRANSPORTE SIN COLISION: CONDUCTOR LESIONADO EN ACCIDENTE DE TRANSITO
V786,9084,OCUPANTE DE AUTOBUS LESIONADO EN ACCIDENTE DE TRANSPORTE SIN COLISION: PASAJERO LESIONADO EN ACCIDENTE DE TRANSITO
V787,9085,"OCUPANTE DE AUTOBUS LESIONADO EN ACCIDENTE DE TRANSPORTE SIN COLISION: PERSONA QUE VIAJA FUERA DEL VEHICULO, LESIONADA EN ACCIDENTE DE TRANSITO"
V789,9086,"OCUPANTE DE AUTOBUS LESIONADO EN ACCIDENTE DE TRANSPORTE SIN COLISION: OCUPANTE NO ESPECIFICADO DE AUTOBUS, LESIONADO EN ACCIDENTE DE TRANSITO"
V790,9087,"CONDUCTOR DE AUTOBUS LESIONADO POR COLISION CON OTROS VEHICULOS DE MOTOR, Y CON LOS NO ESPECIFICADOS, EN ACCIDENTE NO DE TRANSITO"
V791,9088,"PASAJERO DE AUTOBUS LESIONADO POR COLISION CON OTROS VEHICULOS DE MOTOR, Y CON LOS NO ESPECIFICADOS, EN ACCIDENTE NO DE TRANSITO"
V792,9089,"OCUPANTE NO ESPECIFICADO DE AUTOBUS LESIONADO POR COLISION CON OTROS VEHICULOS DE MOTOR, Y CON LOS NO ESPECIFICADOS, EN ACCIDENTE NO DE TRANSITO"
V793,9090,"OCUPANTE [CUALQUIERA] DE AUTOBUS LESIONADO EN ACCIDENTE NO DE TRANSITO, NO ESPECIFICADO"
V794,9091,"CONDUCTOR DE AUTOBUS LESIONADO POR COLISION CON OTROS VEHICULOS DE MOTOR, Y CON LOS NO ESPECIFICADOS, EN ACCIDENTE DE TRANSITO"
V795,9092,"PASAJERO DE AUTOBUS LESIONADO POR COLISION CON OTROS VEHICULOS DE MOTOR, Y CON LOS NO ESPECIFICADOS, EN ACCIDENTE DE TRANSITO"
V796,9093,"OCUPANTE NO ESPECIFICADO DE AUTOBUS LESIONADO POR COLISION CON OTROS VEHICULOS DE MOTOR, Y CON LOS NO ESPECIFICADOS, EN ACCIDENTE DE TRANSITO"
V798,9094,OCUPANTE [CUALQUIERA] DE AUTOBUS LESIONADO EN OTROS ACCIDENTES DE TRANSPORTE ESPECIFICADOS
V799,9095,OCUPANTE [CUALQUIERA] DE AUTOBUS LESIONADO EN ACCIDENTE DE TRANSITO NO ESPECIFICADO
V800,9096,"JINETE U OCUPANTE DE VEHICULO DE TRACCION ANIMAL LESIONADO POR CAIDA (O POR SER DESPEDIDO) DEL ANIMAL O DEL VEHICULO DE TRACCION ANIMAL, EN ACCIDENTE SIN COLISION"
V801,9097,JINETE U OCUPANTE DE VEHICULO DE TRACCION ANIMAL LESIONADO POR COLISION CON PEATON O ANIMAL
V802,9098,JINETE U OCUPANTE DE VEHICULO DE TRACCION ANIMAL LESIONADO POR COLISION CON VEHICULO DE PEDAL
V803,9099,JINETE U OCUPANTE DE VEHICULO DE TRACCION ANIMAL LESIONADO POR COLISION CON VEHICULO DE MOTOR DE DOS O TRES RUEDAS
V804,9100,"JINETE U OCUPANTE DE VEHICULO DE TRACCION ANIMAL LESIONADO POR COLISION CON AUTOMOVIL, CAMIONETA O FURGONETA, VEHICULO DE TRANSPORTE PESADO, O AUTOBUS"
V805,9101,JINETE U OCUPANTE DE VEHICULO DE TRACCION ANIMAL LESIONADO POR COLISION CON OTROS VEHICULOS DE MOTOR ESPECIFICADOS
V806,9102,JINETE U OCUPANTE DE VEHICULO DE TRACCION ANIMAL LESIONADO POR COLISION CON TREN O VEHICULO DE RIELES
V807,9103,JINETE U OCUPANTE DE VEHICULO DE TRACCION ANIMAL LESIONADO POR COLISION CON VEHICULOS SIN MOTOR
V808,9104,JINETE U OCUPANTE DE VEHICULO DE TRACCION ANIMAL LESIONADO POR COLISION CON OBJETO FIJO O ESTACIONADO
V809,9105,"JINETE U OCUPANTE DE VEHICULO DE TRACCION ANIMAL LESIONADO EN OTROS ACCIDENTES DE TRANSPORTE, Y EN LOS NO ESPECIFICADOS"
V810,9106,"OCUPANTE DE TREN O VEHICULO DE RIELES LESIONADO POR COLISION CON VEHÍCULO DE MOTOR, EN ACCIDENTE NO DE TRANSITO"
V811,9107,"OCUPANTE DE TREN O VEHICULO DE RIELES LESIONADO POR COLISION CON VEHÍCULO DE MOTOR, EN ACCIDENTE DE TRANSITO"
V812,9108,"OCUPANTE DE TREN O VEHICULO DE RIELES LESIONADO POR COLISION CON, O GOLPEADO POR VAGON"
V813,9109,OCUPANTE DE TREN O VEHICULO DE RIELES LESIONADO POR COLISION CON OTROS OBJETOS
V814,9110,PERSONA LESIONADA AL SUBIR O BAJAR DE TREN O VEHICULO DE RIELES
V815,9111,OCUPANTE DE TREN O VEHICULO DE RIELES LESIONADO POR CAIDA DENTRO DEL TREN O VEHICULO DE RIELES
V816,9112,OCUPANTE DE TREN O VEHICULO DE RIELES LESIONADO POR CAIDA DESDE EL TREN O VEHICULO DE RIELES
V817,9113,OCUPANTE DE TREN O VEHICULO DE RIELES LESIONADO EN DESCARRILAMIENTO SIN COLISION ANTERIOR
V818,9114,OCUPANTE DE TREN O VEHICULO DE RIELES LESIONADO EN OTROS ACCIDENTES FERROVIARIOS ESPECIFICADOS
V819,9115,OCUPANTE DE TREN O VEHICULO DE RIELES LESIONADO EN ACCIDENTE FERROVIARIO NO ESPECIFICADO
V820,9116,"OCUPANTE DE TRANVIA LESIONADO POR COLISION CON VEHICULO DE MOTOR, EN ACCIDENTE NO DE TRANSITO"
V821,9117,"OCUPANTE DE TRANVIA LESIONADO POR COLISION CON VEHICULO DE MOTOR, EN ACCIDENTE DE TRANSITO"
V822,9118,"OCUPANTE DE TRANVIA LESIONADO POR COLISION CON, O GOLPEADO POR VAGON"
V823,9119,OCUPANTE DE TRANVIA LESIONADO POR COLISION CON OTROS OBJETOS
V824,9120,PERSONA LESIONADA AL SUBIR O BAJAR DEL TRANVIA
V825,9121,OCUPANTE DE TRANVIA LESIONADO POR CAIDA DENTRO DEL TRANVIA
V826,9122,OCUPANTE DE TRANVIA LESIONADO POR CAIDA DESDE DEL TRANVIA
V827,9123,"OCUPANTE DE TRANVIA LESIONADO POR DESCARRILAMIENTO, SIN COLISION ANTERIOR"
V828,9124,"OCUPANTE DE TRANVIA LESIONADO OTROS ACCIDENTES DE TRANSPORTE, ESPECIFICADOS"
V829,9125,OCUPANTE DE TRANVIA LESIONADO EN ACCIDENTE DE TRANSITO NO ESPECIFICADO
V830,9126,CONDUCTOR DE VEHICULO INDUSTRIAL ESPECIAL LESIONADO EN ACCIDENTE DE TRANSITO
V831,9127,PASAJERO DE VEHICULO INDUSTRIAL ESPECIAL LESIONADO EN ACCIDENTE DE TRANSITO
V832,9128,PERSONA QUE VIAJA FUERA DE VEHICULO INDUSTRIAL ESPECIAL LESIONADO EN ACCIDENTE DE TRANSITO
V833,9129,OCUPANTE NO ESPECIFICADO DE VEHICULO INDUSTRIAL ESPECIAL LESIONADO EN ACCIDENTE DE TRANSITO
V834,9130,PERSONA LESIONADA AL SUBIR O BAJAR DEL VEHICULO INDUSTRIAL ESPECIAL
V835,9131,CONDUCTOR DE VEHICULO INDUSTRIAL ESPECIAL LESIONADO EN ACCIDENTE NO DE TRANSITO
V836,9132,PASAJERO DE VEHICULO INDUSTRIAL ESPECIAL LESIONADO EN ACCIDENTE NO DE TRANSITO
V837,9133,PERSONA QUE VIAJA FUERA DE VEHICULO INDUSTRIAL ESPECIAL LESIONADO EN ACCIDENTE NO DE TRANSITO
V839,9134,OCUPANTE NO ESPECIFICADO DE VEHICULO INDUSTRIAL ESPECIAL LESIONADO EN ACCIDENTE NO DE TRANSITO
V840,9135,CONDUCTOR DE VEHICULO AGRICOLA ESPECIAL LESIONADO EN ACCIDENTE DE TRANSITO
V841,9136,PASAJERO DE VEHICULO AGRICOLA ESPECIAL LESIONADO EN ACCIDENTE DE TRANSITO
V842,9137,PERSONA QUE VIAJA FUERA DEL VEHICULO AGRICOLA ESPECIAL LESIONADA EN ACCIDENTE DE TRANSITO
V843,9138,OCUPANTE NO ESPECIFICADO DE VEHICULO AGRICOLA ESPECIAL LESIONADO EN ACCIDENTE DE TRANSITO
V844,9139,PERSONA LESIONADA AL SUBIR O BAJAR DEL VEHICULO AGRICOLA ESPECIAL
V845,9140,CONDUCTOR DE VEHICULO AGRICOLA ESPECIAL LESIONADO EN ACCIDENTE NO DE TRANSITO
V846,9141,PASAJERO DE VEHICULO AGRICOLA ESPECIAL LESIONADO EN ACCIDENTE NO DE TRANSITO
V847,9142,PERSONA QUE VIAJA FUERA DEL VEHICULO AGRICOLA ESPECIAL LESIONADA EN ACCIDENTE NO DE TRANSITO
V849,9143,OCUPANTE NO ESPECIFICADO DE VEHICULO AGRICOLA ESPECIAL LESIONADO EN ACCIDENTE NO DE TRANSITO
V850,9144,CONDUCTOR DE VEHICULO ESPECIAL PARA CONSTRUCCION LESIONADO EN ACCIDENTE DE TRANSITO
V851,9145,PASAJERO DE VEHICULO ESPECIAL PARA CONSTRUCCION LESIONADO EN ACCIDENTE DE TRANSITO
V852,9146,PERSONA QUE VIAJA FUERA DEL VEHICULO ESPECIAL PARA CONSTRUCCIÓN LESIONADA EN ACCIDENTE DE TRANSITO
V853,9147,OCUPANTE NO ESPECIFICADO DE VEHICULO ESPECIAL PARA CONSTRUCCION LESIONADO EN ACCIDENTE DE TRANSITO
V854,9148,PERSONA LESIONADA AL SUBIR O BAJAR DEL VEHICULO ESPECIAL PARA CONSTRUCCION
V855,9149,CONDUCTOR DE VEHICULO ESPECIAL PARA CONSTRUCCION LESIONADO EN ACCIDENTE NO DE TRANSITO
V856,9150,PASAJERO DE VEHICULO ESPECIAL PARA CONSTRUCCION LESIONADO EN ACCIDENTE NO DE TRANSITO
V857,9151,PERSONA QUE VIAJA FUERA DEL VEHICULO ESPECIAL PARA CONSTRUCCION LESIONADA EN ACCIDENTE NO DE TRANSITO
V859,9152,OCUPANTE NO ESPECIFICADO DE VEHICULO ESPECIAL PARA CONSTRUCCION LESIONADO EN ACCIDENTE NO DE TRANSITO
V860,9153,CONDUCTOR DE VEHICULO PARA TODO TERRENO O DE OTRO VEHICULO DE MOTOR PARA USO FUERA DE LA CARRETERA LESIONADO EN ACCIDENTE DE TRANSITO
V861,9154,PASAJERO DE VEHICULO PARA TODO TERRENO O DE OTRO VEHICULO DE MOTOR PARA USO FUERA DE LA CARRETERA LESIONADO EN ACCIDENTE DE TRANSITO
V862,9155,PERSONA QUE VIAJA FUERA DEL VEHICULO PARA TODO TERRENO O DE OTRO VEHICULO DE MOTOR PARA USO FUERA DE LA CARRETERA LESIONADA EN ACCIDENTE DE TRANSITO
V863,9156,OCUPANTE NO ESPECIFICADO DE VEHICULO PARA TODO TERRENO O DE OTRO VEHICULO DE MOTOR PARA USO FUERA DE LA CARRETERA LESIONADO EN ACCIDENTE DE TRANSITO
V864,9157,PERSONA LESIONADA EN ACCIDENTE DE TRANSITO AL SUBIR O BAJAR DE VEHICULO PARA TODO TERRENO O DE OTRO VEHICULO DE MOTOR PARA USO FUERA DE LA CARRETERA
V865,9158,CONDUCTOR DE VEHICULO PARA TODO TERRENO O DE OTRO VEHICULO DE MOTOR PARA USO FUERA DE LA CARRETERA LESIONADO EN ACCIDENTE NO DE TRANSITO
V866,9159,PASAJERO DE VEHICULO PARA TODO TERRENO O DE OTRO VEHICULO DE MOTOR PARA USO FUERA DE LA CARRETERA LESIONADO EN ACCIDENTE NO DE TRANSITO
V867,9160,PERSONA QUE VIAJA FUERA DEL VEHICULO PARA TODO TERRENO O DE OTRO VEHICULO DE MOTOR PARA USO FUERA DE LA CARRETERA LESIONADA EN ACCIDENTE NO DE TRANSITO
V869,9161,OCUPANTE NO ESPECIFICADO DEL VEHICULO PARA TODO TERRENO O DE OTRO VEHICULO DE MOTOR PARA USO FUERA DE LA CARRETERA LESIONADO EN ACCIDENTE NO DE TRANSITO
V870,9162,PERSONA LESIONADA POR COLISION ENTRE AUTOMOVIL Y VEHICULO DE MOTOR DE DOS O TRES RUEDAS (TRANSITO)
V871,9163,PERSONA LESIONADA POR COLISION ENTRE OTROS VEHICULOS DE MOTOR Y UN VEHICULO DE MOTOR DE DOS O TRES RUEDAS (TRANSITO)
V872,9164,PERSONA LESIONADA POR COLISION ENTRE AUTOMOVIL Y CAMIONETA O FURGONETA (TRANSITO)
V873,9165,PERSONA LESIONADA POR COLISION ENTRE AUTOMOVIL Y AUTOBUS (TRANSITO)
V874,9166,PERSONA LESIONADA POR COLISION ENTRE AUTOMOVIL Y VEHICULO DE MOTOR DE TRANSPORTE PESADO (TRANSITO)
V875,9167,PERSONA LESIONADA POR COLISION ENTRE VEHICULO DE TRANSPORTE PESADO Y AUTOBUS (TRANSITO)
V876,9168,PERSONA LESIONADA POR COLISION ENTRE TREN O VEHICULO DE RIELES Y AUTOMOVIL (TRANSITO)
V877,9169,PERSONA LESIONADA POR COLISION ENTRE OTROS VEHICULOS DE MOTOR ESPECIFICADOS (TRANSITO)
V878,9170,PERSONA LESIONADA EN OTROS ACCIDENTES ESPECIFICADOS DE TRANSPORTE DE VEHICULO DE MOTOR SIN COLISION (TRANSITO)
V879,9171,PERSONA LESIONADA EN OTROS ACCIDENTES ESPECIFICADOS DE TRANSPORTE DE VEHICULO SIN MOTOR (CON COLISION) (SIN COLISION) (TRANSITO)
V880,9172,"PERSONA LESIONADA POR COLISION ENTRE AUTOMOVIL Y VEHICULO DE MOTOR DE DOS O TRES RUEDAS, NO DE TRANSITO"
V881,9173,"PERSONA LESIONADA POR COLISION ENTRE OTROS VEHICULOS DE MOTOR Y VEHICULO DE MOTOR DE DOS O TRES RUEDAS, NO DE TRANSITO"
V882,9174,"PERSONA LESIONADA POR COLISION ENTRE AUTOMOVIL Y CAMIONETA O FURGONETA, NO DE TRANSITO"
V883,9175,"PERSONA LESIONADA POR COLISION ENTRE AUTOMOVIL Y AUTOBUS, NO DE TRANSITO"
V884,9176,"PERSONA LESIONADA POR COLISION ENTRE AUTOMOVIL Y VEHICULO DE TRANSPORTE PESADO, NO DE TRANSITO"
V885,9177,"PERSONA LESIONADA POR COLISION ENTRE VEHICULO DE TRANSPORTE PESADO Y AUTOBUS, NO DE TRANSITO"
V886,9178,"PERSONA LESIONADA POR COLISION ENTRE TREN O VEHICULO DE RIELES O AUTOMOVIL, NO DE TRANSITO"
V887,9179,"PERSONA LESIONADA POR COLISION ENTRE OTROS VEHICULOS DE MOTOR ESPECIFICADOS, NO DE TRANSITO"
V888,9180,"PERSONA LESIONADA EN OTROS ACCIDENTES ESPECIFICADOS DE TRANSPORTE DE VEHICULO DE MOTOR SIN COLISION, NO DE TRANSITO"
V889,9181,"PERSONA LESIONADA EN OTROS ACCIDENTES ESPECIFICADOS DE TRANSPORTE DE VEHICULO SIN MOTOR (CON COLISION) (SIN COLISION), NO DE TRANSITO"
V890,9182,"PERSONA LESIONADA EN ACCIDENTE NO DE TRANSITO, DE VEHICULO DE MOTOR NO ESPECIFICADO"
V891,9183,"PERSONA LESIONADA EN ACCIDENTE NO DE TRANSITO, DE VEHICULO SIN MOTOR NO ESPECIFICADO"
V892,9184,"PERSONA LESIONADA EN ACCIDENTE DE TRANSITO, DE VEHICULO DE MOTOR NO ESPECIFICADO"
V893,9185,"PERSONA LESIONADA EN ACCIDENTE DE TRANSITO, DE VEHICULO SIN MOTOR NO ESPECIFICADO"
V899,9186,PERSONA LESIONADA EN ACCIDENTE DE VEHICULO NO ESPECIFICADO
V900,9187,ACCIDENTE DE EMBARCACION QUE CAUSA AHOGAMIENTO Y SUMERSION: BARCO MERCANTE
V901,9188,ACCIDENTE DE EMBARCACION QUE CAUSA AHOGAMIENTO Y SUMERSION: BARCO DE PASAJEROS
V902,9189,ACCIDENTE DE EMBARCACION QUE CAUSA AHOGAMIENTO Y SUMERSION: BOTE DE PESCA
V903,9190,ACCIDENTE DE EMBARCACION QUE CAUSA AHOGAMIENTO Y SUMERSION: OTRO VEHICULO ACUATICO CON MOTOR
V904,9191,ACCIDENTE DE EMBARCACION QUE CAUSA AHOGAMIENTO Y SUMERSION: VELERO
V905,9192,ACCIDENTE DE EMBARCACION QUE CAUSA AHOGAMIENTO Y SUMERSION: CANOA O KAYAK
V906,9193,ACCIDENTE DE EMBARCACION QUE CAUSA AHOGAMIENTO Y SUMERSION: BALSA INFLABLE (SIN MOTOR)
V907,9194,ACCIDENTE DE EMBARCACION QUE CAUSA AHOGAMIENTO Y SUMERSION: ESQUI ACUATICO
V908,9195,ACCIDENTE DE EMBARCACION QUE CAUSA AHOGAMIENTO Y SUMERSION: OTRO VEHICULO ACUATICO SIN MOTOR
V909,9196,ACCIDENTE DE EMBARCACION QUE CAUSA AHOGAMIENTO Y SUMERSION: VEHICULO ACUATICO NO ESPECIFICADO
V910,9197,ACCIDENTE DE EMBARCACION QUE CAUSA OTROS TIPOS DE TRAUMATISMO: BARCO MERCANTE
V911,9198,ACCIDENTE DE EMBARCACION QUE CAUSA OTROS TIPOS DE TRAUMATISMO: BARCO DE PASAJEROS
V912,9199,ACCIDENTE DE EMBARCACION QUE CAUSA OTROS TIPOS DE TRAUMATISMO: BOTE DE PESCA
V913,9200,ACCIDENTE DE EMBARCACION QUE CAUSA OTROS TIPOS DE TRAUMATISMO: OTRO VEHICULO ACUATICO CON MOTOR
V914,9201,ACCIDENTE DE EMBARCACION QUE CAUSA OTROS TIPOS DE TRAUMATISMO: VELERO
V915,9202,ACCIDENTE DE EMBARCACION QUE CAUSA OTROS TIPOS DE TRAUMATISMO: CANOA O KAYAK
V916,9203,ACCIDENTE DE EMBARCACION QUE CAUSA OTROS TIPOS DE TRAUMATISMO: BALSA INFLABLE (SIN MOTOR)
V917,9204,ACCIDENTE DE EMBARCACION QUE CAUSA OTROS TIPOS DE TRAUMATISMO: ESQUI ACUATICO
V918,9205,ACCIDENTE DE EMBARCACION QUE CAUSA OTROS TIPOS DE TRAUMATISMO: OTRO VEHICULO ACUATICO SIN MOTOR
V919,9206,ACCIDENTE DE EMBARCACION QUE CAUSA OTROS TIPOS DE TRAUMATISMO: VEHICULO ACUATICO NO ESPECIFICADO
V920,9207,"AHOGAMIENTO Y SUMERSION RELACIONADOS CON TRANSPORTE POR AGUA, SIN ACCIDENTE A LA EMBARCACION: BARCO MERCANTE"
V921,9208,"AHOGAMIENTO Y SUMERSION RELACIONADOS CON TRANSPORTE POR AGUA, SIN ACCIDENTE A LA EMBARCACION: BARCO DE PASAJEROS"
V922,9209,"AHOGAMIENTO Y SUMERSION RELACIONADOS CON TRANSPORTE POR AGUA, SIN ACCIDENTE A LA EMBARCACION: BOTE DE PESCA"
V923,9210,"AHOGAMIENTO Y SUMERSION RELACIONADOS CON TRANSPORTE POR AGUA, SIN ACCIDENTE A LA EMBARCACION: OTRO VEHICULO ACUATICO CON MOTOR"
V924,9211,"AHOGAMIENTO Y SUMERSION RELACIONADOS CON TRANSPORTE POR AGUA, SIN ACCIDENTE A LA EMBARCACION: VELERO"
V925,9212,"AHOGAMIENTO Y SUMERSION RELACIONADOS CON TRANSPORTE POR AGUA, SIN ACCIDENTE A LA EMBARCACION: CANOA O KAYAK"
V926,9213,"AHOGAMIENTO Y SUMERSION RELACIONADOS CON TRANSPORTE POR AGUA, SIN ACCIDENTE A LA EMBARCACION: BALSA INFLABLE (SIN MOTOR)"
V927,9214,"AHOGAMIENTO Y SUMERSION RELACIONADOS CON TRANSPORTE POR AGUA, SIN ACCIDENTE A LA EMBARCACION: ESQUI ACUATICO"
V928,9215,"AHOGAMIENTO Y SUMERSION RELACIONADOS CON TRANSPORTE POR AGUA, SIN ACCIDENTE A LA EMBARCACION: OTRO VEHICULO ACUATICO SIN MOTOR"
V929,9216,"AHOGAMIENTO Y SUMERSION RELACIONADOS CON TRANSPORTE POR AGUA, SIN ACCIDENTE A LA EMBARCACION: VEHICULO ACUATICO NO ESPECIFICADO"
V930,9217,"ACCIDENTE EN UNA EMBARCACION, SIN ACCIDENTE A LA EMBARCACION, QUE NO CAUSA AHOGAMIENTO O SUMERSION: BARCO MERCANTE"
V931,9218,"ACCIDENTE EN UNA EMBARCACION, SIN ACCIDENTE A LA EMBARCACION, QUE NO CAUSA AHOGAMIENTO O SUMERSION: BARCO DE PASAJEROS"
V932,9219,"ACCIDENTE EN UNA EMBARCACION, SIN ACCIDENTE A LA EMBARCACION, QUE NO CAUSA AHOGAMIENTO O SUMERSION: BOTE DE PESCA"
V933,9220,"ACCIDENTE EN UNA EMBARCACION, SIN ACCIDENTE A LA EMBARCACION, QUE NO CAUSA AHOGAMIENTO O SUMERSION: OTRO VEHICULO ACUATICO CON MOTOR"
V934,9221,"ACCIDENTE EN UNA EMBARCACION, SIN ACCIDENTE A LA EMBARCACION, QUE NO CAUSA AHOGAMIENTO O SUMERSION: VELERO"
V935,9222,"ACCIDENTE EN UNA EMBARCACION, SIN ACCIDENTE A LA EMBARCACION, QUE NO CAUSA AHOGAMIENTO O SUMERSION: CANOA O KAYAK"
V936,9223,"ACCIDENTE EN UNA EMBARCACION, SIN ACCIDENTE A LA EMBARCACION, QUE NO CAUSA AHOGAMIENTO O SUMERSION: BALSA INFLABLE (SIN MOTOR)"
V937,9224,"ACCIDENTE EN UNA EMBARCACION, SIN ACCIDENTE A LA EMBARCACION, QUE NO CAUSA AHOGAMIENTO O SUMERSION: ESQUI ACUATICO"
V938,9225,"ACCIDENTE EN UNA EMBARCACION, SIN ACCIDENTE A LA EMBARCACION, QUE NO CAUSA AHOGAMIENTO O SUMERSION: OTRO VEHICULO ACUATICO SIN MOTOR"
V939,9226,"ACCIDENTE EN UNA EMBARCACION, SIN ACCIDENTE A LA EMBARCACION, QUE NO CAUSA AHOGAMIENTO O SUMERSION: VEHICULO ACUATICO NO ESPECIFICADO"
V940,9227,"OTROS ACCIDENTES DE TRANSPORTE POR AGUA, Y LOS NO ESPECIFICADOS: BARCO MERCANTE"
V941,9228,"OTROS ACCIDENTES DE TRANSPORTE POR AGUA, Y LOS NO ESPECIFICADOS: BARCO DE PASAJEROS"
V942,9229,"OTROS ACCIDENTES DE TRANSPORTE POR AGUA, Y LOS NO ESPECIFICADOS: BOTE DE PESCA"
V943,9230,"OTROS ACCIDENTES DE TRANSPORTE POR AGUA, Y LOS NO ESPECIFICADOS: OTRO VEHICULO ACUATICO CON MOTOR"
V944,9231,"OTROS ACCIDENTES DE TRANSPORTE POR AGUA, Y LOS NO ESPECIFICADOS: VELERO"
V945,9232,"OTROS ACCIDENTES DE TRANSPORTE POR AGUA, Y LOS NO ESPECIFICADOS: CANOA O KAYAK"
V946,9233,"OTROS ACCIDENTES DE TRANSPORTE POR AGUA, Y LOS NO ESPECIFICADOS: BALSA INFLABLE (SIN MOTOR)"
V947,9234,"OTROS ACCIDENTES DE TRANSPORTE POR AGUA, Y LOS NO ESPECIFICADOS: ESQUI ACUATICO"
V948,9235,"OTROS ACCIDENTES DE TRANSPORTE POR AGUA, Y LOS NO ESPECIFICADOS. OTRO VEHICULO ACUATICO SIN MOTOR"
V949,9236,"OTROS ACCIDENTES DE TRANSPORTE POR AGUA, Y LOS NO ESPECIFICADOS: VEHICULO ACUATICO NO ESPECIFICADO"
V950,9237,ACCIDENTE DE HELICOPTERO CON OCUPANTE LESIONADO
V951,9238,"ACCIDENTE DE PLANEADOR ULTRA LIVIANO, MICRO LIVIANO O MOTORIZADO, CON OCUPANTE LESIONADO"
V952,9239,"ACCIDENTE DE OTROS VEHICULOS AEREOS DE ALAS FIJAS, PRIVADOS, CON OCUPANTE LESIONADO"
V953,9240,"ACCIDENTE DE VEHICULO AEREO DE ALAS FIJAS, COMERCIAL, CON OCUPANTE LESIONADO"
V954,9241,"ACCIDENTE DE NAVE ESPACIAL, CON OCUPANTE LESIONADO"
V958,9242,"ACCIDENTE DE OTRAS AERONAVES, CON OCUPANTE LESIONADO"
V959,9243,"ACCIDENTE DE AERONAVE NO ESPECIFICADA, CON OCUPANTE LESIONADO"
V960,9244,"ACCIDENTE DE GLOBO AEROSTATICO, CON OCUPANTE LESIONADO"
V961,9245,"ACCIDENTE DE ALA DELTA, CON OCUPANTE LESIONADO"
V962,9246,"ACCIDENTE DE PLANEADOR (SIN MOTOR), CON OCUPANTE LESIONADO"
V968,9247,"ACCIDENTE DE OTRAS AERONAVES SIN MOTOR, CON OCUPANTE LESIONADO"
V969,9248,"ACCIDENTE DE AERONAVE SIN MOTOR NO ESPECIFICADA, CON OCUPANTE LESIONADO"
V970,9249,OCUPANTE DE AERONAVE LESIONADO EN OTROS ACCIDENTES ESPECIFICADOS DE TRANSPORTE AEREO
V971,9250,PERSONA LESIONADA AL SUBIR O BAJAR DE UNA AERONAVE
V972,9251,PARACAIDISTA LESIONADO EN ACCIDENTE DE TRANSPORTE AEREO
V973,9252,PERSONA EN TIERRA LESIONADA POR ACCIDENTE DE TRANSPORTE AEREO
V978,9253,"OTROS ACCIDENTES DE TRANSPORTE AEREO, NO CLASIFICADOS EN OTRA PARTE"
V98,9254,OTROS ACCIDENTES DE TRANSPORTE ESPECIFICADOS
V99,9255,ACCIDENTE DE TRANSPORTE NO ESPECIFICADO
W000,9256,CAIDA EN EL MISMO NIVEL POR HIELO O NIEVE: VIVIENDA
W001,9257,CAIDA EN EL MISMO NIVEL POR HIELO O NIEVE: INSTITUCION RESIDENCIAL
W002,9258,"CAIDA EN EL MISMO NIVEL POR HIELO O NIEVE: ESCUELAS, OTRAS INSTITUCIONES Y AREAS ADMINISTRATIVAS PUBLICAS"
W003,9259,CAIDA EN EL MISMO NIVEL POR HIELO O NIEVE: AREAS DE DEPORTE Y ATLETISMO
W004,9260,CAIDA EN EL MISMO NIVEL POR HIELO O NIEVE: CALLES Y CARRETERAS
W005,9261,CAIDA EN EL MISMO NIVEL POR HIELO O NIEVE: COMERCIO Y AREA DE SERVICIOS
W006,9262,CAIDA EN EL MISMO NIVEL POR HIELO O NIEVE: AREA INDUSTRIAL Y DE LA CONSTRUCCION
W007,9263,CAIDA EN EL MISMO NIVEL POR HIELO O NIEVE: GRANJA
W008,9264,CAIDA EN EL MISMO NIVEL POR HIELO O NIEVE: OTRO LUGAR ESPECIFICADO
W009,9265,CAIDA EN EL MISMO NIVEL POR HIELO O NIEVE: LUGAR NO ESPECIFICADO
W010,9266,"CAIDA EN EL MISMO NIVEL POR DESLIZAMIENTO, TROPEZON Y TRASPIE: VIVIENDA"
W011,9267,"CAIDA EN EL MISMO NIVEL POR DESLIZAMIENTO, TROPEZON Y TRASPIE: INSTITUCION RESIDENCIAL"
W012,9268,"CAIDA EN EL MISMO NIVEL POR DESLIZAMIENTO, TROPEZON Y TRASPIE: ESCUELAS, OTRAS INSTITUCIONES Y AREAS ADMINISTRATIVAS PUBLICAS"
W013,9269,"CAIDA EN EL MISMO NIVEL POR DESLIZAMIENTO, TROPEZON Y TRASPIE: AREAS DE DEPORTE Y ATLETISMO"
W014,9270,"CAIDA EN EL MISMO NIVEL POR DESLIZAMIENTO, TROPEZON Y TRASPIE: CALLES Y CARRETERAS"
W015,9271,"CAIDA EN EL MISMO NIVEL POR DESLIZAMIENTO, TROPEZON Y TRASPIE: COMERCIO Y AREA DE SERVICIOS"
W016,9272,"CAIDA EN EL MISMO NIVEL POR DESLIZAMIENTO, TROPEZON Y TRASPIE: AREA INDUSTRIAL Y DE LA CONSTRUCCION"
W017,9273,"CAIDA EN EL MISMO NIVEL POR DESLIZAMIENTO, TROPEZON Y TRASPIE: GRANJA"
W018,9274,"CAIDA EN EL MISMO NIVEL POR DESLIZAMIENTO, TROPEZON Y TRASPIE: OTRO LUGAR ESPECIFICADO"
W019,9275,"CAIDA EN EL MISMO NIVEL POR DESLIZAMIENTO, TROPEZON Y TRASPIE: LUGAR NO ESPECIFICADO"
W020,9276,"CAIDA POR PATINES PARA HIELO, ESQUIS, PATINES DE RUEDAS O PATINETA: VIVIENDA"
W021,9277,"CAIDA POR PATINES PARA HIELO, ESQUIS, PATINES DE RUEDAS O PATINETA: INSTITUCION RESIDENCIAL"
W022,9278,"CAIDA POR PATINES PARA HIELO, ESQUIS, PATINES DE RUEDAS O PATINETA: ESCUELAS, OTRAS INSTITUCIONES Y AREAS ADMINISTRATIVAS PUBLICAS"
W023,9279,"CAIDA POR PATINES PARA HIELO, ESQUIS, PATINES DE RUEDAS O PATINETA: AREAS DE DEPORTE Y ATLETISMO"
W024,9280,"CAIDA POR PATINES PARA HIELO, ESQUIS, PATINES DE RUEDAS O PATINETA: CALLES Y CARRETERAS"
W025,9281,"CAIDA POR PATINES PARA HIELO, ESQUIS, PATINES DE RUEDAS O PATINETA: COMERCIO Y AREA DE SERVICIOS"
W026,9282,"CAIDA POR PATINES PARA HIELO, ESQUIS, PATINES DE RUEDAS O PATINETA: AREA INDUSTRIAL Y DE LA CONSTRUCCION"
W027,9283,"CAIDA POR PATINES PARA HIELO, ESQUIS, PATINES DE RUEDAS O PATINETA: GRANJA"
W028,9284,"CAIDA POR PATINES PARA HIELO, ESQUIS, PATINES DE RUEDAS O PATINETA: OTRO LUGAR ESPECIFICADO"
W029,9285,"CAIDA POR PATINES PARA HIELO, ESQUIS, PATINES DE RUEDAS O PATINETA: LUGAR NO ESPECIFICADO"
W030,9286,OTRAS CAIDAS EN EL MISMO NIVEL POR COLISION CON O POR EMPUJON DE OTRA PERSONA: VIVIENDA
W031,9287,OTRAS CAIDAS EN EL MISMO NIVEL POR COLISION CON O POR EMPUJON DE OTRA PERSONA: INSTITUCION RESIDENCIAL
W032,9288,"OTRAS CAIDAS EN EL MISMO NIVEL POR COLISION CON O POR EMPUJON DE OTRA PERSONA: ESCUELAS, OTRAS INSTITUCIONES Y AREAS ADMINISTRATIVAS PUBLICAS"
W033,9289,OTRAS CAIDAS EN EL MISMO NIVEL POR COLISION CON O POR EMPUJON DE OTRA PERSONA: AREAS DE DEPORTE Y ATLETISMO
W034,9290,OTRAS CAIDAS EN EL MISMO NIVEL POR COLISION CON O POR EMPUJON DE OTRA PERSONA: CALLES Y CARRETERAS
W035,9291,OTRAS CAIDAS EN EL MISMO NIVEL POR COLISION CON O POR EMPUJON DE OTRA PERSONA: COMERCIO Y AREA DE SERVICIOS
W036,9292,OTRAS CAIDAS EN EL MISMO NIVEL POR COLISION CON O POR EMPUJON DE OTRA PERSONA: AREA INDUSTRIAL Y DE LA CONSTRUCCION
W037,9293,OTRAS CAIDAS EN EL MISMO NIVEL POR COLISION CON O POR EMPUJON DE OTRA PERSONA: GRANJA
W038,9294,OTRAS CAIDAS EN EL MISMO NIVEL POR COLISION CON O POR EMPUJON DE OTRA PERSONA: OTRO LUGAR ESPECIFICADO
W039,9295,OTRAS CAIDAS EN EL MISMO NIVEL POR COLISION CON O POR EMPUJON DE OTRA PERSONA: LUGAR NO ESPECIFICADO
W040,9296,CAIDA AL SER TRASLADADO O SOSTENIDO POR OTRAS PERSONAS: VIVIENDA
W041,9297,CAIDA AL SER TRASLADADO O SOSTENIDO POR OTRAS PERSONAS: INSTITUCION RESIDENCIAL
W042,9298,"CAIDA AL SER TRASLADADO O SOSTENIDO POR OTRAS PERSONAS: ESCUELAS, OTRAS INSTITUCIONES Y AREAS ADMINISTRATIVAS PUBLICAS"
W043,9299,CAIDA AL SER TRASLADADO O SOSTENIDO POR OTRAS PERSONAS: AREAS DE DEPORTE Y ATLETISMO
W044,9300,CAIDA AL SER TRASLADADO O SOSTENIDO POR OTRAS PERSONAS: CALLES Y CARRETERAS
W045,9301,CAIDA AL SER TRASLADADO O SOSTENIDO POR OTRAS PERSONAS: COMERCIO Y AREA DE SERVICIOS
W046,9302,CAIDA AL SER TRASLADADO O SOSTENIDO POR OTRAS PERSONAS: AREA INDUSTRIAL Y DE LA CONSTRUCCION
W047,9303,CAIDA AL SER TRASLADADO O SOSTENIDO POR OTRAS PERSONAS: GRANJA
W048,9304,CAIDA AL SER TRASLADADO O SOSTENIDO POR OTRAS PERSONAS: OTRO LUGAR ESPECIFICADO
W049,9305,CAIDA AL SER TRASLADADO O SOSTENIDO POR OTRAS PERSONAS: LUGAR NO ESPECIFICADO
W050,9306,CAIDA QUE IMPLICA SILLA DE RUEDAS: VIVIENDA
W051,9307,CAIDA QUE IMPLICA SILLA DE RUEDAS: INSTITUCION RESIDENCIAL
W052,9308,"CAIDA QUE IMPLICA SILLA DE RUEDAS: ESCUELAS, OTRAS INSTITUCIONES Y AREAS ADMINISTRATIVAS PUBLICAS"
W053,9309,CAIDA QUE IMPLICA SILLA DE RUEDAS: AREAS DE DEPORTE Y ATLETISMO
W054,9310,CAIDA QUE IMPLICA SILLA DE RUEDAS: CALLES Y CARRETERAS
W055,9311,CAIDA QUE IMPLICA SILLA DE RUEDAS: COMERCIO Y AREA DE SERVICIOS
W056,9312,CAIDA QUE IMPLICA SILLA DE RUEDAS: AREA INDUSTRIAL Y DE LA CONSTRUCCION
W057,9313,CAIDA QUE IMPLICA SILLA DE RUEDAS: GRANJA
W058,9314,CAIDA QUE IMPLICA SILLA DE RUEDAS: OTRO LUGAR ESPECIFICADO
W059,9315,CAIDA QUE IMPLICA SILLA DE RUEDAS: LUGAR NO ESPECIFICADO
W060,9316,CAIDA QUE IMPLICA CAMA: VIVIENDA
W061,9317,CAIDA QUE IMPLICA CAMA: INSTITUCION RESIDENCIAL
W062,9318,"CAIDA QUE IMPLICA CAMA: ESCUELAS, OTRAS INSTITUCIONES Y AREAS ADMINISTRATIVAS PUBLICAS"
W063,9319,CAIDA QUE IMPLICA CAMA: AREAS DE DEPORTE Y ATLETISMO
W064,9320,CAIDA QUE IMPLICA CAMA: CALLES Y CARRETERAS
W065,9321,CAIDA QUE IMPLICA CAMA: COMERCIO Y AREA DE SERVICIOS
W066,9322,CAIDA QUE IMPLICA CAMA: AREA INDUSTRIAL Y DE LA CONSTRUCCION
W067,9323,CAIDA QUE IMPLICA CAMA: GRANJA
W068,9324,CAIDA QUE IMPLICA CAMA: OTRO LUGAR ESPECIFICADO
W069,9325,CAIDA QUE IMPLICA CAMA: LUGAR NO ESPECIFICADO
W070,9326,CAIDA QUE IMPLICA SILLA: VIVIENDA
W071,9327,CAIDA QUE IMPLICA SILLA: INSTITUCION RESIDENCIAL
W072,9328,"CAIDA QUE IMPLICA SILLA: ESCUELAS, OTRAS INSTITUCIONES Y AREAS ADMINISTRATIVAS PUBLICAS"
W073,9329,CAIDA QUE IMPLICA SILLA: AREAS DE DEPORTE Y ATLETISMO
W074,9330,CAIDA QUE IMPLICA SILLA: CALLES Y CARRETERAS
W075,9331,CAIDA QUE IMPLICA SILLA: COMERCIO Y AREA DE SERVICIOS
W076,9332,CAIDA QUE IMPLICA SILLA: AREA INDUSTRIAL Y DE LA CONSTRUCCION
W077,9333,CAIDA QUE IMPLICA SILLA: GRANJA
W078,9334,CAIDA QUE IMPLICA SILLA: OTRO LUGAR ESPECIFICADO
W079,9335,CAIDA QUE IMPLICA SILLA: LUGAR NO ESPECIFICADO
W080,9336,CAIDA QUE IMPLICA OTRO MUEBLE: VIVIENDA
W081,9337,CAIDA QUE IMPLICA OTRO MUEBLE: INSTITUCION RESIDENCIAL
W082,9338,"CAIDA QUE IMPLICA OTRO MUEBLE: ESCUELAS, OTRAS INSTITUCIONES Y AREAS ADMINISTRATIVAS PUBLICAS"
W083,9339,CAIDA QUE IMPLICA OTRO MUEBLE: AREAS DE DEPORTE Y ATLETISMO
W084,9340,CAIDA QUE IMPLICA OTRO MUEBLE: CALLES Y CARRETERAS
W085,9341,CAIDA QUE IMPLICA OTRO MUEBLE: COMERCIO Y AREA DE SERVICIOS
W086,9342,CAIDA QUE IMPLICA OTRO MUEBLE: AREA INDUSTRIAL Y DE LA CONSTRUCCION
W087,9343,CAIDA QUE IMPLICA OTRO MUEBLE: GRANJA
W088,9344,CAIDA QUE IMPLICA OTRO MUEBLE: OTRO LUGAR ESPECIFICADO
W089,9345,CAIDA QUE IMPLICA OTRO MUEBLE: LUGAR NO ESPECIFICADO
W090,9346,CAIDA QUE IMPLICA EQUIPOS PARA JUEGOS INFANTILES: VIVIENDA
W091,9347,CAIDA QUE IMPLICA EQUIPOS PARA JUEGOS INFANTILES: INSTITUCION RESIDENCIAL
W092,9348,"CAIDA QUE IMPLICA EQUIPOS PARA JUEGOS INFANTILES: ESCUELAS, OTRAS INSTITUCIONES Y AREAS ADMINISTRATIVAS PUBLICAS"
W093,9349,CAIDA QUE IMPLICA EQUIPOS PARA JUEGOS INFANTILES: AREAS DE DEPORTE Y ATLETISMO
W094,9350,CAIDA QUE IMPLICA EQUIPOS PARA JUEGOS INFANTILES: CALLES Y CARRETERAS
W095,9351,CAIDA QUE IMPLICA EQUIPOS PARA JUEGOS INFANTILES: COMERCIO Y AREA DE SERVICIOS
W096,9352,CAIDA QUE IMPLICA EQUIPOS PARA JUEGOS INFANTILES: AREA INDUSTRIAL Y DE LA CONSTRUCCION
W097,9353,CAIDA QUE IMPLICA EQUIPOS PARA JUEGOS INFANTILES: GRANJA
W098,9354,CAIDA QUE IMPLICA EQUIPOS PARA JUEGOS INFANTILES: OTRO LUGAR ESPECIFICADO
W099,9355,CAIDA QUE IMPLICA EQUIPOS PARA JUEGOS INFANTILES: LUGAR NO ESPECIFICADO
W100,9356,CAIDA EN O DESDE ESCALERA Y ESCALONES: VIVIENDA
W101,9357,CAIDA EN O DESDE ESCALERA Y ESCALONES: INSTITUCION RESIDENCIAL
W102,9358,"CAIDA EN O DESDE ESCALERA Y ESCALONES: ESCUELAS, OTRAS INSTITUCIONES Y AREAS ADMINISTRATIVAS PUBLICAS"
W103,9359,CAIDA EN O DESDE ESCALERA Y ESCALONES: AREAS DE DEPORTE Y ATLETISMO
W104,9360,CAIDA EN O DESDE ESCALERA Y ESCALONES: CALLES Y CARRETERAS
W105,9361,CAIDA EN O DESDE ESCALERA Y ESCALONES: COMERCIO Y AREA DE SERVICIOS
W106,9362,CAIDA EN O DESDE ESCALERA Y ESCALONES: AREA INDUSTRIAL Y DE LA CONSTRUCCION
W107,9363,CAIDA EN O DESDE ESCALERA Y ESCALONES: GRANJA
W108,9364,CAIDA EN O DESDE ESCALERA Y ESCALONES: OTRO LUGAR ESPECIFICADO
W109,9365,CAIDA EN O DESDE ESCALERA Y ESCALONES: LUGAR NO ESPECIFICADO
W110,9366,CAIDA EN O DESDE ESCALERAS MANUALES: VIVIENDA
W111,9367,CAIDA EN O DESDE ESCALERAS MANUALES: INSTITUCION RESIDENCIAL
W112,9368,"CAIDA EN O DESDE ESCALERAS MANUALES: ESCUELAS, OTRAS INSTITUCIONES Y AREAS ADMINISTRATIVAS PUBLICAS"
W113,9369,CAIDA EN O DESDE ESCALERAS MANUALES: AREAS DE DEPORTE Y ATLETISMO
W114,9370,CAIDA EN O DESDE ESCALERAS MANUALES: CALLES Y CARRETERAS
W115,9371,CAIDA EN O DESDE ESCALERAS MANUALES: COMERCIO Y AREA DE SERVICIOS
W116,9372,CAIDA EN O DESDE ESCALERAS MANUALES: AREA INDUSTRIAL Y DE LA CONSTRUCCION
W117,9373,CAIDA EN O DESDE ESCALERAS MANUALES: GRANJA
W118,9374,CAIDA EN O DESDE ESCALERAS MANUALES: OTRO LUGAR ESPECIFICADO
W119,9375,CAIDA EN O DESDE ESCALERAS MANUALES: LUGAR NO ESPECIFICADO
W120,9376,CAIDA EN O DESDE ANDAMIO: VIVIENDA
W121,9377,CAIDA EN O DESDE ANDAMIO: INSTITUCION RESIDENCIAL
W122,9378,"CAIDA EN O DESDE ANDAMIO: ESCUELAS, OTRAS INSTITUCIONES Y AREAS ADMINISTRATIVAS PUBLICAS"
W123,9379,CAIDA EN O DESDE ANDAMIO: AREAS DE DEPORTE Y ATLETISMO
W124,9380,CAIDA EN O DESDE ANDAMIO: CALLES Y CARRETERAS
W125,9381,CAIDA EN O DESDE ANDAMIO: COMERCIO Y AREA DE SERVICIOS
W126,9382,CAIDA EN O DESDE ANDAMIO: AREA INDUSTRIAL Y DE LA CONSTRUCCION
W127,9383,CAIDA EN O DESDE ANDAMIO: GRANJA
W128,9384,CAIDA EN O DESDE ANDAMIO: OTRO LUGAR ESPECIFICADO
W129,9385,CAIDA EN O DESDE ANDAMIO: LUGAR NO ESPECIFICADO
W130,9386,"CAIDA DESDE, FUERA O A TRAVÉS DE UN EDIFICIO U OTRA CONSTRUCCION: VIVIENDA"
W131,9387,"CAIDA DESDE, FUERA O A TRAVÉS DE UN EDIFICIO U OTRA CONSTRUCCION: INSTITUCION RESIDENCIAL"
W132,9388,"CAIDA DESDE, FUERA O A TRAVÉS DE UN EDIFICIO U OTRA CONSTRUCCION: ESCUELAS, OTRAS INSTITUCIONES Y AREAS ADMINISTRATIVAS PUBLICAS"
W133,9389,"CAIDA DESDE, FUERA O A TRAVÉS DE UN EDIFICIO U OTRA CONSTRUCCION: AREAS DE DEPORTE Y ATLETISMO"
W134,9390,"CAIDA DESDE, FUERA O A TRAVÉS DE UN EDIFICIO U OTRA CONSTRUCCION: CALLES Y CARRETERAS"
W135,9391,"CAIDA DESDE, FUERA O A TRAVÉS DE UN EDIFICIO U OTRA CONSTRUCCION: COMERCIO Y AREA DE SERVICIOS"
W136,9392,"CAIDA DESDE, FUERA O A TRAVÉS DE UN EDIFICIO U OTRA CONSTRUCCION: AREA INDUSTRIAL Y DE LA CONSTRUCCION"
W137,9393,"CAIDA DESDE, FUERA O A TRAVÉS DE UN EDIFICIO U OTRA CONSTRUCCION: GRANJA"
W138,9394,"CAIDA DESDE, FUERA O A TRAVÉS DE UN EDIFICIO U OTRA CONSTRUCCION: OTRO LUGAR ESPECIFICADO"
W139,9395,"CAIDA DESDE, FUERA O A TRAVÉS DE UN EDIFICIO U OTRA CONSTRUCCION: LUGAR NO ESPECIFICADO"
W140,9396,CAIDA DESDE UN ARBOL: VIVIENDA
W141,9397,CAIDA DESDE UN ARBOL: INSTITUCION RESIDENCIAL
W142,9398,"CAIDA DESDE UN ARBOL: ESCUELAS, OTRAS INSTITUCIONES Y AREAS ADMINISTRATIVAS PUBLICAS"
W143,9399,CAIDA DESDE UN ARBOL: AREAS DE DEPORTE Y ATLETISMO
W144,9400,CAIDA DESDE UN ARBOL: CALLES Y CARRETERAS
W145,9401,CAIDA DESDE UN ARBOL: COMERCIO Y AREA DE SERVICIOS
W146,9402,CAIDA DESDE UN ARBOL: AREA INDUSTRIAL Y DE LA CONSTRUCCION
W147,9403,CAIDA DESDE UN ARBOL: GRANJA
W148,9404,CAIDA DESDE UN ARBOL: OTRO LUGAR ESPECIFICADO
W149,9405,CAIDA DESDE UN ARBOL: LUGAR NO ESPECIFICADO
W150,9406,CAIDA DESDE PEÑASCO: VIVIENDA
W151,9407,CAIDA DESDE PEÑASCO: INSTITUCION RESIDENCIAL
W152,9408,"CAIDA DESDE PEÑASCO: ESCUELAS, OTRAS INSTITUCIONES Y AREAS ADMINISTRATIVAS PUBLICAS"
W153,9409,CAIDA DESDE PEÑASCO: AREAS DE DEPORTE Y ATLETISMO
W154,9410,CAIDA DESDE PEÑASCO: CALLES Y CARRETERAS
W155,9411,CAIDA DESDE PEÑASCO: COMERCIO Y AREA DE SERVICIOS
W156,9412,CAIDA DESDE PEÑASCO: AREA INDUSTRIAL Y DE LA CONSTRUCCION
W157,9413,CAIDA DESDE PEÑASCO: GRANJA
W158,9414,CAIDA DESDE PEÑASCO: OTRO LUGAR ESPECIFICADO
W159,9415,CAIDA DESDE PEÑASCO: LUGAR NO ESPECIFICADO
W160,9416,SALTO O ZAMBULLIDA DENTRO DEL AGUA QUE CAUSA OTRO TRAUMATISMO SIN SUMERSION O AHOGAMIENTO: VIVIENDA
W161,9417,SALTO O ZAMBULLIDA DENTRO DEL AGUA QUE CAUSA OTRO TRAUMATISMO SIN SUMERSION O AHOGAMIENTO: INSTITUCION RESIDENCIAL
W162,9418,"SALTO O ZAMBULLIDA DENTRO DEL AGUA QUE CAUSA OTRO TRAUMATISMO SIN SUMERSION O AHOGAMIENTO: ESCUELAS, OTRAS INSTITUCIONES Y AREAS ADMINISTRATIVAS PUBLICAS"
W163,9419,SALTO O ZAMBULLIDA DENTRO DEL AGUA QUE CAUSA OTRO TRAUMATISMO SIN SUMERSION O AHOGAMIENTO: AREAS DE DEPORTE Y ATLETISMO
W164,9420,SALTO O ZAMBULLIDA DENTRO DEL AGUA QUE CAUSA OTRO TRAUMATISMO SIN SUMERSION O AHOGAMIENTO: CALLES Y CARRETERAS
W165,9421,SALTO O ZAMBULLIDA DENTRO DEL AGUA QUE CAUSA OTRO TRAUMATISMO SIN SUMERSION O AHOGAMIENTO: COMERCIO Y AREA DE SERVICIOS
W166,9422,SALTO O ZAMBULLIDA DENTRO DEL AGUA QUE CAUSA OTRO TRAUMATISMO SIN SUMERSION O AHOGAMIENTO: AREA INDUSTRIAL Y DE LA CONSTRUCCION
W167,9423,SALTO O ZAMBULLIDA DENTRO DEL AGUA QUE CAUSA OTRO TRAUMATISMO SIN SUMERSION O AHOGAMIENTO: GRANJA
W168,9424,SALTO O ZAMBULLIDA DENTRO DEL AGUA QUE CAUSA OTRO TRAUMATISMO SIN SUMERSION O AHOGAMIENTO: OTRO LUGAR ESPECIFICADO
W169,9425,SALTO O ZAMBULLIDA DENTRO DEL AGUA QUE CAUSA OTRO TRAUMATISMO SIN SUMERSION O AHOGAMIENTO: LUGAR NO ESPECIFICADO
W170,9426,OTRAS CAIDAS DE UN NIVEL A OTRO: VIVIENDA
W171,9427,OTRAS CAIDAS DE UN NIVEL A OTRO: INSTITUCION RESIDENCIAL
W172,9428,"OTRAS CAIDAS DE UN NIVEL A OTRO: ESCUELAS, OTRAS INSTITUCIONES Y AREAS ADMINISTRATIVAS PUBLICAS"
W173,9429,OTRAS CAIDAS DE UN NIVEL A OTRO: AREAS DE DEPORTE Y ATLETISMO
W174,9430,OTRAS CAIDAS DE UN NIVEL A OTRO: CALLES Y CARRETERAS
W175,9431,OTRAS CAIDAS DE UN NIVEL A OTRO: COMERCIO Y AREA DE SERVICIOS
W176,9432,OTRAS CAIDAS DE UN NIVEL A OTRO: AREA INDUSTRIAL Y DE LA CONSTRUCCION
W177,9433,OTRAS CAIDAS DE UN NIVEL A OTRO: GRANJA
W178,9434,OTRAS CAIDAS DE UN NIVEL A OTRO: OTRO LUGAR ESPECIFICADO
W179,9435,OTRAS CAIDAS DE UN NIVEL A OTRO: LUGAR NO ESPECIFICADO
W180,9436,OTRAS CAIDAS EN EL MISMO NIVEL: VIVIENDA
W181,9437,OTRAS CAIDAS EN EL MISMO NIVEL: INSTITUCION RESIDENCIAL
W182,9438,"OTRAS CAIDAS EN EL MISMO NIVEL: ESCUELAS, OTRAS INSTITUCIONES Y AREAS ADMINISTRATIVAS PUBLICAS"
W183,9439,OTRAS CAIDAS EN EL MISMO NIVEL: AREAS DE DEPORTE Y ATLETISMO
W184,9440,OTRAS CAIDAS EN EL MISMO NIVEL: CALLES Y CARRETERAS
W185,9441,OTRAS CAIDAS EN EL MISMO NIVEL: COMERCIO Y AREA DE SERVICIOS
W186,9442,OTRAS CAIDAS EN EL MISMO NIVEL: AREA INDUSTRIAL Y DE LA CONSTRUCCION
W187,9443,OTRAS CAIDAS EN EL MISMO NIVEL: GRANJA
W188,9444,OTRAS CAIDAS EN EL MISMO NIVEL: OTRO LUGAR ESPECIFICADO
W189,9445,OTRAS CAIDAS EN EL MISMO NIVEL: LUGAR NO ESPECIFICADO
W190,9446,CAIDA NO ESPECIFICADA: VIVIENDA
W191,9447,CAIDA NO ESPECIFICADA: INSTITUCIÓN RESIDENCIAL
W192,9448,"CAIDA NO ESPECIFICADA: ESCUELAS, OTRAS INSTITUCIONES Y AREAS ADMINISTRATIVAS PUBLICAS"
W193,9449,CAIDA NO ESPECIFICADA: AREAS DE DEPORTE Y ATLETISMO
W194,9450,CAIDA NO ESPECIFICADA: CALLES Y CARRETERAS
W195,9451,CAIDA NO ESPECIFICADA: COMERCIO Y AREA DE SERVICIOS
W196,9452,CAIDA NO ESPECIFICADA: AREA INDUSTRIAL Y DE LA CONSTRUCCION
W197,9453,CAIDA NO ESPECIFICADA: GRANJA
W198,9454,CAIDA NO ESPECIFICADA: OTRO LUGAR ESPECIFICADO
W199,9455,CAIDA NO ESPECIFICADA: LUGAR NO ESPECIFICADO
W200,9456,"GOLPE POR OBJETO ARROJADO, PROYECTADO O QUE CAE: VIVIENDA"
W201,9457,"GOLPE POR OBJETO ARROJADO, PROYECTADO O QUE CAE: INSTITUCION RESIDENCIAL"
W202,9458,"GOLPE POR OBJETO ARROJADO, PROYECTADO O QUE CAE: ESCUELAS, OTRAS INSTITUCIONES Y AREAS ADMINISTRATIVAS PUBLICAS"
W203,9459,"GOLPE POR OBJETO ARROJADO, PROYECTADO O QUE CAE: AREAS DE DEPORTE Y ATLETISMO"
W204,9460,"GOLPE POR OBJETO ARROJADO, PROYECTADO O QUE CAE: CALLES Y CARRETERAS"
W205,9461,"GOLPE POR OBJETO ARROJADO, PROYECTADO O QUE CAE: COMERCIO Y AREA DE SERVICIOS"
W206,9462,"GOLPE POR OBJETO ARROJADO, PROYECTADO O QUE CAE: AREA INDUSTRIAL Y DE LA CONSTRUCCION"
W207,9463,"GOLPE POR OBJETO ARROJADO, PROYECTADO O QUE CAE: GRANJA"
W208,9464,"GOLPE POR OBJETO ARROJADO, PROYECTADO O QUE CAE: OTRO LUGAR ESPECIFICADO"
W209,9465,"GOLPE POR OBJETO ARROJADO, PROYECTADO O QUE CAE: LUGAR NO ESPECIFICADO"
W210,9466,GOLPE CONTRA O GOLPEADO POR EQUIPO PARA DEPORTES: VIVIENDA
W211,9467,GOLPE CONTRA O GOLPEADO POR EQUIPO PARA DEPORTES: INSTITUCION RESIDENCIAL
W212,9468,"GOLPE CONTRA O GOLPEADO POR EQUIPO PARA DEPORTES: ESCUELAS, OTRAS INSTITUCIONES Y AREAS ADMINISTRATIVAS PUBLICAS"
W213,9469,GOLPE CONTRA O GOLPEADO POR EQUIPO PARA DEPORTES: AREAS DE DEPORTE Y ATLETISMO
W214,9470,GOLPE CONTRA O GOLPEADO POR EQUIPO PARA DEPORTES: CALLES Y CARRETERAS
W215,9471,GOLPE CONTRA O GOLPEADO POR EQUIPO PARA DEPORTES: COMERCIO Y AREA DE SERVICIOS
W216,9472,GOLPE CONTRA O GOLPEADO POR EQUIPO PARA DEPORTES: AREA INDUSTRIAL Y DE LA CONSTRUCCION
W217,9473,GOLPE CONTRA O GOLPEADO POR EQUIPO PARA DEPORTES: GRANJA
W218,9474,GOLPE CONTRA O GOLPEADO POR EQUIPO PARA DEPORTES: OTRO LUGAR ESPECIFICADO
W219,9475,GOLPE CONTRA O GOLPEADO POR EQUIPO PARA DEPORTES: LUGAR NO ESPECIFICADO
W220,9476,GOLPE CONTRA O GOLPEADO POR OTROS OBJETOS: VIVIENDA
W221,9477,GOLPE CONTRA O GOLPEADO POR OTROS OBJETOS: INSTITUCION RESIDENCIAL
W222,9478,"GOLPE CONTRA O GOLPEADO POR OTROS OBJETOS: ESCUELAS, OTRAS INSTITUCIONES Y AREAS ADMINISTRATIVAS PUBLICAS"
W223,9479,GOLPE CONTRA O GOLPEADO POR OTROS OBJETOS: AREAS DE DEPORTE Y ATLETISMO
W224,9480,GOLPE CONTRA O GOLPEADO POR OTROS OBJETOS: CALLES Y CARRETERAS
W225,9481,GOLPE CONTRA O GOLPEADO POR OTROS OBJETOS: COMERCIO Y AREA DE SERVICIOS
W226,9482,GOLPE CONTRA O GOLPEADO POR OTROS OBJETOS: AREA INDUSTRIAL Y DE LA CONSTRUCCION
W227,9483,GOLPE CONTRA O GOLPEADO POR OTROS OBJETOS: GRANJA
W228,9484,GOLPE CONTRA O GOLPEADO POR OTROS OBJETOS: OTRO LUGAR ESPECIFICADO
W229,9485,GOLPE CONTRA O GOLPEADO POR OTROS OBJETOS: LUGAR NO ESPECIFICADO
W230,9486,"ATRAPADO, APLASTADO, TRABADO O APRETADO EN O ENTRE OBJETOS: VIVIENDA"
W231,9487,"ATRAPADO, APLASTADO, TRABADO O APRETADO EN O ENTRE OBJETOS: INSTITUCION RESIDENCIAL"
W232,9488,"ATRAPADO, APLASTADO, TRABADO O APRETADO EN O ENTRE OBJETOS: ESCUELAS, OTRAS INSTITUCIONES Y AREAS ADMINISTRATIVAS PUBLICAS"
W233,9489,"ATRAPADO, APLASTADO, TRABADO O APRETADO EN O ENTRE OBJETOS: AREAS DE DEPORTE Y ATLETISMO"
W234,9490,"ATRAPADO, APLASTADO, TRABADO O APRETADO EN O ENTRE OBJETOS: CALLES Y CARRETERAS"
W235,9491,"ATRAPADO, APLASTADO, TRABADO O APRETADO EN O ENTRE OBJETOS: COMERCIO Y AREA DE SERVICIOS"
W236,9492,"ATRAPADO, APLASTADO, TRABADO O APRETADO EN O ENTRE OBJETOS: AREA INDUSTRIAL Y DE LA CONSTRUCCION"
W237,9493,"ATRAPADO, APLASTADO, TRABADO O APRETADO EN O ENTRE OBJETOS: GRANJA"
W238,9494,"ATRAPADO, APLASTADO, TRABADO O APRETADO EN O ENTRE OBJETOS: OTRO LUGAR ESPECIFICADO"
W239,9495,"ATRAPADO, APLASTADO, TRABADO O APRETADO EN O ENTRE OBJETOS: LUGAR NO ESPECIFICADO"
W240,9496,"CONTACTO TRAUMATICO CON DISPOSITIVOS DE ELEVACION Y TRANSMISION, NO CLASIFICADOS EN OTRA PARTE: VIVIENDA"
W241,9497,"CONTACTO TRAUMATICO CON DISPOSITIVOS DE ELEVACION Y TRANSMISION, NO CLASIFICADOS EN OTRA PARTE: INSTITUCION RESIDENCIAL"
W242,9498,"CONTACTO TRAUMATICO CON DISPOSITIVOS DE ELEVACION Y TRANSMISION, NO CLASIFICADOS EN OTRA PARTE: ESCUELAS, OTRAS INSTITUCIONES Y AREAS ADMINISTRATIVAS PUBLICAS"
W243,9499,"CONTACTO TRAUMATICO CON DISPOSITIVOS DE ELEVACION Y TRANSMISION, NO CLASIFICADOS EN OTRA PARTE: AREAS DE DEPORTE Y ATLETISMO"
W244,9500,"CONTACTO TRAUMATICO CON DISPOSITIVOS DE ELEVACION Y TRANSMISION, NO CLASIFICADOS EN OTRA PARTE: CALLES Y CARRETERAS"
W245,9501,"CONTACTO TRAUMATICO CON DISPOSITIVOS DE ELEVACION Y TRANSMISION, NO CLASIFICADOS EN OTRA PARTE: COMERCIO Y AREA DE SERVICIOS"
W246,9502,"CONTACTO TRAUMATICO CON DISPOSITIVOS DE ELEVACION Y TRANSMISION, NO CLASIFICADOS EN OTRA PARTE: AREA INDUSTRIAL Y DE LA CONSTRUCCION"
W247,9503,"CONTACTO TRAUMATICO CON DISPOSITIVOS DE ELEVACION Y TRANSMISION, NO CLASIFICADOS EN OTRA PARTE: GRANJA"
W248,9504,"CONTACTO TRAUMATICO CON DISPOSITIVOS DE ELEVACION Y TRANSMISION, NO CLASIFICADOS EN OTRA PARTE: OTRO LUGAR ESPECIFICADO"
W249,9505,"CONTACTO TRAUMATICO CON DISPOSITIVOS DE ELEVACION Y TRANSMISION, NO CLASIFICADOS EN OTRA PARTE: LUGAR NO ESPECIFICADO"
W250,9506,CONTACTO TRAUMATICO CON VIDRIO CORTANTE: VIVIENDA
W251,9507,CONTACTO TRAUMATICO CON VIDRIO CORTANTE: INSTITUCION RESIDENCIAL
W252,9508,"CONTACTO TRAUMATICO CON VIDRIO CORTANTE: ESCUELAS, OTRAS INSTITUCIONES Y AREAS ADMINISTRATIVAS PUBLICAS"
W253,9509,CONTACTO TRAUMATICO CON VIDRIO CORTANTE: AREAS DE DEPORTE Y ATLETISMO
W254,9510,CONTACTO TRAUMATICO CON VIDRIO CORTANTE: CALLES Y CARRETERAS
W255,9511,CONTACTO TRAUMATICO CON VIDRIO CORTANTE: COMERCIO Y AREA DE SERVICIOS
W256,9512,CONTACTO TRAUMATICO CON VIDRIO CORTANTE: AREA INDUSTRIAL Y DE LA CONSTRUCCION
W257,9513,CONTACTO TRAUMATICO CON VIDRIO CORTANTE: GRANJA
W258,9514,CONTACTO TRAUMATICO CON VIDRIO CORTANTE: OTRO LUGAR ESPECIFICADO
W259,9515,CONTACTO TRAUMATICO CON VIDRIO CORTANTE: LUGAR NO ESPECIFICADO
W260,9516,"CONTACTO TRAUMATICO CON CUCHILLO, ESPADA, DAGA O PUÑAL: VIVIENDA"
W261,9517,"CONTACTO TRAUMATICO CON CUCHILLO, ESPADA, DAGA O PUÑAL: INSTITUCION RESIDENCIAL"
W262,9518,"CONTACTO TRAUMATICO CON CUCHILLO, ESPADA, DAGA O PUÑAL: ESCUELAS, OTRAS INSTITUCIONES Y AREAS ADMINISTRATIVAS PUBLICAS"
W263,9519,"CONTACTO TRAUMATICO CON CUCHILLO, ESPADA, DAGA O PUÑAL: AREAS DE DEPORTE Y ATLETISMO"
W264,9520,"CONTACTO TRAUMATICO CON CUCHILLO, ESPADA, DAGA O PUÑAL: CALLES Y CARRETERAS"
W265,9521,"CONTACTO TRAUMATICO CON CUCHILLO, ESPADA, DAGA O PUÑAL: COMERCIO Y AREA DE SERVICIOS"
W266,9522,"CONTACTO TRAUMATICO CON CUCHILLO, ESPADA, DAGA O PUÑAL: AREA INDUSTRIAL Y DE LA CONSTRUCCION"
W267,9523,"CONTACTO TRAUMATICO CON CUCHILLO, ESPADA, DAGA O PUÑAL: GRANJA"
W268,9524,"CONTACTO TRAUMATICO CON CUCHILLO, ESPADA, DAGA O PUÑAL: OTRO LUGAR ESPECIFICADO"
W269,9525,"CONTACTO TRAUMATICO CON CUCHILLO, ESPADA, DAGA O PUÑAL: LUGAR NO ESPECIFICADO"
W270,9526,CONTACTO TRAUMATICO CON HERRAMIENTAS MANUALES SIN MOTOR: VIVIENDA
W271,9527,CONTACTO TRAUMATICO CON HERRAMIENTAS MANUALES SIN MOTOR: INSTITUCION RESIDENCIAL
W272,9528,"CONTACTO TRAUMATICO CON HERRAMIENTAS MANUALES SIN MOTOR: ESCUELAS, OTRAS INSTITUCIONES Y AREAS ADMINISTRATIVAS PUBLICAS"
W273,9529,CONTACTO TRAUMATICO CON HERRAMIENTAS MANUALES SIN MOTOR: AREAS DE DEPORTE Y ATLETISMO
W274,9530,CONTACTO TRAUMATICO CON HERRAMIENTAS MANUALES SIN MOTOR: CALLES Y CARRETERAS
W275,9531,CONTACTO TRAUMATICO CON HERRAMIENTAS MANUALES SIN MOTOR: COMERCIO Y AREA DE SERVICIOS
W276,9532,CONTACTO TRAUMATICO CON HERRAMIENTAS MANUALES SIN MOTOR: AREA INDUSTRIAL Y DE LA CONSTRUCCION
W277,9533,CONTACTO TRAUMATICO CON HERRAMIENTAS MANUALES SIN MOTOR: GRANJA
W278,9534,CONTACTO TRAUMATICO CON HERRAMIENTAS MANUALES SIN MOTOR: OTRO LUGAR ESPECIFICADO
W279,9535,CONTACTO TRAUMATICO CON HERRAMIENTAS MANUALES SIN MOTOR: LUGAR NO ESPECIFICADO
W280,9536,"CONTACTO TRAUMATICO CON CORTADORA DE CESPED, CON MOTOR: VIVIENDA"
W281,9537,"CONTACTO TRAUMATICO CON CORTADORA DE CESPED, CON MOTOR: INSTITUCION RESIDENCIAL"
W282,9538,"CONTACTO TRAUMATICO CON CORTADORA DE CESPED, CON MOTOR: ESCUELAS, OTRAS INSTITUCIONES Y AREAS ADMINISTRATIVAS PUBLICAS"
W283,9539,"CONTACTO TRAUMATICO CON CORTADORA DE CESPED, CON MOTOR: AREAS DE DEPORTE Y ATLETISMO"
W284,9540,"CONTACTO TRAUMATICO CON CORTADORA DE CESPED, CON MOTOR: CALLES Y CARRETERAS"
W285,9541,"CONTACTO TRAUMATICO CON CORTADORA DE CESPED, CON MOTOR: COMERCIO Y AREA DE SERVICIOS"
W286,9542,"CONTACTO TRAUMATICO CON CORTADORA DE CESPED, CON MOTOR: AREA INDUSTRIAL Y DE LA CONSTRUCCION"
W287,9543,"CONTACTO TRAUMATICO CON CORTADORA DE CESPED, CON MOTOR: GRANJA"
W288,9544,"CONTACTO TRAUMATICO CON CORTADORA DE CESPED, CON MOTOR: OTRO LUGAR ESPECIFICADO"
W289,9545,"CONTACTO TRAUMATICO CON CORTADORA DE CESPED, CON MOTOR: LUGAR NO ESPECIFICADO"
W290,9546,"CONTACTO TRAUMATICO CON OTRAS HERRAMIENTAS MANUALES Y ARTEFACTOS DEL HOGAR, CON MOTOR: VIVIENDA"
W291,9547,"CONTACTO TRAUMATICO CON OTRAS HERRAMIENTAS MANUALES Y ARTEFACTOS DEL HOGAR, CON MOTOR: INSTITUCION RESIDENCIAL"
W292,9548,"CONTACTO TRAUMATICO CON OTRAS HERRAMIENTAS MANUALES Y ARTEFACTOS DEL HOGAR, CON MOTOR: ESCUELAS, OTRAS INSTITUCIONES Y AREAS ADMINISTRATIVAS PUBLICAS"
W293,9549,"CONTACTO TRAUMATICO CON OTRAS HERRAMIENTAS MANUALES Y ARTEFACTOS DEL HOGAR, CON MOTOR: AREAS DE DEPORTE Y ATLETISMO"
W294,9550,"CONTACTO TRAUMATICO CON OTRAS HERRAMIENTAS MANUALES Y ARTEFACTOS DEL HOGAR, CON MOTOR: CALLES Y CARRETERAS"
W295,9551,"CONTACTO TRAUMATICO CON OTRAS HERRAMIENTAS MANUALES Y ARTEFACTOS DEL HOGAR, CON MOTOR: COMERCIO Y AREA DE SERVICIOS"
W296,9552,"CONTACTO TRAUMATICO CON OTRAS HERRAMIENTAS MANUALES Y ARTEFACTOS DEL HOGAR, CON MOTOR: AREA INDUSTRIAL Y DE LA CONSTRUCCION"
W297,9553,"CONTACTO TRAUMATICO CON OTRAS HERRAMIENTAS MANUALES Y ARTEFACTOS DEL HOGAR, CON MOTOR: GRANJA"
W298,9554,"CONTACTO TRAUMATICO CON OTRAS HERRAMIENTAS MANUALES Y ARTEFACTOS DEL HOGAR, CON MOTOR: OTRO LUGAR ESPECIFICADO"
W299,9555,"CONTACTO TRAUMATICO CON OTRAS HERRAMIENTAS MANUALES Y ARTEFACTOS DEL HOGAR, CON MOTOR: LUGAR NO ESPECIFICADO"
W300,9556,CONTACTO TRAUMATICO CON MAQUINARIA AGRICOLA: VIVIENDA
W301,9557,CONTACTO TRAUMATICO CON MAQUINARIA AGRICOLA: INSTITUCION RESIDENCIAL
W302,9558,"CONTACTO TRAUMATICO CON MAQUINARIA AGRICOLA: ESCUELAS, OTRAS INSTITUCIONES Y AREAS ADMINISTRATIVAS PUBLICAS"
W303,9559,CONTACTO TRAUMATICO CON MAQUINARIA AGRICOLA: AREAS DE DEPORTE Y ATLETISMO
W304,9560,CONTACTO TRAUMATICO CON MAQUINARIA AGRICOLA: CALLES Y CARRETERAS
W305,9561,CONTACTO TRAUMATICO CON MAQUINARIA AGRICOLA: COMERCIO Y AREA DE SERVICIOS
W306,9562,CONTACTO TRAUMATICO CON MAQUINARIA AGRICOLA: AREA INDUSTRIAL Y DE LA CONSTRUCCION
W307,9563,CONTACTO TRAUMATICO CON MAQUINARIA AGRICOLA: GRANJA
W308,9564,CONTACTO TRAUMATICO CON MAQUINARIA AGRICOLA: OTRO LUGAR ESPECIFICADO
W309,9565,CONTACTO TRAUMATICO CON MAQUINARIA AGRICOLA: LUGAR NO ESPECIFICADO
W310,9566,CONTACTO TRAUMATICO CON OTRAS MAQUINARIAS Y LAS NO ESPECIFICADAS: VIVIENDA
W311,9567,CONTACTO TRAUMATICO CON OTRAS MAQUINARIAS Y LAS NO ESPECIFICADAS: INSTITUCION RESIDENCIAL
W312,9568,"CONTACTO TRAUMATICO CON OTRAS MAQUINARIAS Y LAS NO ESPECIFICADAS: ESCUELAS, OTRAS INSTITUCIONES Y AREAS ADMINISTRATIVAS PUBLICAS"
W313,9569,CONTACTO TRAUMATICO CON OTRAS MAQUINARIAS Y LAS NO ESPECIFICADAS: AREAS DE DEPORTE Y ATLETISMO
W314,9570,CONTACTO TRAUMATICO CON OTRAS MAQUINARIAS Y LAS NO ESPECIFICADAS: CALLES Y CARRETERAS
W315,9571,CONTACTO TRAUMATICO CON OTRAS MAQUINARIAS Y LAS NO ESPECIFICADAS: COMERCIO Y AREA DE SERVICIOS
W316,9572,CONTACTO TRAUMATICO CON OTRAS MAQUINARIAS Y LAS NO ESPECIFICADAS: AREA INDUSTRIAL Y DE LA CONSTRUCCION
W317,9573,CONTACTO TRAUMATICO CON OTRAS MAQUINARIAS Y LAS NO ESPECIFICADAS: GRANJA
W318,9574,CONTACTO TRAUMATICO CON OTRAS MAQUINARIAS Y LAS NO ESPECIFICADAS: OTRO LUGAR ESPECIFICADO
W319,9575,CONTACTO TRAUMATICO CON OTRAS MAQUINARIAS Y LAS NO ESPECIFICADAS: LUGAR NO ESPECIFICADO
W320,9576,DISPARO DE ARMA CORTA: VIVIENDA
W321,9577,DISPARO DE ARMA CORTA: INSTITUCION RESIDENCIAL
W322,9578,"DISPARO DE ARMA CORTA: ESCUELAS, OTRAS INSTITUCIONES Y AREAS ADMINISTRATIVAS PUBLICAS"
W323,9579,DISPARO DE ARMA CORTA: AREAS DE DEPORTE Y ATLETISMO
W324,9580,DISPARO DE ARMA CORTA: CALLES Y CARRETERAS
W325,9581,DISPARO DE ARMA CORTA: COMERCIO Y AREAS DE SERVICIO
W326,9582,DISPARO DE ARMA CORTA: AREA INDUSTRIAL Y DE LA CONSTRUCCION
W327,9583,DISPARO DE ARMA CORTA: GRANJA
W328,9584,DISPARO DE ARMA CORTA: OTRO LUGAR ESPECIFICADO
W329,9585,DISPARO DE ARMA CORTA: LUGAR NO ESPECIFICADO
W330,9586,"DISPARO DE RIFLE, ESCOPETA Y ARMA LARGA: VIVIENDA"
W331,9587,"DISPARO DE RIFLE, ESCOPETA Y ARMA LARGA: INSTITUCION RESIDENCIAL"
W332,9588,"DISPARO DE RIFLE, ESCOPETA Y ARMA LARGA: ESCUELAS, OTRAS INSTITUCIONES Y AREAS ADMINISTRATIVAS PUBLICAS"
W333,9589,"DISPARO DE RIFLE, ESCOPETA Y ARMA LARGA: AREAS DE DEPORTE Y ATLETISMO"
W334,9590,"DISPARO DE RIFLE, ESCOPETA Y ARMA LARGA: CALLES Y CARRETERAS"
W335,9591,"DISPARO DE RIFLE, ESCOPETA Y ARMA LARGA: COMERCIO Y AREAS DE SERVICIO"
W336,9592,"DISPARO DE RIFLE, ESCOPETA Y ARMA LARGA: AREA INDUSTRIAL Y DE LA CONSTRUCCION"
W337,9593,"DISPARO DE RIFLE, ESCOPETA Y ARMA LARGA: GRANJA"
W338,9594,"DISPARO DE RIFLE, ESCOPETA Y ARMA LARGA: OTRO LUGAR ESPECIFICADO"
W339,9595,"DISPARO DE RIFLE, ESCOPETA Y ARMA LARGA: LUGAR NO ESPECIFICADO"
W340,9596,"DISPARO DE OTRAS ARMAS DE FUEGO, Y LAS NO ESPECIFICADAS: VIVIENDA"
W341,9597,"DISPARO DE OTRAS ARMAS DE FUEGO, Y LAS NO ESPECIFICADAS: INSTITUCION RESIDENCIAL"
W342,9598,"DISPARO DE OTRAS ARMAS DE FUEGO, Y LAS NO ESPECIFICADAS: ESCUELAS, OTRAS INSTITUCIONES Y AREAS ADMINISTRATIVAS PUBLICAS"
W343,9599,"DISPARO DE OTRAS ARMAS DE FUEGO, Y LAS NO ESPECIFICADAS: AREAS DE DEPORTE Y ATLETISMO"
W344,9600,"DISPARO DE OTRAS ARMAS DE FUEGO, Y LAS NO ESPECIFICADAS: CALLES Y CARRETERAS"
W345,9601,"DISPARO DE OTRAS ARMAS DE FUEGO, Y LAS NO ESPECIFICADAS: COMERCIO Y AREAS DE SERVICIO"
W346,9602,"DISPARO DE OTRAS ARMAS DE FUEGO, Y LAS NO ESPECIFICADAS: AREA INDUSTRIAL Y DE LA CONSTRUCCION"
W347,9603,"DISPARO DE OTRAS ARMAS DE FUEGO, Y LAS NO ESPECIFICADAS: GRANJA"
W348,9604,"DISPARO DE OTRAS ARMAS DE FUEGO, Y LAS NO ESPECIFICADAS: OTRO LUGAR ESPECIFICADO"
W349,9605,"DISPARO DE OTRAS ARMAS DE FUEGO, Y LAS NO ESPECIFICADAS: LUGAR NO ESPECIFICADO"
W350,9606,EXPLOSION Y ROTURA DE CALDERA: VIVIENDA
W351,9607,EXPLOSION Y ROTURA DE CALDERA: INSTITUCION RESIDENCIAL
W352,9608,"EXPLOSION Y ROTURA DE CALDERA: ESCUELAS, OTRAS INSTITUCIONES Y AREAS ADMINISTRATIVAS PUBLICAS"
W353,9609,EXPLOSION Y ROTURA DE CALDERA: AREAS DE DEPORTE Y ATLETISMO
W354,9610,EXPLOSION Y ROTURA DE CALDERA: CALLES Y CARRETERAS
W355,9611,EXPLOSION Y ROTURA DE CALDERA: COMERCIO Y AREAS DE SERVICIO
W356,9612,EXPLOSION Y ROTURA DE CALDERA: AREA INDUSTRIAL Y DE LA CONSTRUCCION
W357,9613,EXPLOSION Y ROTURA DE CALDERA: GRANJA
W358,9614,EXPLOSION Y ROTURA DE CALDERA: OTRO LUGAR ESPECIFICADO
W359,9615,EXPLOSION Y ROTURA DE CALDERA: LUGAR NO ESPECIFICADO
W360,9616,EXPLOSION Y ROTURA DE CILINDRO CON GAS: VIVIENDA
W361,9617,EXPLOSION Y ROTURA DE CILINDRO CON GAS: INSTITUCION RESIDENCIAL
W362,9618,"EXPLOSION Y ROTURA DE CILINDRO CON GAS: ESCUELAS, OTRAS INSTITUCIONES Y AREAS ADMINISTRATIVAS PUBLICAS"
W363,9619,EXPLOSION Y ROTURA DE CILINDRO CON GAS: AREAS DE DEPORTE Y ATLETISMO
W364,9620,EXPLOSION Y ROTURA DE CILINDRO CON GAS: CALLES Y CARRETERAS
W365,9621,EXPLOSION Y ROTURA DE CILINDRO CON GAS: COMERCIO Y AREAS DE SERVICIO
W366,9622,EXPLOSION Y ROTURA DE CILINDRO CON GAS: AREA INDUSTRIAL Y DE LA CONSTRUCCION
W367,9623,EXPLOSION Y ROTURA DE CILINDRO CON GAS: GRANJA
W368,9624,EXPLOSION Y ROTURA DE CILINDRO CON GAS: OTRO LUGAR ESPECIFICADO
W369,9625,EXPLOSION Y ROTURA DE CILINDRO CON GAS: LUGAR NO ESPECIFICADO
W370,9626,"EXPLOSION Y ROTURA DE NEUMATICO, TUBO O MANGUERA DE GOMA PRESURIZADA: VIVIENDA"
W371,9627,"EXPLOSION Y ROTURA DE NEUMATICO, TUBO O MANGUERA DE GOMA PRESURIZADA: INSTITUCION RESIDENCIAL"
W372,9628,"EXPLOSION Y ROTURA DE NEUMATICO, TUBO O MANGUERA DE GOMA PRESURIZADA: ESCUELAS, OTRAS INSTITUCIONES Y AREAS ADMINISTRATIVAS PUBLICAS"
W373,9629,"EXPLOSION Y ROTURA DE NEUMATICO, TUBO O MANGUERA DE GOMA PRESURIZADA: AREAS DE DEPORTE Y ATLETISMO"
W374,9630,"EXPLOSION Y ROTURA DE NEUMATICO, TUBO O MANGUERA DE GOMA PRESURIZADA: CALLES Y CARRETERAS"
W375,9631,"EXPLOSION Y ROTURA DE NEUMATICO, TUBO O MANGUERA DE GOMA PRESURIZADA: COMERCIO Y AREAS DE SERVICIO"
W376,9632,"EXPLOSION Y ROTURA DE NEUMATICO, TUBO O MANGUERA DE GOMA PRESURIZADA: AREA INDUSTRIAL Y DE LA CONSTRUCCION"
W377,9633,"EXPLOSION Y ROTURA DE NEUMATICO, TUBO O MANGUERA DE GOMA PRESURIZADA: GRANJA"
W378,9634,"EXPLOSION Y ROTURA DE NEUMATICO, TUBO O MANGUERA DE GOMA PRESURIZADA: OTRO LUGAR ESPECIFICADO"
W379,9635,"EXPLOSION Y ROTURA DE NEUMATICO, TUBO O MANGUERA DE GOMA PRESURIZADA: LUGAR NO ESPECIFICADO"
W380,9636,EXPLOSION Y ROTURA DE OTROS DISPOSITIVOS PRESURIZADOS ESPECIFICADOS: VIVIENDA
W381,9637,EXPLOSION Y ROTURA DE OTROS DISPOSITIVOS PRESURIZADOS ESPECIFICADOS: INSTITUCION RESIDENCIAL
W382,9638,"EXPLOSION Y ROTURA DE OTROS DISPOSITIVOS PRESURIZADOS ESPECIFICADOS: ESCUELAS, OTRAS INSTITUCIONES Y AREAS ADMINISTRATIVAS PUBLICAS"
W383,9639,EXPLOSION Y ROTURA DE OTROS DISPOSITIVOS PRESURIZADOS ESPECIFICADOS: AREAS DE DEPORTE Y ATLETISMO
W384,9640,EXPLOSION Y ROTURA DE OTROS DISPOSITIVOS PRESURIZADOS ESPECIFICADOS: CALLES Y CARRETERAS
W385,9641,EXPLOSION Y ROTURA DE OTROS DISPOSITIVOS PRESURIZADOS ESPECIFICADOS: COMERCIO Y AREAS DE SERVICIO
W386,9642,EXPLOSION Y ROTURA DE OTROS DISPOSITIVOS PRESURIZADOS ESPECIFICADOS: AREA INDUSTRIAL Y DE LA CONSTRUCCION
W387,9643,EXPLOSION Y ROTURA DE OTROS DISPOSITIVOS PRESURIZADOS ESPECIFICADOS: GRANJA
W388,9644,EXPLOSION Y ROTURA DE OTROS DISPOSITIVOS PRESURIZADOS ESPECIFICADOS: OTRO LUGAR ESPECIFICADO
W389,9645,EXPLOSION Y ROTURA DE OTROS DISPOSITIVOS PRESURIZADOS ESPECIFICADOS: LUGAR NO ESPECIFICADO
W390,9646,EXPLOSION DE FUEGOS ARTIFICIALES: VIVIENDA
W391,9647,EXPLOSION DE FUEGOS ARTIFICIALES: INSTITUCION RESIDENCIAL
W392,9648,"EXPLOSION DE FUEGOS ARTIFICIALES: ESCUELAS, OTRAS INSTITUCIONES Y AREAS ADMINISTRATIVAS PUBLICAS"
W393,9649,EXPLOSION DE FUEGOS ARTIFICIALES: AREAS DE DEPORTE Y ATLETISMO
W394,9650,EXPLOSION DE FUEGOS ARTIFICIALES: CALLES Y CARRETERAS
W395,9651,EXPLOSION DE FUEGOS ARTIFICIALES: COMERCIO Y AREAS DE SERVICIO
W396,9652,EXPLOSION DE FUEGOS ARTIFICIALES: AREA INDUSTRIAL Y DE LA CONSTRUCCION
W397,9653,EXPLOSION DE FUEGOS ARTIFICIALES: GRANJA
W398,9654,EXPLOSION DE FUEGOS ARTIFICIALES: OTRO LUGAR ESPECIFICADO
W399,9655,EXPLOSION DE FUEGOS ARTIFICIALES: LUGAR NO ESPECIFICADO
W400,9656,EXPLOSION DE OTROS MATERIALES: VIVIENDA
W401,9657,EXPLOSION DE OTROS MATERIALES: INSTITUCION RESIDENCIAL
W402,9658,"EXPLOSION DE OTROS MATERIALES: ESCUELAS, OTRAS INSTITUCIONES Y AREAS ADMINISTRATIVAS PUBLICAS"
W403,9659,EXPLOSION DE OTROS MATERIALES: AREAS DE DEPORTE Y ATLETISMO
W404,9660,EXPLOSION DE OTROS MATERIALES: CALLES Y CARRETERAS
W405,9661,EXPLOSION DE OTROS MATERIALES: COMERCIO Y AREAS DE SERVICIO
W406,9662,EXPLOSION DE OTROS MATERIALES: AREA INDUSTRIAL Y DE LA CONSTRUCCION
W407,9663,EXPLOSION DE OTROS MATERIALES: GRANJA
W408,9664,EXPLOSION DE OTROS MATERIALES: OTRO LUGAR ESPECIFICADO
W409,9665,EXPLOSION DE OTROS MATERIALES: LUGAR NO ESPECIFICADO
W410,9666,EXPOSICION A CHORRO DE ALTA PRESION: VIVIENDA
W411,9667,EXPOSICION A CHORRO DE ALTA PRESION: INSTITUCION RESIDENCIAL
W412,9668,"EXPOSICION A CHORRO DE ALTA PRESION: ESCUELAS, OTRAS INSTITUCIONES Y AREAS ADMINISTRATIVAS PUBLICAS"
W413,9669,EXPOSICION A CHORRO DE ALTA PRESION: AREAS DE DEPORTE Y ATLETISMO
W414,9670,EXPOSICION A CHORRO DE ALTA PRESION: CALLES Y CARRETERAS
W415,9671,EXPOSICION A CHORRO DE ALTA PRESION: COMERCIO Y AREAS DE SERVICIO
W416,9672,EXPOSICION A CHORRO DE ALTA PRESION: AREA INDUSTRIAL Y DE LA CONSTRUCCION
W417,9673,EXPOSICION A CHORRO DE ALTA PRESION: GRANJA
W418,9674,EXPOSICION A CHORRO DE ALTA PRESION: OTRO LUGAR ESPECIFICADO
W419,9675,EXPOSICION A CHORRO DE ALTA PRESION: LUGAR NO ESPECIFICADO
W420,9676,EXPOSICION AL RUIDO: VIVIENDA
W421,9677,EXPOSICION AL RUIDO: INSTITUCION RESIDENCIAL
W422,9678,"EXPOSICION AL RUIDO: ESCUELAS, OTRAS INSTITUCIONES Y AREAS ADMINISTRATIVAS PUBLICAS"
W423,9679,EXPOSICION AL RUIDO: AREAS DE DEPORTE Y ATLETISMO
W424,9680,EXPOSICION AL RUIDO: CALLES Y CARRETERAS
W425,9681,EXPOSICION AL RUIDO: COMERCIO Y AREAS DE SERVICIO
W426,9682,EXPOSICION AL RUIDO: AREA INDUSTRIAL Y DE LA CONSTRUCCION
W427,9683,EXPOSICION AL RUIDO: GRANJA
W428,9684,EXPOSICION AL RUIDO: OTRO LUGAR ESPECIFICADO
W429,9685,EXPOSICION AL RUIDO: LUGAR NO ESPECIFICADO
W430,9686,EXPOSICION A VIBRACIONES: VIVIENDA
W431,9687,EXPOSICION A VIBRACIONES: INSTITUCION RESIDENCIAL
W432,9688,"EXPOSICION A VIBRACIONES: ESCUELAS, OTRAS INSTITUCIONES Y AREAS ADMINISTRATIVAS PUBLICAS"
W433,9689,EXPOSICION A VIBRACIONES: AREAS DE DEPORTE Y ATLETISMO
W434,9690,EXPOSICION A VIBRACIONES: CALLES Y CARRETERAS
W435,9691,EXPOSICION A VIBRACIONES: COMERCIO Y AREAS DE SERVICIO
W436,9692,EXPOSICION A VIBRACIONES: AREA INDUSTRIAL Y DE LA CONSTRUCCION
W437,9693,EXPOSICION A VIBRACIONES: GRANJA
W438,9694,EXPOSICION A VIBRACIONES: OTRO LUGAR ESPECIFICADO
W439,9695,EXPOSICION A VIBRACIONES: LUGAR NO ESPECIFICADO
W440,9696,CUERPO EXTRAÑO QUE PENETRA POR EL OJO U ORIFICIO NATURAL: VIVIENDA
W441,9697,CUERPO EXTRAÑO QUE PENETRA POR EL OJO U ORIFICIO NATURAL: INSTITUCION RESIDENCIAL
W442,9698,"CUERPO EXTRAÑO QUE PENETRA POR EL OJO U ORIFICIO NATURAL: ESCUELAS, OTRAS INSTITUCIONES Y AREAS ADMINISTRATIVAS PUBLICAS"
W443,9699,CUERPO EXTRAÑO QUE PENETRA POR EL OJO U ORIFICIO NATURAL: AREAS DE DEPORTE Y ATLETISMO
W444,9700,CUERPO EXTRAÑO QUE PENETRA POR EL OJO U ORIFICIO NATURAL: CALLES Y CARRETERAS
W445,9701,CUERPO EXTRAÑO QUE PENETRA POR EL OJO U ORIFICIO NATURAL: COMERCIO Y AREAS DE SERVICIO
W446,9702,CUERPO EXTRAÑO QUE PENETRA POR EL OJO U ORIFICIO NATURAL: AREA INDUSTRIAL Y DE LA CONSTRUCCION
W447,9703,CUERPO EXTRAÑO QUE PENETRA POR EL OJO U ORIFICIO NATURAL: GRANJA
W448,9704,CUERPO EXTRAÑO QUE PENETRA POR EL OJO U ORIFICIO NATURAL: OTRO LUGAR ESPECIFICADO
W449,9705,CUERPO EXTRAÑO QUE PENETRA POR EL OJO U ORIFICIO NATURAL: LUGAR NO ESPECIFICADO
W450,9706,CUERPO EXTRAÑO QUE PENETRA A TRAVES DE LA PIEL: VIVIENDA
W451,9707,CUERPO EXTRAÑO QUE PENETRA A TRAVES DE LA PIEL: INSTITUCION RESIDENCIAL
W452,9708,"CUERPO EXTRAÑO QUE PENETRA A TRAVES DE LA PIEL: ESCUELAS, OTRAS INSTITUCIONES Y AREAS ADMINISTRATIVAS PUBLICAS"
W453,9709,CUERPO EXTRAÑO QUE PENETRA A TRAVES DE LA PIEL: AREAS DE DEPORTE Y ATLETISMO
W454,9710,CUERPO EXTRAÑO QUE PENETRA A TRAVES DE LA PIEL: CALLES Y CARRETERAS
W455,9711,CUERPO EXTRAÑO QUE PENETRA A TRAVES DE LA PIEL: COMERCIO Y AREAS DE SERVICIO
W456,9712,CUERPO EXTRAÑO QUE PENETRA A TRAVES DE LA PIEL: AREA INDUSTRIAL Y DE LA CONSTRUCCION
W457,9713,CUERPO EXTRAÑO QUE PENETRA A TRAVES DE LA PIEL: GRANJA
W458,9714,CUERPO EXTRAÑO QUE PENETRA A TRAVES DE LA PIEL: OTRO LUGAR ESPECIFICADO
W459,9715,CUERPO EXTRAÑO QUE PENETRA A TRAVES DE LA PIEL: LUGAR NO ESPECIFICADO
W490,9716,"EXPOSICION A OTRAS FUERZAS MECANICAS INANIMADAS, Y LAS NO ESPECIFICADAS: VIVIENDA"
W491,9717,"EXPOSICION A OTRAS FUERZAS MECANICAS INANIMADAS, Y LAS NO ESPECIFICADAS: INSTITUCION RESIDENCIAL"
W492,9718,"EXPOSICION A OTRAS FUERZAS MECANICAS INANIMADAS, Y LAS NO ESPECIFICADAS: ESCUELAS, OTRAS INSTITUCIONES Y AREAS ADMINISTRATIVAS PUBLICAS"
W493,9719,"EXPOSICION A OTRAS FUERZAS MECANICAS INANIMADAS, Y LAS NO ESPECIFICADAS: AREAS DE DEPORTE Y ATLETISMO"
W494,9720,"EXPOSICION A OTRAS FUERZAS MECANICAS INANIMADAS, Y LAS NO ESPECIFICADAS: CALLES Y CARRETERAS"
W495,9721,"EXPOSICION A OTRAS FUERZAS MECANICAS INANIMADAS, Y LAS NO ESPECIFICADAS: COMERCIO Y AREAS DE SERVICIO"
W496,9722,"EXPOSICION A OTRAS FUERZAS MECANICAS INANIMADAS, Y LAS NO ESPECIFICADAS: AREA INDUSTRIAL Y DE LA CONSTRUCCION"
W497,9723,"EXPOSICION A OTRAS FUERZAS MECANICAS INANIMADAS, Y LAS NO ESPECIFICADAS: GRANJA"
W498,9724,"EXPOSICION A OTRAS FUERZAS MECANICAS INANIMADAS, Y LAS NO ESPECIFICADAS: OTRO LUGAR ESPECIFICADO"
W499,9725,"EXPOSICION A OTRAS FUERZAS MECANICAS INANIMADAS, Y LAS NO ESPECIFICADAS: LUGAR NO ESPECIFICADO"
W500,9726,"APORREO, GOLPE, MORDEDURA, PATADA, RASGUÑO O TORCEDURA INFLIGIDOS POR OTRA PERSONA: VIVIENDA"
W501,9727,"APORREO, GOLPE, MORDEDURA, PATADA, RASGUÑO O TORCEDURA INFLIGIDOS POR OTRA PERSONA: INSTITUCION RESIDENCIAL"
W502,9728,"APORREO, GOLPE, MORDEDURA, PATADA, RASGUÑO O TORCEDURA INFLIGIDOS POR OTRA PERSONA: ESCUELAS, OTRAS INSTITUCIONES Y AREAS ADMINISTRATIVAS PUBLICAS"
W503,9729,"APORREO, GOLPE, MORDEDURA, PATADA, RASGUÑO O TORCEDURA INFLIGIDOS POR OTRA PERSONA: AREAS DE DEPORTE Y ATLETISMO"
W504,9730,"APORREO, GOLPE, MORDEDURA, PATADA, RASGUÑO O TORCEDURA INFLIGIDOS POR OTRA PERSONA: CALLES Y CARRETERAS"
W505,9731,"APORREO, GOLPE, MORDEDURA, PATADA, RASGUÑO O TORCEDURA INFLIGIDOS POR OTRA PERSONA: COMERCIO Y AREAS DE SERVICIO"
W506,9732,"APORREO, GOLPE, MORDEDURA, PATADA, RASGUÑO O TORCEDURA INFLIGIDOS POR OTRA PERSONA: AREA INDUSTRIAL Y DE LA CONSTRUCCION"
W507,9733,"APORREO, GOLPE, MORDEDURA, PATADA, RASGUÑO O TORCEDURA INFLIGIDOS POR OTRA PERSONA: GRANJA"
W508,9734,"APORREO, GOLPE, MORDEDURA, PATADA, RASGUÑO O TORCEDURA INFLIGIDOS POR OTRA PERSONA: OTRO LUGAR ESPECIFICADO"
W509,9735,"APORREO, GOLPE, MORDEDURA, PATADA, RASGUÑO O TORCEDURA INFLIGIDOS POR OTRA PERSONA: LUGAR NO ESPECIFICADO"
W510,9736,CHOQUE O EMPELLON CONTRA OTRA PERSONA: VIVIENDA
W511,9737,CHOQUE O EMPELLON CONTRA OTRA PERSONA: INSTITUCION RESIDENCIAL
W512,9738,"CHOQUE O EMPELLON CONTRA OTRA PERSONA: ESCUELAS, OTRAS INSTITUCIONES Y AREAS ADMINISTRATIVAS PUBLICAS"
W513,9739,CHOQUE O EMPELLON CONTRA OTRA PERSONA: AREAS DE DEPORTE Y ATLETISMO
W514,9740,CHOQUE O EMPELLON CONTRA OTRA PERSONA: CALLES Y CARRETERAS
W515,9741,CHOQUE O EMPELLON CONTRA OTRA PERSONA: COMERCIO Y AREAS DE SERVICIO
W516,9742,CHOQUE O EMPELLON CONTRA OTRA PERSONA: AREA INDUSTRIAL Y DE LA CONSTRUCCION
W517,9743,CHOQUE O EMPELLON CONTRA OTRA PERSONA: GRANJA
W518,9744,CHOQUE O EMPELLON CONTRA OTRA PERSONA: OTRO LUGAR ESPECIFICADO
W519,9745,CHOQUE O EMPELLON CONTRA OTRA PERSONA: LUGAR NO ESPECIFICADO
W520,9746,"PERSONA APLASTADA, EMPUJADA O PISOTEADA POR UNA MULTITUD O ESTAMPIDA HUMANA: VIVIENDA"
W521,9747,"PERSONA APLASTADA, EMPUJADA O PISOTEADA POR UNA MULTITUD O ESTAMPIDA HUMANA: INSTITUCION RESIDENCIAL"
W522,9748,"PERSONA APLASTADA, EMPUJADA O PISOTEADA POR UNA MULTITUD O ESTAMPIDA HUMANA: ESCUELAS, OTRAS INSTITUCIONES Y AREAS ADMINISTRATIVAS PUBLICAS"
W523,9749,"PERSONA APLASTADA, EMPUJADA O PISOTEADA POR UNA MULTITUD O ESTAMPIDA HUMANA: AREAS DE DEPORTE Y ATLETISMO"
W524,9750,"PERSONA APLASTADA, EMPUJADA O PISOTEADA POR UNA MULTITUD O ESTAMPIDA HUMANA: CALLES Y CARRETERAS"
W525,9751,"PERSONA APLASTADA, EMPUJADA O PISOTEADA POR UNA MULTITUD O ESTAMPIDA HUMANA: COMERCIO Y AREAS DE SERVICIO"
W526,9752,"PERSONA APLASTADA, EMPUJADA O PISOTEADA POR UNA MULTITUD O ESTAMPIDA HUMANA: AREA INDUSTRIAL Y DE LA CONSTRUCCION"
W527,9753,"PERSONA APLASTADA, EMPUJADA O PISOTEADA POR UNA MULTITUD O ESTAMPIDA HUMANA: GRANJA"
W528,9754,"PERSONA APLASTADA, EMPUJADA O PISOTEADA POR UNA MULTITUD O ESTAMPIDA HUMANA: OTRO LUGAR ESPECIFICADO"
W529,9755,"PERSONA APLASTADA, EMPUJADA O PISOTEADA POR UNA MULTITUD O ESTAMPIDA HUMANA: LUGAR NO ESPECIFICADO"
W530,9756,MORDEDURA DE RATA: VIVIENDA
W531,9757,MORDEDURA DE RATA: INSTITUCION RESIDENCIAL
W532,9758,"MORDEDURA DE RATA: ESCUELAS, OTRAS INSTITUCIONES Y AREAS ADMINISTRATIVAS PUBLICAS"
W533,9759,MORDEDURA DE RATA: AREAS DE DEPORTE Y ATLETISMO
W534,9760,MORDEDURA DE RATA: CALLES Y CARRETERAS
W535,9761,MORDEDURA DE RATA: COMERCIO Y AREAS DE SERVICIO
W536,9762,MORDEDURA DE RATA: AREA INDUSTRIAL Y DE LA CONSTRUCCION
W537,9763,MORDEDURA DE RATA: GRANJA
W538,9764,MORDEDURA DE RATA: OTRO LUGAR ESPECIFICADO
W539,9765,MORDEDURA DE RATA: LUGAR NO ESPECIFICADO
W540,9766,MORDEDURA O ATAQUE DE PERRO: VIVIENDA
W541,9767,MORDEDURA O ATAQUE DE PERRO: INSTITUCION RESIDENCIAL
W542,9768,"MORDEDURA O ATAQUE DE PERRO: ESCUELAS, OTRAS INSTITUCIONES Y AREAS ADMINISTRATIVAS PUBLICAS"
W543,9769,MORDEDURA O ATAQUE DE PERRO: AREAS DE DEPORTE Y ATLETISMO
W544,9770,MORDEDURA O ATAQUE DE PERRO: CALLES Y CARRETERAS
W545,9771,MORDEDURA O ATAQUE DE PERRO: COMERCIO Y AREAS DE SERVICIO
W546,9772,MORDEDURA O ATAQUE DE PERRO: AREA INDUSTRIAL Y DE LA CONSTRUCCION
W547,9773,MORDEDURA O ATAQUE DE PERRO: GRANJA
W548,9774,MORDEDURA O ATAQUE DE PERRO: OTRO LUGAR ESPECIFICADO
W549,9775,MORDEDURA O ATAQUE DE PERRO: LUGAR NO ESPECIFICADO
W550,9776,MORDEDURA O ATAQUE DE OTROS MAMIFEROS: VIVIENDA
W551,9777,MORDEDURA O ATAQUE DE OTROS MAMIFEROS: INSTITUCION RESIDENCIAL
W552,9778,"MORDEDURA O ATAQUE DE OTROS MAMIFEROS: ESCUELAS, OTRAS INSTITUCIONES Y AREAS ADMINISTRATIVAS PUBLICAS"
W553,9779,MORDEDURA O ATAQUE DE OTROS MAMIFEROS: AREAS DE DEPORTE Y ATLETISMO
W554,9780,MORDEDURA O ATAQUE DE OTROS MAMIFEROS: CALLES Y CARRETERAS
W555,9781,MORDEDURA O ATAQUE DE OTROS MAMIFEROS: COMERCIO Y AREAS DE SERVICIO
W556,9782,MORDEDURA O ATAQUE DE OTROS MAMIFEROS: AREA INDUSTRIAL Y DE LA CONSTRUCCION
W557,9783,MORDEDURA O ATAQUE DE OTROS MAMIFEROS: GRANJA
W558,9784,MORDEDURA O ATAQUE DE OTROS MAMIFEROS: OTRO LUGAR ESPECIFICADO
W559,9785,MORDEDURA O ATAQUE DE OTROS MAMIFEROS: LUGAR NO ESPECIFICADO
W560,9786,CONTACTO TRAUMATICO CON ANIMALES MARINOS: VIVIENDA
W561,9787,CONTACTO TRAUMATICO CON ANIMALES MARINOS: INSTITUCION RESIDENCIAL
W562,9788,"CONTACTO TRAUMATICO CON ANIMALES MARINOS: ESCUELAS, OTRAS INSTITUCIONES Y AREAS ADMINISTRATIVAS PUBLICAS"
W563,9789,CONTACTO TRAUMATICO CON ANIMALES MARINOS: AREAS DE DEPORTE Y ATLETISMO
W564,9790,CONTACTO TRAUMATICO CON ANIMALES MARINOS: CALLES Y CARRETERAS
W565,9791,CONTACTO TRAUMATICO CON ANIMALES MARINOS: COMERCIO Y AREAS DE SERVICIO
W566,9792,CONTACTO TRAUMATICO CON ANIMALES MARINOS: AREA INDUSTRIAL Y DE LA CONSTRUCCION
W567,9793,CONTACTO TRAUMATICO CON ANIMALES MARINOS: GRANJA
W568,9794,CONTACTO TRAUMATICO CON ANIMALES MARINOS: OTRO LUGAR ESPECIFICADO
W569,9795,CONTACTO TRAUMATICO CON ANIMALES MARINOS: LUGAR NO ESPECIFICADO
W570,9796,MORDEDURA O PICADURA DE INSECTOS Y OTROS ARTROPODOS NO VENENOSOS: VIVIENDA
W571,9797,MORDEDURA O PICADURA DE INSECTOS Y OTROS ARTROPODOS NO VENENOSOS: INSTITUCION RESIDENCIAL
W572,9798,"MORDEDURA O PICADURA DE INSECTOS Y OTROS ARTROPODOS NO VENENOSOS: ESCUELAS, OTRAS INSTITUCIONES Y AREAS ADMINISTRATIVAS PUBLICAS"
W573,9799,MORDEDURA O PICADURA DE INSECTOS Y OTROS ARTROPODOS NO VENENOSOS: AREAS DE DEPORTE Y ATLETISMO
W574,9800,MORDEDURA O PICADURA DE INSECTOS Y OTROS ARTROPODOS NO VENENOSOS: CALLES Y CARRETERAS
W575,9801,MORDEDURA O PICADURA DE INSECTOS Y OTROS ARTROPODOS NO VENENOSOS: COMERCIO Y AREAS DE SERVICIO
W576,9802,MORDEDURA O PICADURA DE INSECTOS Y OTROS ARTROPODOS NO VENENOSOS: AREA INDUSTRIAL Y DE LA CONSTRUCCION
W577,9803,MORDEDURA O PICADURA DE INSECTOS Y OTROS ARTROPODOS NO VENENOSOS: GRANJA
W578,9804,MORDEDURA O PICADURA DE INSECTOS Y OTROS ARTROPODOS NO VENENOSOS: OTRO LUGAR ESPECIFICADO
W579,9805,MORDEDURA O PICADURA DE INSECTOS Y OTROS ARTROPODOS NO VENENOSOS: LUGAR NO ESPECIFICADO
W580,9806,MORDEDURA O ATAQUE DE COCODRILO O CAIMAN: VIVIENDA
W581,9807,MORDEDURA O ATAQUE DE COCODRILO O CAIMAN: INSTITUCION RESIDENCIAL
W582,9808,"MORDEDURA O ATAQUE DE COCODRILO O CAIMAN: ESCUELAS, OTRAS INSTITUCIONES Y AREAS ADMINISTRATIVAS PUBLICAS"
W583,9809,MORDEDURA O ATAQUE DE COCODRILO O CAIMAN: AREAS DE DEPORTE Y ATLETISMO
W584,9810,MORDEDURA O ATAQUE DE COCODRILO O CAIMAN: CALLES Y CARRETERAS
W585,9811,MORDEDURA O ATAQUE DE COCODRILO O CAIMAN: COMERCIO Y AREAS DE SERVICIO
W586,9812,MORDEDURA O ATAQUE DE COCODRILO O CAIMAN: AREA INDUSTRIAL Y DE LA CONSTRUCCION
W587,9813,MORDEDURA O ATAQUE DE COCODRILO O CAIMAN: GRANJA
W588,9814,MORDEDURA O ATAQUE DE COCODRILO O CAIMAN: OTRO LUGAR ESPECIFICADO
W589,9815,MORDEDURA O ATAQUE DE COCODRILO O CAIMAN: LUGAR NO ESPECIFICADO
W590,9816,MORDEDURA O APLASTAMIENTO POR OTROS REPTILES: VIVIENDA
W591,9817,MORDEDURA O APLASTAMIENTO POR OTROS REPTILES: INSTITUCION RESIDENCIAL
W592,9818,"MORDEDURA O APLASTAMIENTO POR OTROS REPTILES: ESCUELAS, OTRAS INSTITUCIONES Y AREAS ADMINISTRATIVAS PUBLICAS"
W593,9819,MORDEDURA O APLASTAMIENTO POR OTROS REPTILES: AREAS DE DEPORTE Y ATLETISMO
W594,9820,MORDEDURA O APLASTAMIENTO POR OTROS REPTILES: CALLES Y CARRETERAS
W595,9821,MORDEDURA O APLASTAMIENTO POR OTROS REPTILES: COMERCIO Y AREAS DE SERVICIO
W596,9822,MORDEDURA O APLASTAMIENTO POR OTROS REPTILES: AREA INDUSTRIAL Y DE LA CONSTRUCCION
W597,9823,MORDEDURA O APLASTAMIENTO POR OTROS REPTILES: GRANJA
W598,9824,MORDEDURA O APLASTAMIENTO POR OTROS REPTILES: OTRO LUGAR ESPECIFICADO
W599,9825,MORDEDURA O APLASTAMIENTO POR OTROS REPTILES: LUGAR NO ESPECIFICADO
W600,9826,"CONTACTO TRAUMATICO CON AGUIJONES, ESPINAS U HOJAS CORTANTES DE PLANTAS: VIVIENDA"
W601,9827,"CONTACTO TRAUMATICO CON AGUIJONES, ESPINAS U HOJAS CORTANTES DE PLANTAS: INSTITUCION RESIDENCIAL"
W602,9828,"CONTACTO TRAUMATICO CON AGUIJONES, ESPINAS U HOJAS CORTANTES DE PLANTAS: ESCUELAS, OTRAS INSTITUCIONES Y AREAS ADMINISTRATIVAS PUBLICAS"
W603,9829,"CONTACTO TRAUMATICO CON AGUIJONES, ESPINAS U HOJAS CORTANTES DE PLANTAS: AREAS DE DEPORTE Y ATLETISMO"
W604,9830,"CONTACTO TRAUMATICO CON AGUIJONES, ESPINAS U HOJAS CORTANTES DE PLANTAS: CALLES Y CARRETERAS"
W605,9831,"CONTACTO TRAUMATICO CON AGUIJONES, ESPINAS U HOJAS CORTANTES DE PLANTAS: COMERCIO Y AREAS DE SERVICIO"
W606,9832,"CONTACTO TRAUMATICO CON AGUIJONES, ESPINAS U HOJAS CORTANTES DE PLANTAS: AREA INDUSTRIAL Y DE LA CONSTRUCCION"
W607,9833,"CONTACTO TRAUMATICO CON AGUIJONES, ESPINAS U HOJAS CORTANTES DE PLANTAS: GRANJA"
W608,9834,"CONTACTO TRAUMATICO CON AGUIJONES, ESPINAS U HOJAS CORTANTES DE PLANTAS: OTRO LUGAR ESPECIFICADO"
W609,9835,"CONTACTO TRAUMATICO CON AGUIJONES, ESPINAS U HOJAS CORTANTES DE PLANTAS: LUGAR NO ESPECIFICADO"
W640,9836,"EXPOSICION A OTRAS FUERZAS MECANICAS ANIMADAS, Y LAS NO ESPECIFICADAS: VIVIENDA"
W641,9837,"EXPOSICION A OTRAS FUERZAS MECANICAS ANIMADAS, Y LAS NO ESPECIFICADAS: INSTITUCION RESIDENCIAL"
W642,9838,"EXPOSICION A OTRAS FUERZAS MECANICAS ANIMADAS, Y LAS NO ESPECIFICADAS: ESCUELAS, OTRAS INSTITUCIONES Y AREAS ADMINISTRATIVAS PUBLICAS"
W643,9839,"EXPOSICION A OTRAS FUERZAS MECANICAS ANIMADAS, Y LAS NO ESPECIFICADAS: AREAS DE DEPORTE Y ATLETISMO"
W644,9840,"EXPOSICION A OTRAS FUERZAS MECANICAS ANIMADAS, Y LAS NO ESPECIFICADAS: CALLES Y CARRETERAS"
W645,9841,"EXPOSICION A OTRAS FUERZAS MECANICAS ANIMADAS, Y LAS NO ESPECIFICADAS: COMERCIO Y AREAS DE SERVICIO"
W646,9842,"EXPOSICION A OTRAS FUERZAS MECANICAS ANIMADAS, Y LAS NO ESPECIFICADAS: AREA INDUSTRIAL Y DE LA CONSTRUCCION"
W647,9843,"EXPOSICION A OTRAS FUERZAS MECANICAS ANIMADAS, Y LAS NO ESPECIFICADAS: GRANJA"
W648,9844,"EXPOSICION A OTRAS FUERZAS MECANICAS ANIMADAS, Y LAS NO ESPECIFICADAS: OTRO LUGAR ESPECIFICADO"
W649,9845,"EXPOSICION A OTRAS FUERZAS MECANICAS ANIMADAS, Y LAS NO ESPECIFICADAS: LUGAR NO ESPECIFICADO"
W650,9846,AHOGAMIENTO Y SUMERSION MIENTRAS SE ESTA EN LA BAÑERA: VIVIENDA
W651,9847,AHOGAMIENTO Y SUMERSION MIENTRAS SE ESTA EN LA BAÑERA: INSTITUCION RESIDENCIAL
W652,9848,"AHOGAMIENTO Y SUMERSION MIENTRAS SE ESTA EN LA BAÑERA: ESCUELAS, OTRAS INSTITUCIONES Y AREAS ADMINISTRATIVAS PUBLICAS"
W653,9849,AHOGAMIENTO Y SUMERSION MIENTRAS SE ESTA EN LA BAÑERA: AREAS DE DEPORTE Y ATLETISMO
W654,9850,AHOGAMIENTO Y SUMERSION MIENTRAS SE ESTA EN LA BAÑERA: CALLES Y CARRETERAS
W655,9851,AHOGAMIENTO Y SUMERSION MIENTRAS SE ESTA EN LA BAÑERA: COMERCIO Y AREAS DE SERVICIO
W656,9852,AHOGAMIENTO Y SUMERSION MIENTRAS SE ESTA EN LA BAÑERA: AREA INDUSTRIAL Y DE LA CONSTRUCCION
W657,9853,AHOGAMIENTO Y SUMERSION MIENTRAS SE ESTA EN LA BAÑERA: GRANJA
W658,9854,AHOGAMIENTO Y SUMERSION MIENTRAS SE ESTA EN LA BAÑERA: OTRO LUGAR ESPECIFICADO
W659,9855,AHOGAMIENTO Y SUMERSION MIENTRAS SE ESTA EN LA BAÑERA: LUGAR NO ESPECIFICADO
W660,9856,AHOGAMIENTO Y SUMERSION CONSECUTIVOS A CAIDA EN LA BAÑERA: VIVIENDA
W661,9857,AHOGAMIENTO Y SUMERSION CONSECUTIVOS A CAIDA EN LA BAÑERA: INSTITUCION RESIDENCIAL
W662,9858,"AHOGAMIENTO Y SUMERSION CONSECUTIVOS A CAIDA EN LA BAÑERA: ESCUELAS, OTRAS INSTITUCIONES Y AREAS ADMINISTRATIVAS PUBLICAS"
W663,9859,AHOGAMIENTO Y SUMERSION CONSECUTIVOS A CAIDA EN LA BAÑERA: AREAS DE DEPORTE Y ATLETISMO
W664,9860,AHOGAMIENTO Y SUMERSION CONSECUTIVOS A CAIDA EN LA BAÑERA: CALLES Y CARRETERAS
W665,9861,AHOGAMIENTO Y SUMERSION CONSECUTIVOS A CAIDA EN LA BAÑERA: COMERCIO Y AREAS DE SERVICIO
W666,9862,AHOGAMIENTO Y SUMERSION CONSECUTIVOS A CAIDA EN LA BAÑERA: AREA INDUSTRIAL Y DE LA CONSTRUCCION
W667,9863,AHOGAMIENTO Y SUMERSION CONSECUTIVOS A CAIDA EN LA BAÑERA: GRANJA
W668,9864,AHOGAMIENTO Y SUMERSION CONSECUTIVOS A CAIDA EN LA BAÑERA: OTRO LUGAR ESPECIFICADO
W669,9865,AHOGAMIENTO Y SUMERSION CONSECUTIVOS A CAIDA EN LA BAÑERA: LUGAR NO ESPECIFICADO
W670,9866,AHOGAMIENTO Y SUMERSION MIENTRAS SE ESTA EN UNA PISCINA: VIVIENDA
W671,9867,AHOGAMIENTO Y SUMERSION MIENTRAS SE ESTA EN UNA PISCINA: INSTITUCION RESIDENCIAL
W672,9868,"AHOGAMIENTO Y SUMERSION MIENTRAS SE ESTA EN UNA PISCINA: ESCUELAS, OTRAS INSTITUCIONES Y AREAS ADMINISTRATIVAS PUBLICAS"
W673,9869,AHOGAMIENTO Y SUMERSION MIENTRAS SE ESTA EN UNA PISCINA: AREAS DE DEPORTE Y ATLETISMO
W674,9870,AHOGAMIENTO Y SUMERSION MIENTRAS SE ESTA EN UNA PISCINA: CALLES Y CARRETERAS
W675,9871,AHOGAMIENTO Y SUMERSION MIENTRAS SE ESTA EN UNA PISCINA: COMERCIO Y AREAS DE SERVICIO
W676,9872,AHOGAMIENTO Y SUMERSION MIENTRAS SE ESTA EN UNA PISCINA: AREA INDUSTRIAL Y DE LA CONSTRUCCION
W677,9873,AHOGAMIENTO Y SUMERSION MIENTRAS SE ESTA EN UNA PISCINA: GRANJA
W678,9874,AHOGAMIENTO Y SUMERSION MIENTRAS SE ESTA EN UNA PISCINA: OTRO LUGAR ESPECIFICADO
W679,9875,AHOGAMIENTO Y SUMERSION MIENTRAS SE ESTA EN UNA PISCINA: LUGAR NO ESPECIFICADO
W680,9876,AHOGAMIENTO Y SUMERSION CONSECUTIVOS A CAIDA EN UNA PISCINA: VIVIENDA
W681,9877,AHOGAMIENTO Y SUMERSION CONSECUTIVOS A CAIDA EN UNA PISCINA: INSTITUCION RESIDENCIAL
W682,9878,"AHOGAMIENTO Y SUMERSION CONSECUTIVOS A CAIDA EN UNA PISCINA: ESCUELAS, OTRAS INSTITUCIONES Y AREAS ADMINISTRATIVAS PUBLICAS"
W683,9879,AHOGAMIENTO Y SUMERSION CONSECUTIVOS A CAIDA EN UNA PISCINA: AREAS DE DEPORTE Y ATLETISMO
W684,9880,AHOGAMIENTO Y SUMERSION CONSECUTIVOS A CAIDA EN UNA PISCINA: CALLES Y CARRETERAS
W685,9881,AHOGAMIENTO Y SUMERSION CONSECUTIVOS A CAIDA EN UNA PISCINA: COMERCIO Y AREAS DE SERVICIO
W686,9882,AHOGAMIENTO Y SUMERSION CONSECUTIVOS A CAIDA EN UNA PISCINA: AREA INDUSTRIAL Y DE LA CONSTRUCCION
W687,9883,AHOGAMIENTO Y SUMERSION CONSECUTIVOS A CAIDA EN UNA PISCINA: GRANJA
W688,9884,AHOGAMIENTO Y SUMERSION CONSECUTIVOS A CAIDA EN UNA PISCINA: OTRO LUGAR ESPECIFICADO
W689,9885,AHOGAMIENTO Y SUMERSION CONSECUTIVOS A CAIDA EN UNA PISCINA: LUGAR NO ESPECIFICADO
W690,9886,AHOGAMIENTO Y SUMERSION MIENTRAS SE ESTA EN AGUAS NATURALES: VIVIENDA
W691,9887,AHOGAMIENTO Y SUMERSION MIENTRAS SE ESTA EN AGUAS NATURALES: INSTITUCION RESIDENCIAL
W692,9888,"AHOGAMIENTO Y SUMERSION MIENTRAS SE ESTA EN AGUAS NATURALES: ESCUELAS, OTRAS INSTITUCIONES Y AREAS ADMINISTRATIVAS PUBLICAS"
W693,9889,AHOGAMIENTO Y SUMERSION MIENTRAS SE ESTA EN AGUAS NATURALES: AREAS DE DEPORTE Y ATLETISMO
W694,9890,AHOGAMIENTO Y SUMERSION MIENTRAS SE ESTA EN AGUAS NATURALES: CALLES Y CARRETERAS
W695,9891,AHOGAMIENTO Y SUMERSION MIENTRAS SE ESTA EN AGUAS NATURALES: COMERCIO Y AREAS DE SERVICIO
W696,9892,AHOGAMIENTO Y SUMERSION MIENTRAS SE ESTA EN AGUAS NATURALES: AREA INDUSTRIAL Y DE LA CONSTRUCCION
W697,9893,AHOGAMIENTO Y SUMERSION MIENTRAS SE ESTA EN AGUAS NATURALES: GRANJA
W698,9894,AHOGAMIENTO Y SUMERSION MIENTRAS SE ESTA EN AGUAS NATURALES: OTRO LUGAR ESPECIFICADO
W699,9895,AHOGAMIENTO Y SUMERSION MIENTRAS SE ESTA EN AGUAS NATURALES: LUGAR NO ESPECIFICADO
W700,9896,AHOGAMIENTO Y SUMERSION POSTERIOR A CAIDA EN AGUAS NATURALES: VIVIENDA
W701,9897,AHOGAMIENTO Y SUMERSION POSTERIOR A CAIDA EN AGUAS NATURALES: INSTITUCION RESIDENCIAL
W702,9898,"AHOGAMIENTO Y SUMERSION POSTERIOR A CAIDA EN AGUAS NATURALES: ESCUELAS, OTRAS INSTITUCIONES Y AREAS ADMINISTRATIVAS PUBLICAS"
W703,9899,AHOGAMIENTO Y SUMERSION POSTERIOR A CAIDA EN AGUAS NATURALES: AREAS DE DEPORTE Y ATLETISMO
W704,9900,AHOGAMIENTO Y SUMERSION POSTERIOR A CAIDA EN AGUAS NATURALES: CALLES Y CARRETERAS
W705,9901,AHOGAMIENTO Y SUMERSION POSTERIOR A CAIDA EN AGUAS NATURALES: COMERCIO Y AREAS DE SERVICIO
W706,9902,AHOGAMIENTO Y SUMERSION POSTERIOR A CAIDA EN AGUAS NATURALES: AREA INDUSTRIAL Y DE LA CONSTRUCCION
W707,9903,AHOGAMIENTO Y SUMERSION POSTERIOR A CAIDA EN AGUAS NATURALES: GRANJA
W708,9904,AHOGAMIENTO Y SUMERSION POSTERIOR A CAIDA EN AGUAS NATURALES: OTRO LUGAR ESPECIFICADO
W709,9905,AHOGAMIENTO Y SUMERSION POSTERIOR A CAIDA EN AGUAS NATURALES: LUGAR NO ESPECIFICADO
W730,9906,OTROS AHOGAMIENTOS Y SUMERSIONES ESPECIFICADOS: VIVIENDA
W731,9907,OTROS AHOGAMIENTOS Y SUMERSIONES ESPECIFICADOS: INSTITUCION RESIDENCIAL
W732,9908,"OTROS AHOGAMIENTOS Y SUMERSIONES ESPECIFICADOS: ESCUELAS, OTRAS INSTITUCIONES Y AREAS ADMINISTRATIVAS PUBLICAS"
W733,9909,OTROS AHOGAMIENTOS Y SUMERSIONES ESPECIFICADOS: AREAS DE DEPORTE Y ATLETISMO
W734,9910,OTROS AHOGAMIENTOS Y SUMERSIONES ESPECIFICADOS: CALLES Y CARRETERAS
W735,9911,OTROS AHOGAMIENTOS Y SUMERSIONES ESPECIFICADOS: COMERCIO Y AREAS DE SERVICIO
W736,9912,OTROS AHOGAMIENTOS Y SUMERSIONES ESPECIFICADOS: AREA INDUSTRIAL Y DE LA CONSTRUCCION
W737,9913,OTROS AHOGAMIENTOS Y SUMERSIONES ESPECIFICADOS: GRANJA
W738,9914,OTROS AHOGAMIENTOS Y SUMERSIONES ESPECIFICADOS: OTRO LUGAR ESPECIFICADO
W739,9915,OTROS AHOGAMIENTOS Y SUMERSIONES ESPECIFICADOS: LUGAR NO ESPECIFICADO
W740,9916,AHOGAMIENTO Y SUMERSION NO ESPECIFICADOS: VIVIENDA
W741,9917,AHOGAMIENTO Y SUMERSION NO ESPECIFICADOS: INSTITUCION RESIDENCIAL
W742,9918,"AHOGAMIENTO Y SUMERSION NO ESPECIFICADOS: ESCUELAS, OTRAS INSTITUCIONES Y AREAS ADMINISTRATIVAS PUBLICAS"
W743,9919,AHOGAMIENTO Y SUMERSION NO ESPECIFICADOS: AREAS DE DEPORTE Y ATLETISMO
W744,9920,AHOGAMIENTO Y SUMERSION NO ESPECIFICADOS: CALLES Y CARRETERAS
W745,9921,AHOGAMIENTO Y SUMERSION NO ESPECIFICADOS: COMERCIO Y AREAS DE SERVICIO
W746,9922,AHOGAMIENTO Y SUMERSION NO ESPECIFICADOS: AREA INDUSTRIAL Y DE LA CONSTRUCCION
W747,9923,AHOGAMIENTO Y SUMERSION NO ESPECIFICADOS: GRANJA
W748,9924,AHOGAMIENTO Y SUMERSION NO ESPECIFICADOS: OTRO LUGAR ESPECIFICADO
W749,9925,AHOGAMIENTO Y SUMERSION NO ESPECIFICADOS: LUGAR NO ESPECIFICADO
W750,9926,SOFOCACION Y ESTRANGULAMIENTO ACCIDENTAL EN LA CAMA: VIVIENDA
W751,9927,SOFOCACION Y ESTRANGULAMIENTO ACCIDENTAL EN LA CAMA: INSTITUCION RESIDENCIAL
W752,9928,"SOFOCACION Y ESTRANGULAMIENTO ACCIDENTAL EN LA CAMA: ESCUELAS, OTRAS INSTITUCIONES Y AREAS ADMINISTRATIVAS PUBLICAS"
W753,9929,SOFOCACION Y ESTRANGULAMIENTO ACCIDENTAL EN LA CAMA: AREAS DE DEPORTE Y ATLETISMO
W754,9930,SOFOCACION Y ESTRANGULAMIENTO ACCIDENTAL EN LA CAMA: CALLES Y CARRETERAS
W755,9931,SOFOCACION Y ESTRANGULAMIENTO ACCIDENTAL EN LA CAMA: COMERCIO Y AREAS DE SERVICIO
W756,9932,SOFOCACION Y ESTRANGULAMIENTO ACCIDENTAL EN LA CAMA: AREA INDUSTRIAL Y DE LA CONSTRUCCION
W757,9933,SOFOCACION Y ESTRANGULAMIENTO ACCIDENTAL EN LA CAMA: GRANJA
W758,9934,SOFOCACION Y ESTRANGULAMIENTO ACCIDENTAL EN LA CAMA: OTRO LUGAR ESPECIFICADO
W759,9935,SOFOCACION Y ESTRANGULAMIENTO ACCIDENTAL EN LA CAMA: LUGAR NO ESPECIFICADO
W760,9936,OTROS ESTRANGULAMIENTOS Y AHORCAMIENTOS ACCIDENTALES: VIVIENDA
W761,9937,OTROS ESTRANGULAMIENTOS Y AHORCAMIENTOS ACCIDENTALES: INSTITUCION RESIDENCIAL
W762,9938,"OTROS ESTRANGULAMIENTOS Y AHORCAMIENTOS ACCIDENTALES: ESCUELAS, OTRAS INSTITUCIONES Y AREAS ADMINISTRATIVAS PUBLICAS"
W763,9939,OTROS ESTRANGULAMIENTOS Y AHORCAMIENTOS ACCIDENTALES: AREAS DE DEPORTE Y ATLETISMO
W764,9940,OTROS ESTRANGULAMIENTOS Y AHORCAMIENTOS ACCIDENTALES: CALLES Y CARRETERAS
W765,9941,OTROS ESTRANGULAMIENTOS Y AHORCAMIENTOS ACCIDENTALES: COMERCIO Y AREAS DE SERVICIO
W766,9942,OTROS ESTRANGULAMIENTOS Y AHORCAMIENTOS ACCIDENTALES: AREA INDUSTRIAL Y DE LA CONSTRUCCION
W767,9943,OTROS ESTRANGULAMIENTOS Y AHORCAMIENTOS ACCIDENTALES: GRANJA
W768,9944,OTROS ESTRANGULAMIENTOS Y AHORCAMIENTOS ACCIDENTALES: OTRO LUGAR ESPECIFICADO
W769,9945,OTROS ESTRANGULAMIENTOS Y AHORCAMIENTOS ACCIDENTALES: LUGAR NO ESPECIFICADO
W770,9946,"OBSTRUCCION DE LA RESPIRACION DEBIDA A HUNDIMIENTO, CAIDA DE TIERRA U OTRAS SUSTANCIAS: VIVIENDA"
W771,9947,"OBSTRUCCION DE LA RESPIRACION DEBIDA A HUNDIMIENTO, CAIDA DE TIERRA U OTRAS SUSTANCIAS: INSTITUCION RESIDENCIAL"
W772,9948,"OBSTRUCCION DE LA RESPIRACION DEBIDA A HUNDIMIENTO, CAIDA DE TIERRA U OTRAS SUSTANCIAS: ESCUELAS, OTRAS INSTITUCIONES Y AREAS ADMINISTRATIVAS PUBLICAS"
W773,9949,"OBSTRUCCION DE LA RESPIRACION DEBIDA A HUNDIMIENTO, CAIDA DE TIERRA U OTRAS SUSTANCIAS: AREAS DE DEPORTE Y ATLETISMO"
W774,9950,"OBSTRUCCION DE LA RESPIRACION DEBIDA A HUNDIMIENTO, CAIDA DE TIERRA U OTRAS SUSTANCIAS: CALLES Y CARRETERAS"
W775,9951,"OBSTRUCCION DE LA RESPIRACION DEBIDA A HUNDIMIENTO, CAIDA DE TIERRA U OTRAS SUSTANCIAS: COMERCIO Y AREAS DE SERVICIO"
W776,9952,"OBSTRUCCION DE LA RESPIRACION DEBIDA A HUNDIMIENTO, CAIDA DE TIERRA U OTRAS SUSTANCIAS: AREA INDUSTRIAL Y DE LA CONSTRUCCION"
W777,9953,"OBSTRUCCION DE LA RESPIRACION DEBIDA A HUNDIMIENTO, CAIDA DE TIERRA U OTRAS SUSTANCIAS: GRANJA"
W778,9954,"OBSTRUCCION DE LA RESPIRACION DEBIDA A HUNDIMIENTO, CAIDA DE TIERRA U OTRAS SUSTANCIAS: OTRO LUGAR ESPECIFICADO"
W779,9955,"OBSTRUCCION DE LA RESPIRACION DEBIDA A HUNDIMIENTO, CAIDA DE TIERRA U OTRAS SUSTANCIAS: LUGAR NO ESPECIFICADO"
W780,9956,INHALACION DE CONTENIDOS GASTRICOS: VIVIENDA
W781,9957,INHALACION DE CONTENIDOS GASTRICOS: INSTITUCION RESIDENCIAL
W782,9958,"INHALACION DE CONTENIDOS GASTRICOS: ESCUELAS, OTRAS INSTITUCIONES Y AREAS ADMINISTRATIVAS PUBLICAS"
W783,9959,INHALACION DE CONTENIDOS GASTRICOS: AREAS DE DEPORTE Y ATLETISMO
W784,9960,INHALACION DE CONTENIDOS GASTRICOS: CALLES Y CARRETERAS
W785,9961,INHALACION DE CONTENIDOS GASTRICOS: COMERCIO Y AREAS DE SERVICIO
W786,9962,INHALACION DE CONTENIDOS GASTRICOS: AREA INDUSTRIAL Y DE LA CONSTRUCCION
W787,9963,INHALACION DE CONTENIDOS GASTRICOS: GRANJA
W788,9964,INHALACION DE CONTENIDOS GASTRICOS: OTRO LUGAR ESPECIFICADO
W789,9965,INHALACION DE CONTENIDOS GASTRICOS: LUGAR NO ESPECIFICADO
W790,9966,INHALACION E INGESTION DE ALIMENTO QUE CAUSA OBSTRUCCION DE LAS VIAS RESPIRATORIAS: VIVIENDA
W791,9967,INHALACION E INGESTION DE ALIMENTO QUE CAUSA OBSTRUCCION DE LAS VIAS RESPIRATORIAS: INSTITUCION RESIDENCIAL
W792,9968,"INHALACION E INGESTION DE ALIMENTO QUE CAUSA OBSTRUCCION DE LAS VIAS RESPIRATORIAS: ESCUELAS, OTRAS INSTITUCIONES Y AREAS ADMINISTRATIVAS PUBLICAS"
W793,9969,INHALACION E INGESTION DE ALIMENTO QUE CAUSA OBSTRUCCION DE LAS VIAS RESPIRATORIAS: AREAS DE DEPORTE Y ATLETISMO
W794,9970,INHALACION E INGESTION DE ALIMENTO QUE CAUSA OBSTRUCCION DE LAS VIAS RESPIRATORIAS: CALLES Y CARRETERAS
W795,9971,INHALACION E INGESTION DE ALIMENTO QUE CAUSA OBSTRUCCION DE LAS VIAS RESPIRATORIAS: COMERCIO Y AREAS DE SERVICIO
W796,9972,INHALACION E INGESTION DE ALIMENTO QUE CAUSA OBSTRUCCION DE LAS VIAS RESPIRATORIAS: AREA INDUSTRIAL Y DE LA CONSTRUCCION
W797,9973,INHALACION E INGESTION DE ALIMENTO QUE CAUSA OBSTRUCCION DE LAS VIAS RESPIRATORIAS: GRANJA
W798,9974,INHALACION E INGESTION DE ALIMENTO QUE CAUSA OBSTRUCCION DE LAS VIAS RESPIRATORIAS: OTRO LUGAR ESPECIFICADO
W799,9975,INHALACION E INGESTION DE ALIMENTO QUE CAUSA OBSTRUCCION DE LAS VIAS RESPIRATORIAS: LUGAR NO ESPECIFICADO
W800,9976,INHALACION E INGESTION DE OTROS OBJETOS QUE CAUSAN OBSTRUCCION DE LAS VIAS RESPIRATORIAS: VIVIENDA
W801,9977,INHALACION E INGESTION DE OTROS OBJETOS QUE CAUSAN OBSTRUCCION DE LAS VIAS RESPIRATORIAS: INSTITUCION RESIDENCIAL
W802,9978,"INHALACION E INGESTION DE OTROS OBJETOS QUE CAUSAN OBSTRUCCION DE LAS VIAS RESPIRATORIAS: ESCUELAS, OTRAS INSTITUCIONES Y AREAS ADMINISTRATIVAS PUBLICAS"
W803,9979,INHALACION E INGESTION DE OTROS OBJETOS QUE CAUSAN OBSTRUCCION DE LAS VIAS RESPIRATORIAS: AREAS DE DEPORTE Y ATLETISMO
W804,9980,INHALACION E INGESTION DE OTROS OBJETOS QUE CAUSAN OBSTRUCCION DE LAS VIAS RESPIRATORIAS: CALLES Y CARRETERAS
W805,9981,INHALACION E INGESTION DE OTROS OBJETOS QUE CAUSAN OBSTRUCCION DE LAS VIAS RESPIRATORIAS: COMERCIO Y AREAS DE SERVICIO
W806,9982,INHALACION E INGESTION DE OTROS OBJETOS QUE CAUSAN OBSTRUCCION DE LAS VIAS RESPIRATORIAS: AREA INDUSTRIAL Y DE LA CONSTRUCCION
W807,9983,INHALACION E INGESTION DE OTROS OBJETOS QUE CAUSAN OBSTRUCCION DE LAS VIAS RESPIRATORIAS: GRANJA
W808,9984,INHALACION E INGESTION DE OTROS OBJETOS QUE CAUSAN OBSTRUCCION DE LAS VIAS RESPIRATORIAS: OTRO LUGAR ESPECIFICADO
W809,9985,INHALACION E INGESTION DE OTROS OBJETOS QUE CAUSAN OBSTRUCCION DE LAS VIAS RESPIRATORIAS: LUGAR NO ESPECIFICADO
W810,9986,CONFINADO O ATRAPADO EN UN AMBIENTE CON BAJO CONTENIDO DE OXIGENO: VIVIENDA
W811,9987,CONFINADO O ATRAPADO EN UN AMBIENTE CON BAJO CONTENIDO DE OXIGENO: INSTITUCION RESIDENCIAL
W812,9988,"CONFINADO O ATRAPADO EN UN AMBIENTE CON BAJO CONTENIDO DE OXIGENO: ESCUELAS, OTRAS INSTITUCIONES Y AREAS ADMINISTRATIVAS PUBLICAS"
W813,9989,CONFINADO O ATRAPADO EN UN AMBIENTE CON BAJO CONTENIDO DE OXIGENO: AREAS DE DEPORTE Y ATLETISMO
W814,9990,CONFINADO O ATRAPADO EN UN AMBIENTE CON BAJO CONTENIDO DE OXIGENO: CALLES Y CARRETERAS
W815,9991,CONFINADO O ATRAPADO EN UN AMBIENTE CON BAJO CONTENIDO DE OXIGENO: COMERCIO Y AREAS DE SERVICIO
W816,9992,CONFINADO O ATRAPADO EN UN AMBIENTE CON BAJO CONTENIDO DE OXIGENO: AREA INDUSTRIAL Y DE LA CONSTRUCCION
W817,9993,CONFINADO O ATRAPADO EN UN AMBIENTE CON BAJO CONTENIDO DE OXIGENO: GRANJA
W818,9994,CONFINADO O ATRAPADO EN UN AMBIENTE CON BAJO CONTENIDO DE OXIGENO: OTRO LUGAR ESPECIFICADO
W819,9995,CONFINADO O ATRAPADO EN UN AMBIENTE CON BAJO CONTENIDO DE OXIGENO: LUGAR NO ESPECIFICADO
W830,9996,OTRAS OBSTRUCCIONES ESPECIFICADAS DE LA RESPIRACION: VIVIENDA
W831,9997,OTRAS OBSTRUCCIONES ESPECIFICADAS DE LA RESPIRACION: INSTITUCION RESIDENCIAL
W832,9998,"OTRAS OBSTRUCCIONES ESPECIFICADAS DE LA RESPIRACION: ESCUELAS, OTRAS INSTITUCIONES Y AREAS ADMINISTRATIVAS PUBLICAS"
W833,9999,OTRAS OBSTRUCCIONES ESPECIFICADAS DE LA RESPIRACION: AREAS DE DEPORTE Y ATLETISMO
W834,10000,OTRAS OBSTRUCCIONES ESPECIFICADAS DE LA RESPIRACION: CALLES Y CARRETERAS
W835,10001,OTRAS OBSTRUCCIONES ESPECIFICADAS DE LA RESPIRACION: COMERCIO Y AREAS DE SERVICIO
W836,10002,OTRAS OBSTRUCCIONES ESPECIFICADAS DE LA RESPIRACION: AREA INDUSTRIAL Y DE LA CONSTRUCCION
W837,10003,OTRAS OBSTRUCCIONES ESPECIFICADAS DE LA RESPIRACION: GRANJA
W838,10004,OTRAS OBSTRUCCIONES ESPECIFICADAS DE LA RESPIRACION: OTRO LUGAR ESPECIFICADO
W839,10005,OTRAS OBSTRUCCIONES ESPECIFICADAS DE LA RESPIRACION: LUGAR NO ESPECIFICADO
W840,10006,OBSTRUCCIONES NO ESPECIFICADA DE LA RESPIRACION: VIVIENDA
W841,10007,OBSTRUCCIONES NO ESPECIFICADA DE LA RESPIRACION: INSTITUCION RESIDENCIAL
W842,10008,"OBSTRUCCIONES NO ESPECIFICADA DE LA RESPIRACION: ESCUELAS, OTRAS INSTITUCIONES Y AREAS ADMINISTRATIVAS PUBLICAS"
W843,10009,OBSTRUCCIONES NO ESPECIFICADA DE LA RESPIRACION: AREAS DE DEPORTE Y ATLETISMO
W844,10010,OBSTRUCCIONES NO ESPECIFICADA DE LA RESPIRACION: CALLES Y CARRETERAS
W845,10011,OBSTRUCCIONES NO ESPECIFICADA DE LA RESPIRACION: COMERCIO Y AREAS DE SERVICIO
W846,10012,OBSTRUCCIONES NO ESPECIFICADA DE LA RESPIRACION: AREA INDUSTRIAL Y DE LA CONSTRUCCION
W847,10013,OBSTRUCCIONES NO ESPECIFICADA DE LA RESPIRACION: GRANJA
W848,10014,OBSTRUCCIONES NO ESPECIFICADA DE LA RESPIRACION: OTRO LUGAR ESPECIFICADO
W849,10015,OBSTRUCCIONES NO ESPECIFICADA DE LA RESPIRACION: LUGAR NO ESPECIFICADO
W850,10016,EXPOSICION A LINEAS DE TRANSMISION ELECTRICA: VIVIENDA
W851,10017,EXPOSICION A LINEAS DE TRANSMISION ELECTRICA: INSTITUCION RESIDENCIAL
W852,10018,"EXPOSICION A LINEAS DE TRANSMISION ELECTRICA: ESCUELAS, OTRAS INSTITUCIONES Y AREAS ADMINISTRATIVAS PUBLICAS"
W853,10019,EXPOSICION A LINEAS DE TRANSMISION ELECTRICA: AREAS DE DEPORTE Y ATLETISMO
W854,10020,EXPOSICION A LINEAS DE TRANSMISION ELECTRICA: CALLES Y CARRETERAS
W855,10021,EXPOSICION A LINEAS DE TRANSMISION ELECTRICA: COMERCIO Y AREAS DE SERVICIO
W856,10022,EXPOSICION A LINEAS DE TRANSMISION ELECTRICA: AREA INDUSTRIAL Y DE LA CONSTRUCCION
W857,10023,EXPOSICION A LINEAS DE TRANSMISION ELECTRICA: GRANJA
W858,10024,EXPOSICION A LINEAS DE TRANSMISION ELECTRICA: OTRO LUGAR ESPECIFICADO
W859,10025,EXPOSICION A LINEAS DE TRANSMISION ELECTRICA: LUGAR NO ESPECIFICADO
W860,10026,EXPOSICION A OTRAS CORRIENTES ELECTRICAS ESPECIFICADAS: VIVIENDA
W861,10027,EXPOSICION A OTRAS CORRIENTES ELECTRICAS ESPECIFICADAS: INSTITUCION RESIDENCIAL
W862,10028,"EXPOSICION A OTRAS CORRIENTES ELECTRICAS ESPECIFICADAS: ESCUELAS, OTRAS INSTITUCIONES Y AREAS ADMINISTRATIVAS PUBLICAS"
W863,10029,EXPOSICION A OTRAS CORRIENTES ELECTRICAS ESPECIFICADAS: AREAS DE DEPORTE Y ATLETISMO
W864,10030,EXPOSICION A OTRAS CORRIENTES ELECTRICAS ESPECIFICADAS: CALLES Y CARRETERAS
W865,10031,EXPOSICION A OTRAS CORRIENTES ELECTRICAS ESPECIFICADAS: COMERCIO Y AREAS DE SERVICIO
W866,10032,EXPOSICION A OTRAS CORRIENTES ELECTRICAS ESPECIFICADAS: AREA INDUSTRIAL Y DE LA CONSTRUCCION
W867,10033,EXPOSICION A OTRAS CORRIENTES ELECTRICAS ESPECIFICADAS: GRANJA
W868,10034,EXPOSICION A OTRAS CORRIENTES ELECTRICAS ESPECIFICADAS: OTRO LUGAR ESPECIFICADO
W869,10035,EXPOSICION A OTRAS CORRIENTES ELECTRICAS ESPECIFICADAS: LUGAR NO ESPECIFICADO
W870,10036,EXPOSICION A CORRIENTE ELECTRICA NO ESPECIFICADA: VIVIENDA
W871,10037,EXPOSICION A CORRIENTE ELECTRICA NO ESPECIFICADA: INSTITUCION RESIDENCIAL
W872,10038,"EXPOSICION A CORRIENTE ELECTRICA NO ESPECIFICADA: ESCUELAS, OTRAS INSTITUCIONES Y AREAS ADMINISTRATIVAS PUBLICAS"
W873,10039,EXPOSICION A CORRIENTE ELECTRICA NO ESPECIFICADA: AREAS DE DEPORTE Y ATLETISMO
W874,10040,EXPOSICION A CORRIENTE ELECTRICA NO ESPECIFICADA: CALLES Y CARRETERAS
W875,10041,EXPOSICION A CORRIENTE ELECTRICA NO ESPECIFICADA: COMERCIO Y AREAS DE SERVICIO
W876,10042,EXPOSICION A CORRIENTE ELECTRICA NO ESPECIFICADA: AREA INDUSTRIAL Y DE LA CONSTRUCCION
W877,10043,EXPOSICION A CORRIENTE ELECTRICA NO ESPECIFICADA: GRANJA
W878,10044,EXPOSICION A CORRIENTE ELECTRICA NO ESPECIFICADA: OTRO LUGAR ESPECIFICADO
W879,10045,EXPOSICION A CORRIENTE ELECTRICA NO ESPECIFICADA: LUGAR NO ESPECIFICADO
W880,10046,EXPOSICION A RADIACION IONIZANTE: VIVIENDA
W881,10047,EXPOSICION A RADIACION IONIZANTE: INSTITUCION RESIDENCIAL
W882,10048,"EXPOSICION A RADIACION IONIZANTE: ESCUELAS, OTRAS INSTITUCIONES Y AREAS ADMINISTRATIVAS PUBLICAS"
W883,10049,EXPOSICION A RADIACION IONIZANTE: AREAS DE DEPORTE Y ATLETISMO
W884,10050,EXPOSICION A RADIACION IONIZANTE: CALLES Y CARRETERAS
W885,10051,EXPOSICION A RADIACION IONIZANTE: COMERCIO Y AREAS DE SERVICIO
W886,10052,EXPOSICION A RADIACION IONIZANTE: AREA INDUSTRIAL Y DE LA CONSTRUCCION
W887,10053,EXPOSICION A RADIACION IONIZANTE: GRANJA
W888,10054,EXPOSICION A RADIACION IONIZANTE: OTRO LUGAR ESPECIFICADO
W889,10055,EXPOSICION A RADIACION IONIZANTE: LUGAR NO ESPECIFICADO
W890,10056,"EXPOSICION A FUENTE DE LUZ VISIBLE Y ULTRAVIOLETA, DE ORIGEN ARTIFICIAL: VIVIENDA"
W891,10057,"EXPOSICION A FUENTE DE LUZ VISIBLE Y ULTRAVIOLETA, DE ORIGEN ARTIFICIAL: INSTITUCION RESIDENCIAL"
W892,10058,"EXPOSICION A FUENTE DE LUZ VISIBLE Y ULTRAVIOLETA, DE ORIGEN ARTIFICIAL: ESCUELAS, OTRAS INSTITUCIONES Y AREAS ADMINISTRATIVAS PUBLICAS"
W893,10059,"EXPOSICION A FUENTE DE LUZ VISIBLE Y ULTRAVIOLETA, DE ORIGEN ARTIFICIAL: AREAS DE DEPORTE Y ATLETISMO"
W894,10060,"EXPOSICION A FUENTE DE LUZ VISIBLE Y ULTRAVIOLETA, DE ORIGEN ARTIFICIAL: CALLES Y CARRETERAS"
W895,10061,"EXPOSICION A FUENTE DE LUZ VISIBLE Y ULTRAVIOLETA, DE ORIGEN ARTIFICIAL: COMERCIO Y AREAS DE SERVICIO"
W896,10062,"EXPOSICION A FUENTE DE LUZ VISIBLE Y ULTRAVIOLETA, DE ORIGEN ARTIFICIAL: AREA INDUSTRIAL Y DE LA CONSTRUCCION"
W897,10063,"EXPOSICION A FUENTE DE LUZ VISIBLE Y ULTRAVIOLETA, DE ORIGEN ARTIFICIAL: GRANJA"
W898,10064,"EXPOSICION A FUENTE DE LUZ VISIBLE Y ULTRAVIOLETA, DE ORIGEN ARTIFICIAL: OTRO LUGAR ESPECIFICADO"
W899,10065,"EXPOSICION A FUENTE DE LUZ VISIBLE Y ULTRAVIOLETA, DE ORIGEN ARTIFICIAL: LUGAR NO ESPECIFICADO"
W900,10066,EXPOSICION A OTROS TIPOS DE RADIACION NO IONIZANTE: VIVIENDA
W901,10067,EXPOSICION A OTROS TIPOS DE RADIACION NO IONIZANTE: INSTITUCION RESIDENCIAL
W902,10068,"EXPOSICION A OTROS TIPOS DE RADIACION NO IONIZANTE: ESCUELAS, OTRAS INSTITUCIONES Y AREAS ADMINISTRATIVAS PUBLICAS"
W903,10069,EXPOSICION A OTROS TIPOS DE RADIACION NO IONIZANTE: AREAS DE DEPORTE Y ATLETISMO
W904,10070,EXPOSICION A OTROS TIPOS DE RADIACION NO IONIZANTE: CALLES Y CARRETERAS
W905,10071,EXPOSICION A OTROS TIPOS DE RADIACION NO IONIZANTE: COMERCIO Y AREAS DE SERVICIO
W906,10072,EXPOSICION A OTROS TIPOS DE RADIACION NO IONIZANTE: AREA INDUSTRIAL Y DE LA CONSTRUCCION
W907,10073,EXPOSICION A OTROS TIPOS DE RADIACION NO IONIZANTE: GRANJA
W908,10074,EXPOSICION A OTROS TIPOS DE RADIACION NO IONIZANTE: OTRO LUGAR ESPECIFICADO
W909,10075,EXPOSICION A OTROS TIPOS DE RADIACION NO IONIZANTE: LUGAR NO ESPECIFICADO
W910,10076,EXPOSICION A RADIACION DE TIPO NO ESPECIFICADO: VIVIENDA
W911,10077,EXPOSICION A RADIACION DE TIPO NO ESPECIFICADO: INSTITUCION RESIDENCIAL
W912,10078,"EXPOSICION A RADIACION DE TIPO NO ESPECIFICADO: ESCUELAS, OTRAS INSTITUCIONES Y AREAS ADMINISTRATIVAS PUBLICAS"
W913,10079,EXPOSICION A RADIACION DE TIPO NO ESPECIFICADO: AREAS DE DEPORTE Y ATLETISMO
W914,10080,EXPOSICION A RADIACION DE TIPO NO ESPECIFICADO: CALLES Y CARRETERAS
W915,10081,EXPOSICION A RADIACION DE TIPO NO ESPECIFICADO: COMERCIO Y AREAS DE SERVICIO
W916,10082,EXPOSICION A RADIACION DE TIPO NO ESPECIFICADO: AREA INDUSTRIAL Y DE LA CONSTRUCCION
W917,10083,EXPOSICION A RADIACION DE TIPO NO ESPECIFICADO: GRANJA
W918,10084,EXPOSICION A RADIACION DE TIPO NO ESPECIFICADO: OTRO LUGAR ESPECIFICADO
W919,10085,EXPOSICION A RADIACION DE TIPO NO ESPECIFICADO: LUGAR NO ESPECIFICADO
W920,10086,EXPOSICION A CALOR EXCESIVO DE ORIGEN ARTIFICIAL: VIVIENDA
W921,10087,EXPOSICION A CALOR EXCESIVO DE ORIGEN ARTIFICIAL: INSTITUCION RESIDENCIAL
W922,10088,"EXPOSICION A CALOR EXCESIVO DE ORIGEN ARTIFICIAL: ESCUELAS, OTRAS INSTITUCIONES Y AREAS ADMINISTRATIVAS PUBLICAS"
W923,10089,EXPOSICION A CALOR EXCESIVO DE ORIGEN ARTIFICIAL: AREAS DE DEPORTE Y ATLETISMO
W924,10090,EXPOSICION A CALOR EXCESIVO DE ORIGEN ARTIFICIAL: CALLES Y CARRETERAS
W925,10091,EXPOSICION A CALOR EXCESIVO DE ORIGEN ARTIFICIAL: COMERCIO Y AREAS DE SERVICIO
W926,10092,EXPOSICION A CALOR EXCESIVO DE ORIGEN ARTIFICIAL: AREA INDUSTRIAL Y DE LA CONSTRUCCION
W927,10093,EXPOSICION A CALOR EXCESIVO DE ORIGEN ARTIFICIAL: GRANJA
W928,10094,EXPOSICION A CALOR EXCESIVO DE ORIGEN ARTIFICIAL: OTRO LUGAR ESPECIFICADO
W929,10095,EXPOSICION A CALOR EXCESIVO DE ORIGEN ARTIFICIAL: LUGAR NO ESPECIFICADO
W930,10096,EXPOSICION A FRIO EXCESIVO DE ORIGEN ARTIFICIAL: VIVIENDA
W931,10097,EXPOSICION A FRIO EXCESIVO DE ORIGEN ARTIFICIAL: INSTITUCION RESIDENCIAL
W932,10098,"EXPOSICION A FRIO EXCESIVO DE ORIGEN ARTIFICIAL: ESCUELAS, OTRAS INSTITUCIONES Y AREAS ADMINISTRATIVAS PUBLICAS"
W933,10099,EXPOSICION A FRIO EXCESIVO DE ORIGEN ARTIFICIAL: AREAS DE DEPORTE Y ATLETISMO
W934,10100,EXPOSICION A FRIO EXCESIVO DE ORIGEN ARTIFICIAL: CALLES Y CARRETERAS
W935,10101,EXPOSICION A FRIO EXCESIVO DE ORIGEN ARTIFICIAL: COMERCIO Y AREAS DE SERVICIO
W936,10102,EXPOSICION A FRIO EXCESIVO DE ORIGEN ARTIFICIAL: AREA INDUSTRIAL Y DE LA CONSTRUCCION
W937,10103,EXPOSICION A FRIO EXCESIVO DE ORIGEN ARTIFICIAL: GRANJA
W938,10104,EXPOSICION A FRIO EXCESIVO DE ORIGEN ARTIFICIAL: OTRO LUGAR ESPECIFICADO
W939,10105,EXPOSICION A FRIO EXCESIVO DE ORIGEN ARTIFICIAL: LUGAR NO ESPECIFICADO
W940,10106,EXPOSICION A PRESION DE AIRE ALTA Y BAJA Y A CAMBIOS EN LA PRESION DEL AIRE: VIVIENDA
W941,10107,EXPOSICION A PRESION DE AIRE ALTA Y BAJA Y A CAMBIOS EN LA PRESION DEL AIRE: INSTITUCION RESIDENCIAL
W942,10108,"EXPOSICION A PRESION DE AIRE ALTA Y BAJA Y A CAMBIOS EN LA PRESION DEL AIRE: ESCUELAS, OTRAS INSTITUCIONES Y AREAS ADMINISTRATIVAS PUBLICAS"
W943,10109,EXPOSICION A PRESION DE AIRE ALTA Y BAJA Y A CAMBIOS EN LA PRESION DEL AIRE: AREAS DE DEPORTE Y ATLETISMO
W944,10110,EXPOSICION A PRESION DE AIRE ALTA Y BAJA Y A CAMBIOS EN LA PRESION DEL AIRE: CALLES Y CARRETERAS
W945,10111,EXPOSICION A PRESION DE AIRE ALTA Y BAJA Y A CAMBIOS EN LA PRESION DEL AIRE: COMERCIO Y AREAS DE SERVICIO
W946,10112,EXPOSICION A PRESION DE AIRE ALTA Y BAJA Y A CAMBIOS EN LA PRESION DEL AIRE: AREA INDUSTRIAL Y DE LA CONSTRUCCION
W947,10113,EXPOSICION A PRESION DE AIRE ALTA Y BAJA Y A CAMBIOS EN LA PRESION DEL AIRE: GRANJA
W948,10114,EXPOSICION A PRESION DE AIRE ALTA Y BAJA Y A CAMBIOS EN LA PRESION DEL AIRE: OTRO LUGAR ESPECIFICADO
W949,10115,EXPOSICION A PRESION DE AIRE ALTA Y BAJA Y A CAMBIOS EN LA PRESION DEL AIRE: LUGAR NO ESPECIFICADO
W990,10116,"EXPOSICION A OTROS FACTORES AMBIENTALES Y A LOS NO ESPECIFICADOS, DE ORIGEN ARTIFICIAL: VIVIENDA"
W991,10117,"EXPOSICION A OTROS FACTORES AMBIENTALES Y A LOS NO ESPECIFICADOS, DE ORIGEN ARTIFICIAL: INSTITUCION RESIDENCIAL"
W992,10118,"EXPOSICION A OTROS FACTORES AMBIENTALES Y A LOS NO ESPECIFICADOS, DE ORIGEN ARTIFICIAL: ESCUELAS, OTRAS INSTITUCIONES Y AREAS ADMINISTRATIVAS PUBLICAS"
W993,10119,"EXPOSICION A OTROS FACTORES AMBIENTALES Y A LOS NO ESPECIFICADOS, DE ORIGEN ARTIFICIAL: AREAS DE DEPORTE Y ATLETISMO"
W994,10120,"EXPOSICION A OTROS FACTORES AMBIENTALES Y A LOS NO ESPECIFICADOS, DE ORIGEN ARTIFICIAL: CALLES Y CARRETERAS"
W995,10121,"EXPOSICION A OTROS FACTORES AMBIENTALES Y A LOS NO ESPECIFICADOS, DE ORIGEN ARTIFICIAL: COMERCIO Y AREAS DE SERVICIO"
W996,10122,"EXPOSICION A OTROS FACTORES AMBIENTALES Y A LOS NO ESPECIFICADOS, DE ORIGEN ARTIFICIAL: AREA INDUSTRIAL Y DE LA CONSTRUCCION"
W997,10123,"EXPOSICION A OTROS FACTORES AMBIENTALES Y A LOS NO ESPECIFICADOS, DE ORIGEN ARTIFICIAL: GRANJA"
W998,10124,"EXPOSICION A OTROS FACTORES AMBIENTALES Y A LOS NO ESPECIFICADOS, DE ORIGEN ARTIFICIAL: OTRO LUGAR ESPECIFICADO"
W999,10125,"EXPOSICION A OTROS FACTORES AMBIENTALES Y A LOS NO ESPECIFICADOS, DE ORIGEN ARTIFICIAL: LUGAR NO ESPECIFICADO"
X000,10126,EXPOSICION A FUEGO NO CONTROLADO EN EDIFICIO U OTRA CONSTRUCCION: VIVIENDA
X001,10127,EXPOSICION A FUEGO NO CONTROLADO EN EDIFICIO U OTRA CONSTRUCCION: INSTITUCION RESIDENCIAL
X002,10128,"EXPOSICION A FUEGO NO CONTROLADO EN EDIFICIO U OTRA CONSTRUCCION: ESCUELAS, OTRAS INSTITUCIONES Y AREAS ADMINISTRATIVAS PUBLICAS"
X003,10129,EXPOSICION A FUEGO NO CONTROLADO EN EDIFICIO U OTRA CONSTRUCCION: AREAS DE DEPORTE Y ATLETISMO
X004,10130,EXPOSICION A FUEGO NO CONTROLADO EN EDIFICIO U OTRA CONSTRUCCION: CALLES Y CARRETERAS
X005,10131,EXPOSICION A FUEGO NO CONTROLADO EN EDIFICIO U OTRA CONSTRUCCION: COMERCIO Y AREAS DE SERVICIO
X006,10132,EXPOSICION A FUEGO NO CONTROLADO EN EDIFICIO U OTRA CONSTRUCCION: AREA INDUSTRIAL Y DE LA CONSTRUCCION
X007,10133,EXPOSICION A FUEGO NO CONTROLADO EN EDIFICIO U OTRA CONSTRUCCION: GRANJA
X008,10134,EXPOSICION A FUEGO NO CONTROLADO EN EDIFICIO U OTRA CONSTRUCCION: OTRO LUGAR ESPECIFICADO
X009,10135,EXPOSICION A FUEGO NO CONTROLADO EN EDIFICIO U OTRA CONSTRUCCION: LUGAR NO ESPECIFICADO
X010,10136,EXPOSICION A FUEGO NO CONTROLADO EN LUGAR QUE NO ES EDIFICIO U OTRA CONSTRUCCION: VIVIENDA
X011,10137,EXPOSICION A FUEGO NO CONTROLADO EN LUGAR QUE NO ES EDIFICIO U OTRA CONSTRUCCION: INSTITUCION RESIDENCIAL
X012,10138,"EXPOSICION A FUEGO NO CONTROLADO EN LUGAR QUE NO ES EDIFICIO U OTRA CONSTRUCCION: ESCUELAS, OTRAS INSTITUCIONES Y AREAS ADMINISTRATIVAS PUBLICAS"
X013,10139,EXPOSICION A FUEGO NO CONTROLADO EN LUGAR QUE NO ES EDIFICIO U OTRA CONSTRUCCION: AREAS DE DEPORTE Y ATLETISMO
X014,10140,EXPOSICION A FUEGO NO CONTROLADO EN LUGAR QUE NO ES EDIFICIO U OTRA CONSTRUCCION: CALLES Y CARRETERAS
X015,10141,EXPOSICION A FUEGO NO CONTROLADO EN LUGAR QUE NO ES EDIFICIO U OTRA CONSTRUCCION: COMERCIO Y AREAS DE SERVICIO
X016,10142,EXPOSICION A FUEGO NO CONTROLADO EN LUGAR QUE NO ES EDIFICIO U OTRA CONSTRUCCION: AREAS INDUSTRIAL Y DE LA CONSTRUCCION
X017,10143,EXPOSICION A FUEGO NO CONTROLADO EN LUGAR QUE NO ES EDIFICIO U OTRA CONSTRUCCION: GRANJA
X018,10144,EXPOSICION A FUEGO NO CONTROLADO EN LUGAR QUE NO ES EDIFICIO U OTRA CONSTRUCCION: OTRO LUGAR ESPECIFICADO
X019,10145,EXPOSICION A FUEGO NO CONTROLADO EN LUGAR QUE NO ES EDIFICIO U OTRA CONSTRUCCION: LUGAR NO ESPECIFICADO
X020,10146,EXPOSICION A FUEGO CONTROLADO EN EDIFICIO U OTRA CONSTRUCCION: VIVIENDA
X021,10147,EXPOSICION A FUEGO CONTROLADO EN EDIFICIO U OTRA CONSTRUCCION: INSTITUCION RESIDENCIAL
X022,10148,"EXPOSICION A FUEGO CONTROLADO EN EDIFICIO U OTRA CONSTRUCCION: ESCUELAS, OTRAS INSTITUCIONES Y AREAS ADMINISTRATIVAS PUBLICAS"
X023,10149,EXPOSICION A FUEGO CONTROLADO EN EDIFICIO U OTRA CONSTRUCCION: AREAS DE DEPORTE Y ATLETISMO
X024,10150,EXPOSICION A FUEGO CONTROLADO EN EDIFICIO U OTRA CONSTRUCCION: CALLES Y CARRETERAS
X025,10151,EXPOSICION A FUEGO CONTROLADO EN EDIFICIO U OTRA CONSTRUCCION: COMERCIO Y AREA DE SERVICIO
X026,10152,EXPOSICION A FUEGO CONTROLADO EN EDIFICIO U OTRA CONSTRUCCION: AREA INDUSTRIAL Y DE LA CONSTRUCCION
X027,10153,EXPOSICION A FUEGO CONTROLADO EN EDIFICIO U OTRA CONSTRUCCION: GRANJA
X028,10154,EXPOSICION A FUEGO CONTROLADO EN EDIFICIO U OTRA CONSTRUCCION: OTRO LUGAR ESPECIFICADO
X029,10155,EXPOSICION A FUEGO CONTROLADO EN EDIFICIO U OTRA CONSTRUCCION: LUGAR NO ESPECIFICADO
X030,10156,EXPOSICION A FUEGO CONTROLADO EN LUGAR QUE NO ES EDIFICIO U OTRA CONSTRUCCION: VIVIENDA
X031,10157,EXPOSICION A FUEGO CONTROLADO EN LUGAR QUE NO ES EDIFICIO U OTRA CONSTRUCCION: INSTITUCION RESIDENCIAL
X032,10158,"EXPOSICION A FUEGO CONTROLADO EN LUGAR QUE NO ES EDIFICIO U OTRA CONSTRUCCION: ESCUELAS, OTRAS INSTITUCIONES AREAS ADMINISTRATIVAS PUBLICAS"
X033,10159,EXPOSICION A FUEGO CONTROLADO EN LUGAR QUE NO ES EDIFICIO U OTRA CONSTRUCCION: AREAS DE DEPORTE Y ATLETISMO
X034,10160,EXPOSICION A FUEGO CONTROLADO EN LUGAR QUE NO ES EDIFICIO U OTRA CONSTRUCCION: CALLES Y CARRETERAS
X035,10161,EXPOSICION A FUEGO CONTROLADO EN LUGAR QUE NO ES EDIFICIO U OTRA CONSTRUCCION: COMERCIO Y AREAS DE SERVICIO
X036,10162,EXPOSICION A FUEGO CONTROLADO EN LUGAR QUE NO ES EDIFICIO U OTRA CONSTRUCCION: AREA INDUSTRIAL Y DE LA CONSTRUCCION
X037,10163,EXPOSICION A FUEGO CONTROLADO EN LUGAR QUE NO ES EDIFICIO U OTRA CONSTRUCCION: GRANJA
X038,10164,EXPOSICION A FUEGO CONTROLADO EN LUGAR QUE NO ES EDIFICIO U OTRA CONSTRUCCION: OTRO LUGAR ESPECIFICADO
X039,10165,EXPOSICION A FUEGO CONTROLADO EN LUGAR QUE NO ES EDIFICIO U OTRA CONSTRUCCION: LUGAR NO ESPECIFICADO
X040,10166,EXPOSICION A IGNICION DE MATERIAL ALTAMENTE INFLAMABLE: VIVIENDA
X041,10167,EXPOSICION A IGNICION DE MATERIAL ALTAMENTE INFLAMABLE: INSTITUCION RESIDENCIAL
X042,10168,"EXPOSICION A IGNICION DE MATERIAL ALTAMENTE INFLAMABLE: ESCUELAS, OTRAS INSTITUCIONES Y AREAS ADMINISTRATIVAS PUBLICAS"
X043,10169,EXPOSICION A IGNICION DE MATERIAL ALTAMENTE INFLAMABLE: AREAS DE DEPORTE Y ATLETISMO
X044,10170,EXPOSICION A IGNICION DE MATERIAL ALTAMENTE INFLAMABLE: CALLES Y CARRETERAS
X045,10171,EXPOSICION A IGNICION DE MATERIAL ALTAMENTE INFLAMABLE: COMERCIO Y AREAS DE SERVICIO
X046,10172,EXPOSICION A IGNICION DE MATERIAL ALTAMENTE INFLAMABLE: AREA INDUSTRIAL Y DE LA CONSTRUCCION
X047,10173,EXPOSICION A IGNICION DE MATERIAL ALTAMENTE INFLAMABLE: GRANJA
X048,10174,EXPOSICION A IGNICION DE MATERIAL ALTAMENTE INFLAMABLE: OTRO LUGAR ESPECIFICADO
X049,10175,EXPOSICION A IGNICION DE MATERIAL ALTAMENTE INFLAMABLE: LUGAR NO ESPECIFICADO
X050,10176,EXPOSICION A IGNICION O FUSION DE ROPAS DE DORMIR: VIVIENDA
X051,10177,EXPOSICION A IGNICION O FUSION DE ROPAS DE DORMIR: INSTITUCION RESIDENCIAL
X052,10178,"EXPOSICION A IGNICION O FUSION DE ROPAS DE DORMIR: ESCUELAS, OTRAS INSTITUCIONES Y AREAS ADMINISTRATIVAS PUBLICAS"
X053,10179,EXPOSICION A IGNICION O FUSION DE ROPAS DE DORMIR: AREAS DE DEPORTE Y ATLETISMO
X054,10180,EXPOSICION A IGNICION O FUSION DE ROPAS DE DORMIR: CALLES Y CARRETERAS
X055,10181,EXPOSICION A IGNICION O FUSION DE ROPAS DE DORMIR: COMERCIO Y AREA DE SERVICIOS
X056,10182,EXPOSICION A IGNICION O FUSION DE ROPAS DE DORMIR: AREA INDUSTRIAL Y DE LA CONSTRUCCION
X057,10183,EXPOSICION A IGNICION O FUSION DE ROPAS DE DORMIR: GRANJA
X058,10184,EXPOSICION A IGNICION O FUSION DE ROPAS DE DORMIR: OTRO LUGAR ESPECIFICADO
X059,10185,EXPOSICION A IGNICION O FUSION DE ROPAS DE DORMIR: LUGAR NO ESPECIFICADO
X060,10186,EXPOSICION A IGNICION O FUSION DE OTRAS ROPAS Y ACCESORIOS: VIVIENDA
X061,10187,EXPOSICION A IGNICION O FUSION DE OTRAS ROPAS Y ACCESORIOS: INSTITUCION RESIDENCIAL
X062,10188,"EXPOSICION A IGNICION O FUSION DE OTRAS ROPAS Y ACCESORIOS: ESCUELAS, OTRAS INSTITUCIONES Y AREAS ADMINISTRATIVAS PUBLICAS"
X063,10189,EXPOSICION A IGNICION O FUSION DE OTRAS ROPAS Y ACCESORIOS: AREAS DE DEPORTE Y ATLETISMO
X064,10190,EXPOSICION A IGNICION O FUSION DE OTRAS ROPAS Y ACCESORIOS: CALLES Y CARRETERAS
X065,10191,EXPOSICION A IGNICION O FUSION DE OTRAS ROPAS Y ACCESORIOS: COMERCIO Y AREAS DE SERVICIO
X066,10192,EXPOSICION A IGNICION O FUSION DE OTRAS ROPAS Y ACCESORIOS: AREA INDUSTRIAL Y DE LA CONSTRUCCION
X067,10193,EXPOSICION A IGNICION O FUSION DE OTRAS ROPAS Y ACCESORIOS: GRANJA
X068,10194,EXPOSICION A IGNICION O FUSION DE OTRAS ROPAS Y ACCESORIOS: OTRO LUGAR ESPECIFICADO
X069,10195,EXPOSICION A IGNICION O FUSION DE OTRAS ROPAS Y ACCESORIOS: LUGAR NO ESPECIFICADO
X080,10196,"EXPOSICION A OTROS HUMOS, FUEGOS O LLAMAS ESPECIFICADOS: VIVIENDA"
X081,10197,"EXPOSICION A OTROS HUMOS, FUEGOS O LLAMAS ESPECIFICADOS: INSTITUCION RESIDENCIAL"
X082,10198,"EXPOSICION A OTROS HUMOS, FUEGOS O LLAMAS ESPECIFICADOS: ESCUELAS, OTRAS INSTITUCIONES Y AREAS ADMINISTRATIVAS PUBLICAS"
X083,10199,"EXPOSICION A OTROS HUMOS, FUEGOS O LLAMAS ESPECIFICADOS: AREAS DE DEPORTE Y ATLETISMO"
X084,10200,"EXPOSICION A OTROS HUMOS, FUEGOS O LLAMAS ESPECIFICADOS: CALLES Y CARRETERAS"
X085,10201,"EXPOSICION A OTROS HUMOS, FUEGOS O LLAMAS ESPECIFICADOS: COMERCIO Y AREAS DE SERVICIO"
X086,10202,"EXPOSICION A OTROS HUMOS, FUEGOS O LLAMAS ESPECIFICADOS: AREA INDUSTRIAL Y DE LA CONSTRUCCION"
X087,10203,"EXPOSICION A OTROS HUMOS, FUEGOS O LLAMAS ESPECIFICADOS: GRANJA"
X088,10204,"EXPOSICION A OTROS HUMOS, FUEGOS O LLAMAS ESPECIFICADOS: OTRO LUGAR ESPECIFICADO"
X089,10205,"EXPOSICION A OTROS HUMOS, FUEGOS O LLAMAS ESPECIFICADOS: LUGAR NO ESPECIFICADO"
X090,10206,"EXPOSICION A HUMOS, FUEGOS O LLAMAS NO ESPECIFICADOS: VIVIENDA"
X091,10207,"EXPOSICION A HUMOS, FUEGOS O LLAMAS NO ESPECIFICADOS: INSTITUCION RESIDENCIAL"
X092,10208,"EXPOSICION A HUMOS, FUEGOS O LLAMAS NO ESPECIFICADOS: ESCUELAS, OTRAS INSTITUCIONES Y AREAS ADMINISTRATIVAS PUBLICAS"
X093,10209,"EXPOSICION A HUMOS, FUEGOS O LLAMAS NO ESPECIFICADOS: AREAS DE DEPORTE Y ATLETISMO"
X094,10210,"EXPOSICION A HUMOS, FUEGOS O LLAMAS NO ESPECIFICADOS: CALLES Y CARRETERAS"
X095,10211,"EXPOSICION A HUMOS, FUEGOS O LLAMAS NO ESPECIFICADOS: COMERCIO Y AREAS DE SERVICIO"
X096,10212,"EXPOSICION A HUMOS, FUEGOS O LLAMAS NO ESPECIFICADOS: AREA INDUSTRIAL Y DE LA CONSTRUCCION"
X097,10213,"EXPOSICION A HUMOS, FUEGOS O LLAMAS NO ESPECIFICADOS: GRANJA"
X098,10214,"EXPOSICION A HUMOS, FUEGOS O LLAMAS NO ESPECIFICADOS: OTRO LUGAR ESPECIFICADO"
X099,10215,"EXPOSICION A HUMOS, FUEGOS O LLAMAS NO ESPECIFICADOS: LUGAR NO ESPECIFICADO"
X100,10216,"CONTACTO CON BEBIDAS, ALIMENTOS, GRASAS Y ACEITES PARA COCINAR, CALIENTES: VIVIENDA"
X101,10217,"CONTACTO CON BEBIDAS, ALIMENTOS, GRASAS Y ACEITES PARA COCINAR, CALIENTES: INSTITUCION RESIDENCIAL"
X102,10218,"CONTACTO CON BEBIDAS, ALIMENTOS, GRASAS Y ACEITES PARA COCINAR, CALIENTES: ESCUELAS, OTRAS INSTITUCIONES Y AREAS ADMINISTRATIVAS PUBLICAS"
X103,10219,"CONTACTO CON BEBIDAS, ALIMENTOS, GRASAS Y ACEITES PARA COCINAR, CALIENTES: AREAS DE DEPORTE Y ATLETISMO"
X104,10220,"CONTACTO CON BEBIDAS, ALIMENTOS, GRASAS Y ACEITES PARA COCINAR, CALIENTES: CALLES Y CARRETERAS"
X105,10221,"CONTACTO CON BEBIDAS, ALIMENTOS, GRASAS Y ACEITES PARA COCINAR, CALIENTES: COMERCIO Y AREAS DE SERVICIO"
X106,10222,"CONTACTO CON BEBIDAS, ALIMENTOS, GRASAS Y ACEITES PARA COCINAR, CALIENTES: AREA INDUSTRIAL Y DE LA CONSTRUCCION"
X107,10223,"CONTACTO CON BEBIDAS, ALIMENTOS, GRASAS Y ACEITES PARA COCINAR, CALIENTES: GRANJA"
X108,10224,"CONTACTO CON BEBIDAS, ALIMENTOS, GRASAS Y ACEITES PARA COCINAR, CALIENTES: OTRO LUGAR ESPECIFICADO"
X109,10225,"CONTACTO CON BEBIDAS, ALIMENTOS, GRASAS Y ACEITES PARA COCINAR, CALIENTES: LUGAR NO ESPECIFICADO"
X110,10226,CONTACTO CON AGUA CALIENTE CORRIENTE: VIVIENDA
X111,10227,CONTACTO CON AGUA CALIENTE CORRIENTE: INSTITUCION RESIDENCIAL
X112,10228,"CONTACTO CON AGUA CALIENTE CORRIENTE: ESCUELAS, OTRAS INSTITUCIONES Y AREAS ADMINISTRATIVAS PUBLICAS"
X113,10229,CONTACTO CON AGUA CALIENTE CORRIENTE: AREAS DE DEPORTE Y ATLETISMO
X114,10230,CONTACTO CON AGUA CALIENTE CORRIENTE: CALLES Y CARRETERAS
X115,10231,CONTACTO CON AGUA CALIENTE CORRIENTE: COMERCIO Y AREAS DE SERVICIO
X116,10232,CONTACTO CON AGUA CALIENTE CORRIENTE: AREA INDUSTRIAL Y DE LA CONSTRUCCION
X117,10233,CONTACTO CON AGUA CALIENTE CORRIENTE: GRANJA
X118,10234,CONTACTO CON AGUA CALIENTE CORRIENTE: OTRO LUGAR ESPECIFICADO
X119,10235,CONTACTO CON AGUA CALIENTE CORRIENTE: LUGAR NO ESPECIFICADO
X120,10236,CONTACTO CON OTROS LIQUIDOS CALIENTES: VIVIENDA
X121,10237,CONTACTO CON OTROS LIQUIDOS CALIENTES: INSTITUCION RESIDENCIAL
X122,10238,"CONTACTO CON OTROS LIQUIDOS CALIENTES: ESCUELAS, OTRAS INSTITUCIONES Y AREAS ADMINISTRATIVAS PUBLICAS"
X123,10239,CONTACTO CON OTROS LIQUIDOS CALIENTES: AREAS DE DEPORTE Y ATLETISMO
X124,10240,CONTACTO CON OTROS LIQUIDOS CALIENTES: CALLES Y CARRETERAS
X125,10241,CONTACTO CON OTROS LIQUIDOS CALIENTES: COMERCIO Y AREAS DE SERVICIO
X126,10242,CONTACTO CON OTROS LIQUIDOS CALIENTES: AREA INDUSTRIAL Y DE LA CONSTRUCCION
X127,10243,CONTACTO CON OTROS LIQUIDOS CALIENTES: GRANJA
X128,10244,CONTACTO CON OTROS LIQUIDOS CALIENTES: OTRO LUGAR ESPECIFICADO
X129,10245,CONTACTO CON OTROS LIQUIDOS CALIENTES: LUGAR NO ESPECIFICADO
X130,10246,CONTACTO CON VAPOR DE AGUA Y OTROS VAPORES CALIENTES: VIVIENDA
X131,10247,CONTACTO CON VAPOR DE AGUA Y OTROS VAPORES CALIENTES: INSTITUCION RESIDENCIAL
X132,10248,"CONTACTO CON VAPOR DE AGUA Y OTROS VAPORES CALIENTES: ESCUELAS, OTRAS INSTITUCIONES Y AREAS ADMINISTRATIVAS PUBLICAS"
X133,10249,CONTACTO CON VAPOR DE AGUA Y OTROS VAPORES CALIENTES: AREAS DE DEPORTE Y ATLETISMO
X134,10250,CONTACTO CON VAPOR DE AGUA Y OTROS VAPORES CALIENTES: CALLES Y CARRETERAS
X135,10251,CONTACTO CON VAPOR DE AGUA Y OTROS VAPORES CALIENTES: COMERCIO Y AREAS DE SERVICIO
X136,10252,CONTACTO CON VAPOR DE AGUA Y OTROS VAPORES CALIENTES: AREA INDUSTRIAL Y DE LA CONSTRUCCION
X137,10253,CONTACTO CON VAPOR DE AGUA Y OTROS VAPORES CALIENTES: GRANJA
X138,10254,CONTACTO CON VAPOR DE AGUA Y OTROS VAPORES CALIENTES: OTRO LUGAR ESPECIFICADO
X139,10255,CONTACTO CON VAPOR DE AGUA Y OTROS VAPORES CALIENTES: LUGAR NO ESPECIFICADO
X140,10256,CONTACTO CON AIRE Y GASES CALIENTES: VIVIENDA
X141,10257,CONTACTO CON AIRE Y GASES CALIENTES: INSTITUCION RESIDENCIAL
X142,10258,"CONTACTO CON AIRE Y GASES CALIENTES: ESCUELAS, OTRAS INSTITUCIONES Y AREAS ADMINISTRATIVAS PUBLICAS"
X143,10259,CONTACTO CON AIRE Y GASES CALIENTES: AREAS DE DEPORTE Y ATLETISMO
X144,10260,CONTACTO CON AIRE Y GASES CALIENTES: CALLES Y CARRETERAS
X145,10261,CONTACTO CON AIRE Y GASES CALIENTES: COMERCIO Y AREAS DE SERVICIO
X146,10262,CONTACTO CON AIRE Y GASES CALIENTES: AREA INDUSTRIAL Y DE LA CONSTRUCCION
X147,10263,CONTACTO CON AIRE Y GASES CALIENTES: GRANJA
X148,10264,CONTACTO CON AIRE Y GASES CALIENTES: OTRO LUGAR ESPECIFICADO
X149,10265,CONTACTO CON AIRE Y GASES CALIENTES: LUGAR NO ESPECIFICADO
X150,10266,CONTACTO CON UTENSILIOS DOMESTICOS CALIENTES: VIVIENDA
X151,10267,CONTACTO CON UTENSILIOS DOMESTICOS CALIENTES: INSTITUCION RESIDENCIAL
X152,10268,"CONTACTO CON UTENSILIOS DOMESTICOS CALIENTES: ESCUELAS, OTRAS INSTITUCIONES Y AREAS ADMINISTRATIVAS PUBLICAS"
X153,10269,CONTACTO CON UTENSILIOS DOMESTICOS CALIENTES: AREAS DE DEPORTE Y ATLETISMO
X154,10270,CONTACTO CON UTENSILIOS DOMESTICOS CALIENTES: CALLES Y CARRETERAS
X155,10271,CONTACTO CON UTENSILIOS DOMESTICOS CALIENTES: COMERCIO Y AREAS DE SERVICIO
X156,10272,CONTACTO CON UTENSILIOS DOMESTICOS CALIENTES: AREA INDUSTRIAL Y DE LA CONSTRUCCION
X157,10273,CONTACTO CON UTENSILIOS DOMESTICOS CALIENTES: GRANJA
X158,10274,CONTACTO CON UTENSILIOS DOMESTICOS CALIENTES OTRO LUGAR ESPECIFICADO:
X159,10275,CONTACTO CON UTENSILIOS DOMESTICOS CALIENTES: LUGAR NO ESPECIFICADO
X160,10276,"CONTACTO CON RADIADORES, CAÑERIAS Y ARTEFACTOS PARA CALEFACCION, CALIENTES: VIVIENDA"
X161,10277,"CONTACTO CON RADIADORES, CAÑERIAS Y ARTEFACTOS PARA CALEFACCION, CALIENTES: INSTITUCION RESIDENCIAL"
X162,10278,"CONTACTO CON RADIADORES, CAÑERIAS Y ARTEFACTOS PARA CALEFACCION, CALIENTES: ESCUELAS, OTRAS INSTITUCIONES Y AREAS ADMINISTRATIVAS PUBLICAS"
X163,10279,"CONTACTO CON RADIADORES, CAÑERIAS Y ARTEFACTOS PARA CALEFACCION, CALIENTES: AREAS DE DEPORTE Y ATLETISMO"
X164,10280,"CONTACTO CON RADIADORES, CAÑERIAS Y ARTEFACTOS PARA CALEFACCION, CALIENTES: CALLES Y CARRETERAS"
X165,10281,"CONTACTO CON RADIADORES, CAÑERIAS Y ARTEFACTOS PARA CALEFACCION, CALIENTES: COMERCIO Y AREAS DE SERVICIO"
X166,10282,"CONTACTO CON RADIADORES, CAÑERIAS Y ARTEFACTOS PARA CALEFACCION, CALIENTES: AREA INDUSTRIAL Y DE LA CONSTRUCCION"
X167,10283,"CONTACTO CON RADIADORES, CAÑERIAS Y ARTEFACTOS PARA CALEFACCION, CALIENTES: GRANJA"
X168,10284,"CONTACTO CON RADIADORES, CAÑERIAS Y ARTEFACTOS PARA CALEFACCION, CALIENTES: OTRO LUGAR ESPECIFICADO"
X169,10285,"CONTACTO CON RADIADORES, CAÑERIAS Y ARTEFACTOS PARA CALEFACCION, CALIENTES: LUGAR NO ESPECIFICADO"
X170,10286,"CONTACTO CON MAQUINAS, MOTORES Y HERRAMIENTAS CALIENTES: VIVIENDA"
X171,10287,"CONTACTO CON MAQUINAS, MOTORES Y HERRAMIENTAS CALIENTES: INSTITUCION RESIDENCIAL"
X172,10288,"CONTACTO CON MAQUINAS, MOTORES Y HERRAMIENTAS CALIENTES: ESCUELAS, OTRAS INSTITUCIONES Y AREAS ADMINISTRATIVAS PUBLICAS"
X173,10289,"CONTACTO CON MAQUINAS, MOTORES Y HERRAMIENTAS CALIENTES: AREAS DE DEPORTE Y ATLETISMO"
X174,10290,"CONTACTO CON MAQUINAS, MOTORES Y HERRAMIENTAS CALIENTES: CALLES Y CARRETERAS"
X175,10291,"CONTACTO CON MAQUINAS, MOTORES Y HERRAMIENTAS CALIENTES: COMERCIO Y AREAS DE SERVICIO"
X176,10292,"CONTACTO CON MAQUINAS, MOTORES Y HERRAMIENTAS CALIENTES: AREA INDUSTRIAL Y DE LA CONSTRUCCION"
X177,10293,"CONTACTO CON MAQUINAS, MOTORES Y HERRAMIENTAS CALIENTES: GRANJA"
X178,10294,"CONTACTO CON MAQUINAS, MOTORES Y HERRAMIENTAS CALIENTES: OTRO LUGAR ESPECIFICADO"
X179,10295,"CONTACTO CON MAQUINAS, MOTORES Y HERRAMIENTAS CALIENTES: LUGAR NO ESPECIFICADO"
X180,10296,CONTACTO CON OTROS METALES CALIENTES: VIVIENDA
X181,10297,CONTACTO CON OTROS METALES CALIENTES: INSTITUCION RESIDENCIAL
X182,10298,"CONTACTO CON OTROS METALES CALIENTES: ESCUELAS, OTRAS INSTITUCIONES Y AREAS ADMINISTRATIVAS PUBLICAS"
X183,10299,CONTACTO CON OTROS METALES CALIENTES: AREAS DE DEPORTE Y ATLETISMO
X184,10300,CONTACTO CON OTROS METALES CALIENTES: CALLES Y CARRETERAS
X185,10301,CONTACTO CON OTROS METALES CALIENTES: COMERCIO Y AREAS DE SERVICIO
X186,10302,CONTACTO CON OTROS METALES CALIENTES: AREA INDUSTRIAL Y DE LA CONSTRUCCION
X187,10303,CONTACTO CON OTROS METALES CALIENTES: GRANJA
X188,10304,CONTACTO CON OTROS METALES CALIENTES: OTRO LUGAR ESPECIFICADO
X189,10305,CONTACTO CON OTROS METALES CALIENTES: LUGAR NO ESPECIFICADO
X190,10306,"CONTACTO CON OTRAS SUSTANCIAS CALIENTES, Y LAS NO ESPECIFICADAS: VIVIENDA"
X191,10307,"CONTACTO CON OTRAS SUSTANCIAS CALIENTES, Y LAS NO ESPECIFICADAS: INSTITUCION RESIDENCIAL"
X192,10308,"CONTACTO CON OTRAS SUSTANCIAS CALIENTES, Y LAS NO ESPECIFICADAS: ESCUELAS, OTRAS INSTITUCIONES Y AREAS ADMINISTRATIVAS PUBLICAS"
X193,10309,"CONTACTO CON OTRAS SUSTANCIAS CALIENTES, Y LAS NO ESPECIFICADAS: AREAS DE DEPORTE Y ATLETISMO"
X194,10310,"CONTACTO CON OTRAS SUSTANCIAS CALIENTES, Y LAS NO ESPECIFICADAS: CALLES Y CARRETERAS"
X195,10311,"CONTACTO CON OTRAS SUSTANCIAS CALIENTES, Y LAS NO ESPECIFICADAS: COMERCIO Y AREAS DE SERVICIO"
X196,10312,"CONTACTO CON OTRAS SUSTANCIAS CALIENTES, Y LAS NO ESPECIFICADAS: AREA INDUSTRIAL Y DE LA CONSTRUCCION"
X197,10313,"CONTACTO CON OTRAS SUSTANCIAS CALIENTES, Y LAS NO ESPECIFICADAS: GRANJA"
X198,10314,"CONTACTO CON OTRAS SUSTANCIAS CALIENTES, Y LAS NO ESPECIFICADAS: OTRO LUGAR ESPECIFICADO"
X199,10315,"CONTACTO CON OTRAS SUSTANCIAS CALIENTES, Y LAS NO ESPECIFICADAS: LUGAR NO ESPECIFICADO"
X200,10316,CONTACTO TRAUMATICO CON SERPIENTES Y LAGARTOS VENENOSOS: VIVIENDA
X201,10317,CONTACTO TRAUMATICO CON SERPIENTES Y LAGARTOS VENENOSOS: INSTITUCION RESIDENCIAL
X202,10318,"CONTACTO TRAUMATICO CON SERPIENTES Y LAGARTOS VENENOSOS: ESCUELAS, OTRAS INSTITUCIONES Y AREAS ADMINISTRATIVAS PUBLICAS"
X203,10319,CONTACTO TRAUMATICO CON SERPIENTES Y LAGARTOS VENENOSOS: AREAS DE DEPORTE Y ATLETISMO
X204,10320,CONTACTO TRAUMATICO CON SERPIENTES Y LAGARTOS VENENOSOS: CALLES Y CARRETERAS
X205,10321,CONTACTO TRAUMATICO CON SERPIENTES Y LAGARTOS VENENOSOS: COMERCIO Y AREAS DE SERVICIO
X206,10322,CONTACTO TRAUMATICO CON SERPIENTES Y LAGARTOS VENENOSOS: AREA INDUSTRIAL Y DE LA CONSTRUCCION
X207,10323,CONTACTO TRAUMATICO CON SERPIENTES Y LAGARTOS VENENOSOS: GRANJA
X208,10324,CONTACTO TRAUMATICO CON SERPIENTES Y LAGARTOS VENENOSOS: OTRO LUGAR ESPECIFICADO
X209,10325,CONTACTO TRAUMATICO CON SERPIENTES Y LAGARTOS VENENOSOS: LUGAR NO ESPECIFICADO
X210,10326,CONTACTO TRAUMATICO CON ARAÑAS VENENOSAS: VIVIENDA
X211,10327,CONTACTO TRAUMATICO CON ARAÑAS VENENOSAS: INSTITUCION RESIDENCIAL
X212,10328,"CONTACTO TRAUMATICO CON ARAÑAS VENENOSAS: ESCUELAS, OTRAS INSTITUCIONES Y AREAS ADMINISTRATIVAS PUBLICAS"
X213,10329,CONTACTO TRAUMATICO CON ARAÑAS VENENOSAS: AREAS DE DEPORTE Y ATLETISMO
X214,10330,CONTACTO TRAUMATICO CON ARAÑAS VENENOSAS: CALLES Y CARRETERAS
X215,10331,CONTACTO TRAUMATICO CON ARAÑAS VENENOSAS: COMERCIO Y AREAS DE SERVICIO
X216,10332,CONTACTO TRAUMATICO CON ARAÑAS VENENOSAS: AREA INDUSTRIAL Y DE LA CONSTRUCCION
X217,10333,CONTACTO TRAUMATICO CON ARAÑAS VENENOSAS: GRANJA
X218,10334,CONTACTO TRAUMATICO CON ARAÑAS VENENOSAS: OTRO LUGAR ESPECIFICADO
X219,10335,CONTACTO TRAUMATICO CON ARAÑAS VENENOSAS: LUGAR NO ESPECIFICADO
X220,10336,CONTACTO TRAUMATICO CON ESCORPION: VIVIENDA
X221,10337,CONTACTO TRAUMATICO CON ESCORPION: INSTITUCION RESIDENCIAL
X222,10338,"CONTACTO TRAUMATICO CON ESCORPION: ESCUELAS, OTRAS INSTITUCIONES Y AREAS ADMINISTRATIVAS PUBLICAS"
X223,10339,CONTACTO TRAUMATICO CON ESCORPION: AREAS DE DEPORTE Y ATLETISMO
X224,10340,CONTACTO TRAUMATICO CON ESCORPION: CALLES Y CARRETERAS
X225,10341,CONTACTO TRAUMATICO CON ESCORPION: COMERCIO Y AREAS DE SERVICIO
X226,10342,CONTACTO TRAUMATICO CON ESCORPION: AREA INDUSTRIAL Y DE LA CONSTRUCCION
X227,10343,CONTACTO TRAUMATICO CON ESCORPION: GRANJA
X228,10344,CONTACTO TRAUMATICO CON ESCORPION: OTRO LUGAR ESPECIFICADO
X229,10345,CONTACTO TRAUMATICO CON ESCORPION: LUGAR NO ESPECIFICADO
X230,10346,"CONTACTO TRAUMATICO CON AVISPONES, AVISPAS Y ABEJAS: VIVIENDA"
X231,10347,"CONTACTO TRAUMATICO CON AVISPONES, AVISPAS Y ABEJAS: INSTITUCION RESIDENCIAL"
X232,10348,"CONTACTO TRAUMATICO CON AVISPONES, AVISPAS Y ABEJAS: ESCUELAS, OTRAS INSTITUCIONES Y AREAS ADMINISTRATIVAS PUBLICAS"
X233,10349,"CONTACTO TRAUMATICO CON AVISPONES, AVISPAS Y ABEJAS: AREAS DE DEPORTE Y ATLETISMO"
X234,10350,"CONTACTO TRAUMATICO CON AVISPONES, AVISPAS Y ABEJAS: CALLES Y CARRETERAS"
X235,10351,"CONTACTO TRAUMATICO CON AVISPONES, AVISPAS Y ABEJAS: COMERCIO Y AREAS DE SERVICIO"
X236,10352,"CONTACTO TRAUMATICO CON AVISPONES, AVISPAS Y ABEJAS: AREA INDUSTRIAL Y DE LA CONSTRUCCION"
X237,10353,"CONTACTO TRAUMATICO CON AVISPONES, AVISPAS Y ABEJAS: GRANJA"
X238,10354,"CONTACTO TRAUMATICO CON AVISPONES, AVISPAS Y ABEJAS: OTRO LUGAR ESPECIFICADO"
X239,10355,"CONTACTO TRAUMATICO CON AVISPONES, AVISPAS Y ABEJAS: LUGAR NO ESPECIFICADO"
X240,10356,CONTACTO TRAUMATICO CON CENTIPODOS Y MIRIAPODOS VENENOSOS (TROPICALES): VIVIENDA
X241,10357,CONTACTO TRAUMATICO CON CENTIPODOS Y MIRIAPODOS VENENOSOS (TROPICALES): INSTITUCION RESIDENCIAL
X242,10358,"CONTACTO TRAUMATICO CON CENTIPODOS Y MIRIAPODOS VENENOSOS (TROPICALES): ESCUELAS, OTRAS INSTITUCIONES Y AREAS ADMINISTRATIVAS PUBLICAS"
X243,10359,CONTACTO TRAUMATICO CON CENTIPODOS Y MIRIAPODOS VENENOSOS (TROPICALES): AREAS DE DEPORTE Y ATLETISMO
X244,10360,CONTACTO TRAUMATICO CON CENTIPODOS Y MIRIAPODOS VENENOSOS (TROPICALES): CALLES Y CARRETERAS
X245,10361,CONTACTO TRAUMATICO CON CENTIPODOS Y MIRIAPODOS VENENOSOS (TROPICALES): COMERCIO Y AREAS DE SERVICIO
X246,10362,CONTACTO TRAUMATICO CON CENTIPODOS Y MIRIAPODOS VENENOSOS (TROPICALES): AREA INDUSTRIAL Y DE LA CONSTRUCCION
X247,10363,CONTACTO TRAUMATICO CON CENTIPODOS Y MIRIAPODOS VENENOSOS (TROPICALES): GRANJA
X248,10364,CONTACTO TRAUMATICO CON CENTIPODOS Y MIRIAPODOS VENENOSOS (TROPICALES): OTRO LUGAR ESPECIFICADO
X249,10365,CONTACTO TRAUMATICO CON CENTIPODOS Y MIRIAPODOS VENENOSOS (TROPICALES): LUGAR NO ESPECIFICADO
X250,10366,CONTACTO TRAUMATICO CON OTROS ARTROPODOS VENENOSOS ESPECIFICADOS: VIVIENDA
X251,10367,CONTACTO TRAUMATICO CON OTROS ARTROPODOS VENENOSOS ESPECIFICADOS: INSTITUCION RESIDENCIAL
X252,10368,"CONTACTO TRAUMATICO CON OTROS ARTROPODOS VENENOSOS ESPECIFICADOS: ESCUELAS, OTRAS INSTITUCIONES Y AREAS ADMINISTRATIVAS PUBLICAS"
X253,10369,CONTACTO TRAUMATICO CON OTROS ARTROPODOS VENENOSOS ESPECIFICADOS: AREAS DE DEPORTE Y ATLETISMO
X254,10370,CONTACTO TRAUMATICO CON OTROS ARTROPODOS VENENOSOS ESPECIFICADOS: CALLES Y CARRETERAS
X255,10371,CONTACTO TRAUMATICO CON OTROS ARTROPODOS VENENOSOS ESPECIFICADOS: COMERCIO Y AREAS DE SERVICIO
X256,10372,CONTACTO TRAUMATICO CON OTROS ARTROPODOS VENENOSOS ESPECIFICADOS: AREA INDUSTRIAL Y DE LA CONSTRUCCION
X257,10373,CONTACTO TRAUMATICO CON OTROS ARTROPODOS VENENOSOS ESPECIFICADOS: GRANJA
X258,10374,CONTACTO TRAUMATICO CON OTROS ARTROPODOS VENENOSOS ESPECIFICADOS: OTRO LUGAR ESPECIFICADO
X259,10375,CONTACTO TRAUMATICO CON OTROS ARTROPODOS VENENOSOS ESPECIFICADOS: LUGAR NO ESPECIFICADO
X260,10376,CONTACTO TRAUMATICO CON ANIMALES Y PLANTAS MARINAS VENENOSOS: VIVIENDA
X261,10377,CONTACTO TRAUMATICO CON ANIMALES Y PLANTAS MARINAS VENENOSOS: INSTITUCION RESIDENCIAL
X262,10378,"CONTACTO TRAUMATICO CON ANIMALES Y PLANTAS MARINAS VENENOSOS: ESCUELAS, OTRAS INSTITUCIONES Y AREAS ADMINISTRATIVAS PUBLICAS"
X263,10379,CONTACTO TRAUMATICO CON ANIMALES Y PLANTAS MARINAS VENENOSOS: AREAS DE DEPORTE Y ATLETISMO
X264,10380,CONTACTO TRAUMATICO CON ANIMALES Y PLANTAS MARINAS VENENOSOS: CALLES Y CARRETERAS
X265,10381,CONTACTO TRAUMATICO CON ANIMALES Y PLANTAS MARINAS VENENOSOS: COMERCIO Y AREAS DE SERVICIO
X266,10382,CONTACTO TRAUMATICO CON ANIMALES Y PLANTAS MARINAS VENENOSOS: AREA INDUSTRIAL Y DE LA CONSTRUCCION
X267,10383,CONTACTO TRAUMATICO CON ANIMALES Y PLANTAS MARINAS VENENOSOS: GRANJA
X268,10384,CONTACTO TRAUMATICO CON ANIMALES Y PLANTAS MARINAS VENENOSOS: OTRO LUGAR ESPECIFICADO
X269,10385,CONTACTO TRAUMATICO CON ANIMALES Y PLANTAS MARINAS VENENOSOS: LUGAR NO ESPECIFICADO
X270,10386,CONTACTO TRAUMATICO CON OTROS ANIMALES VENENOSOS ESPECIFICADOS: VIVIENDA
X271,10387,CONTACTO TRAUMATICO CON OTROS ANIMALES VENENOSOS ESPECIFICADOS: INSTITUCION RESIDENCIAL
X272,10388,"CONTACTO TRAUMATICO CON OTROS ANIMALES VENENOSOS ESPECIFICADOS: ESCUELAS, OTRAS INSTITUCIONES Y AREAS ADMINISTRATIVAS PUBLICAS"
X273,10389,CONTACTO TRAUMATICO CON OTROS ANIMALES VENENOSOS ESPECIFICADOS: AREAS DE DEPORTE Y ATLETISMO
X274,10390,CONTACTO TRAUMATICO CON OTROS ANIMALES VENENOSOS ESPECIFICADOS: CALLES Y CARRETERAS
X275,10391,CONTACTO TRAUMATICO CON OTROS ANIMALES VENENOSOS ESPECIFICADOS: COMERCIO Y AREAS DE SERVICIO
X276,10392,CONTACTO TRAUMATICO CON OTROS ANIMALES VENENOSOS ESPECIFICADOS: AREA INDUSTRIAL Y DE LA CONSTRUCCION
X277,10393,CONTACTO TRAUMATICO CON OTROS ANIMALES VENENOSOS ESPECIFICADOS: GRANJA
X278,10394,CONTACTO TRAUMATICO CON OTROS ANIMALES VENENOSOS ESPECIFICADOS: OTRO LUGAR ESPECIFICADO
X279,10395,CONTACTO TRAUMATICO CON OTROS ANIMALES VENENOSOS ESPECIFICADOS: LUGAR NO ESPECIFICADO
X280,10396,CONTACTO TRAUMATICO CON OTRAS PLANTAS VENENOSAS ESPECIFICADAS: VIVIENDA
X281,10397,CONTACTO TRAUMATICO CON OTRAS PLANTAS VENENOSAS ESPECIFICADAS: INSTITUCION RESIDENCIAL
X282,10398,"CONTACTO TRAUMATICO CON OTRAS PLANTAS VENENOSAS ESPECIFICADAS: ESCUELAS, OTRAS INSTITUCIONES Y AREAS ADMINISTRATIVAS PUBLICAS"
X283,10399,CONTACTO TRAUMATICO CON OTRAS PLANTAS VENENOSAS ESPECIFICADAS: AREAS DE DEPORTE Y ATLETISMO
X284,10400,CONTACTO TRAUMATICO CON OTRAS PLANTAS VENENOSAS ESPECIFICADAS: CALLES Y CARRETERAS
X285,10401,CONTACTO TRAUMATICO CON OTRAS PLANTAS VENENOSAS ESPECIFICADAS: COMERCIO Y AREAS DE SERVICIO
X286,10402,CONTACTO TRAUMATICO CON OTRAS PLANTAS VENENOSAS ESPECIFICADAS: AREA INDUSTRIAL Y DE LA CONSTRUCCION
X287,10403,CONTACTO TRAUMATICO CON OTRAS PLANTAS VENENOSAS ESPECIFICADAS: GRANJA
X288,10404,CONTACTO TRAUMATICO CON OTRAS PLANTAS VENENOSAS ESPECIFICADAS: OTRO LUGAR ESPECIFICADO
X289,10405,CONTACTO TRAUMATICO CON OTRAS PLANTAS VENENOSAS ESPECIFICADAS: LUGAR NO ESPECIFICADO
X290,10406,CONTACTO TRAUMATICO CON ANIMALES Y PLANTAS VENENOSOS NO ESPECIFICADOS: VIVIENDA
X291,10407,CONTACTO TRAUMATICO CON ANIMALES Y PLANTAS VENENOSOS NO ESPECIFICADOS: INSTITUCION RESIDENCIAL
X292,10408,"CONTACTO TRAUMATICO CON ANIMALES Y PLANTAS VENENOSOS NO ESPECIFICADOS: ESCUELAS, OTRAS INSTITUCIONES Y AREAS ADMINISTRATIVAS PUBLICAS"
X293,10409,CONTACTO TRAUMATICO CON ANIMALES Y PLANTAS VENENOSOS NO ESPECIFICADOS: AREAS DE DEPORTE Y ATLETISMO
X294,10410,CONTACTO TRAUMATICO CON ANIMALES Y PLANTAS VENENOSOS NO ESPECIFICADOS: CALLES Y CARRETERAS
X295,10411,CONTACTO TRAUMATICO CON ANIMALES Y PLANTAS VENENOSOS NO ESPECIFICADOS: COMERCIO Y AREAS DE SERVICIO
X296,10412,CONTACTO TRAUMATICO CON ANIMALES Y PLANTAS VENENOSOS NO ESPECIFICADOS: AREA INDUSTRIAL Y DE LA CONSTRUCCION
X297,10413,CONTACTO TRAUMATICO CON ANIMALES Y PLANTAS VENENOSOS NO ESPECIFICADOS: GRANJA
X298,10414,CONTACTO TRAUMATICO CON ANIMALES Y PLANTAS VENENOSOS NO ESPECIFICADOS: OTRO LUGAR ESPECIFICADO
X299,10415,CONTACTO TRAUMATICO CON ANIMALES Y PLANTAS VENENOSOS NO ESPECIFICADOS: LUGAR NO ESPECIFICADO
X300,10416,EXPOSICION AL CALOR NATURAL EXCESIVO: VIVIENDA
X301,10417,EXPOSICION AL CALOR NATURAL EXCESIVO: INSTITUCION RESIDENCIAL
X302,10418,"EXPOSICION AL CALOR NATURAL EXCESIVO: ESCUELAS, OTRAS INSTITUCIONES Y AREAS ADMINISTRATIVAS PUBLICAS"
X303,10419,EXPOSICION AL CALOR NATURAL EXCESIVO: AREAS DE DEPORTE Y ATLETISMO
X304,10420,EXPOSICION AL CALOR NATURAL EXCESIVO: CALLES Y CARRETERAS
X305,10421,EXPOSICION AL CALOR NATURAL EXCESIVO: COMERCIO Y AREAS DE SERVICIO
X306,10422,EXPOSICION AL CALOR NATURAL EXCESIVO: AREA INDUSTRIAL Y DE LA CONSTRUCCION
X307,10423,EXPOSICION AL CALOR NATURAL EXCESIVO: GRANJA
X308,10424,EXPOSICION AL CALOR NATURAL EXCESIVO: OTRO LUGAR ESPECIFICADO
X309,10425,EXPOSICION AL CALOR NATURAL EXCESIVO: LUGAR NO ESPECIFICADO
X310,10426,EXPOSICION AL FRIO NATURAL EXCESIVO: VIVIENDA
X311,10427,EXPOSICION AL FRIO NATURAL EXCESIVO: INSTITUCION RESIDENCIAL
X312,10428,"EXPOSICION AL FRIO NATURAL EXCESIVO: ESCUELAS, OTRAS INSTITUCIONES Y AREAS ADMINISTRATIVAS PUBLICAS"
X313,10429,EXPOSICION AL FRIO NATURAL EXCESIVO: AREAS DE DEPORTE Y ATLETISMO
X314,10430,EXPOSICION AL FRIO NATURAL EXCESIVO: CALLES Y CARRETERAS
X315,10431,EXPOSICION AL FRIO NATURAL EXCESIVO: COMERCIO Y AREAS DE SERVICIO
X316,10432,EXPOSICION AL FRIO NATURAL EXCESIVO: AREA INDUSTRIAL Y DE LA CONSTRUCCION
X317,10433,EXPOSICION AL FRIO NATURAL EXCESIVO: GRANJA
X318,10434,EXPOSICION AL FRIO NATURAL EXCESIVO: OTRO LUGAR ESPECIFICADO
X319,10435,EXPOSICION AL FRIO NATURAL EXCESIVO: LUGAR NO ESPECIFICADO
X320,10436,EXPOSICION A RAYOS SOLARES: VIVIENDA
X321,10437,EXPOSICION A RAYOS SOLARES: INSTITUCION RESIDENCIAL
X322,10438,"EXPOSICION A RAYOS SOLARES: ESCUELAS, OTRAS INSTITUCIONES Y AREAS ADMINISTRATIVAS PUBLICAS"
X323,10439,EXPOSICION A RAYOS SOLARES: AREAS DE DEPORTE Y ATLETISMO
X324,10440,EXPOSICION A RAYOS SOLARES: CALLES Y CARRETERAS
X325,10441,EXPOSICION A RAYOS SOLARES: COMERCIO Y AREAS DE SERVICIO
X326,10442,EXPOSICION A RAYOS SOLARES: AREA INDUSTRIAL Y DE LA CONSTRUCCION
X327,10443,EXPOSICION A RAYOS SOLARES: GRANJA
X328,10444,EXPOSICION A RAYOS SOLARES: OTRO LUGAR ESPECIFICADO
X329,10445,EXPOSICION A RAYOS SOLARES: LUGAR NO ESPECIFICADO
X330,10446,VICTIMA DE RAYO: VIVIENDA
X331,10447,VICTIMA DE RAYO: INSTITUCION RESIDENCIAL
X332,10448,"VICTIMA DE RAYO: ESCUELAS, OTRAS INSTITUCIONES Y AREAS ADMINISTRATIVAS PUBLICAS"
X333,10449,VICTIMA DE RAYO: AREAS DE DEPORTE Y ATLETISMO
X334,10450,VICTIMA DE RAYO: CALLES Y CARRETERAS
X335,10451,VICTIMA DE RAYO: COMERCIO Y AREAS DE SERVICIO
X336,10452,VICTIMA DE RAYO: AREA INDUSTRIAL Y DE LA CONSTRUCCION
X337,10453,VICTIMA DE RAYO: GRANJA
X338,10454,VICTIMA DE RAYO: OTRO LUGAR ESPECIFICADO
X339,10455,VICTIMA DE RAYO: LUGAR NO ESPECIFICADO
X340,10456,VICTIMA DE TERREMOTO: VIVIENDA
X341,10457,VICTIMA DE TERREMOTO: INSTITUCION RESIDENCIAL
X342,10458,"VICTIMA DE TERREMOTO: ESCUELAS, OTRAS INSTITUCIONES Y AREAS ADMINISTRATIVAS PUBLICAS"
X343,10459,VICTIMA DE TERREMOTO: AREAS DE DEPORTE Y ATLETISMO
X344,10460,VICTIMA DE TERREMOTO: CALLES Y CARRETERAS
X345,10461,VICTIMA DE TERREMOTO: COMERCIO Y AREAS DE SERVICIO
X346,10462,VICTIMA DE TERREMOTO: AREA INDUSTRIAL Y DE LA CONSTRUCCION
X347,10463,VICTIMA DE TERREMOTO: GRANJA
X348,10464,VICTIMA DE TERREMOTO: OTRO LUGAR ESPECIFICADO
X349,10465,VICTIMA DE TERREMOTO: LUGAR NO ESPECIFICADO
X350,10466,VICTIMA DE ERUPCION VOLCANICA: VIVIENDA
X351,10467,VICTIMA DE ERUPCION VOLCANICA: INSTITUCION RESIDENCIAL
X352,10468,"VICTIMA DE ERUPCION VOLCANICA: ESCUELAS, OTRAS INSTITUCIONES Y AREAS ADMINISTRATIVAS PUBLICAS"
X353,10469,VICTIMA DE ERUPCION VOLCANICA: AREAS DE DEPORTE Y ATLETISMO
X354,10470,VICTIMA DE ERUPCION VOLCANICA: CALLES Y CARRETERAS
X355,10471,VICTIMA DE ERUPCION VOLCANICA: COMERCIO Y AREAS DE SERVICIO
X356,10472,VICTIMA DE ERUPCION VOLCANICA: AREA INDUSTRIAL Y DE LA CONSTRUCCION
X357,10473,VICTIMA DE ERUPCION VOLCANICA: GRANJA
X358,10474,VICTIMA DE ERUPCION VOLCANICA: OTRO LUGAR ESPECIFICADO
X359,10475,VICTIMA DE ERUPCION VOLCANICA: LUGAR NO ESPECIFICADO
X360,10476,"VICTIMA DE AVALANCHA, DERRUMBE Y OTROS MOVIMIENTOS DE TIERRA: VIVIENDA"
X361,10477,"VICTIMA DE AVALANCHA, DERRUMBE Y OTROS MOVIMIENTOS DE TIERRA: INSTITUCION RESIDENCIAL"
X362,10478,"VICTIMA DE AVALANCHA, DERRUMBE Y OTROS MOVIMIENTOS DE TIERRA: ESCUELAS, OTRAS INSTITUCIONES Y AREAS ADMINISTRATIVAS PUBLICAS"
X363,10479,"VICTIMA DE AVALANCHA, DERRUMBE Y OTROS MOVIMIENTOS DE TIERRA: AREAS DE DEPORTE Y ATLETISMO"
X364,10480,"VICTIMA DE AVALANCHA, DERRUMBE Y OTROS MOVIMIENTOS DE TIERRA: CALLES Y CARRETERAS"
X365,10481,"VICTIMA DE AVALANCHA, DERRUMBE Y OTROS MOVIMIENTOS DE TIERRA: COMERCIO Y AREAS DE SERVICIO"
X366,10482,"VICTIMA DE AVALANCHA, DERRUMBE Y OTROS MOVIMIENTOS DE TIERRA: AREA INDUSTRIAL Y DE LA CONSTRUCCION"
X367,10483,"VICTIMA DE AVALANCHA, DERRUMBE Y OTROS MOVIMIENTOS DE TIERRA: GRANJA"
X368,10484,"VICTIMA DE AVALANCHA, DERRUMBE Y OTROS MOVIMIENTOS DE TIERRA: OTRO LUGAR ESPECIFICADO"
X369,10485,"VICTIMA DE AVALANCHA, DERRUMBE Y OTROS MOVIMIENTOS DE TIERRA: LUGAR NO ESPECIFICADO"
X370,10486,VICTIMA DE TORMENTA CATACLISMICA: VIVIENDA
X371,10487,VICTIMA DE TORMENTA CATACLISMICA: INSTITUCION RESIDENCIAL
X372,10488,"VICTIMA DE TORMENTA CATACLISMICA: ESCUELAS, OTRAS INSTITUCIONES Y AREAS ADMINISTRATIVAS PUBLICAS"
X373,10489,VICTIMA DE TORMENTA CATACLISMICA: AREAS DE DEPORTE Y ATLETISMO
X374,10490,VICTIMA DE TORMENTA CATACLISMICA: CALLES Y CARRETERAS
X375,10491,VICTIMA DE TORMENTA CATACLISMICA: COMERCIO Y AREAS DE SERVICIO
X376,10492,VICTIMA DE TORMENTA CATACLISMICA: AREA INDUSTRIAL Y DE LA CONSTRUCCION
X377,10493,VICTIMA DE TORMENTA CATACLISMICA: GRANJA
X378,10494,VICTIMA DE TORMENTA CATACLISMICA: OTRO LUGAR ESPECIFICADO
X379,10495,VICTIMA DE TORMENTA CATACLISMICA: LUGAR NO ESPECIFICADO
X380,10496,VICTIMA DE INUNDACION: VIVIENDA
X381,10497,VICTIMA DE INUNDACION: INSTITUCION RESIDENCIAL
X382,10498,"VICTIMA DE INUNDACION: ESCUELAS, OTRAS INSTITUCIONES Y AREAS ADMINISTRATIVAS PUBLICAS"
X383,10499,VICTIMA DE INUNDACION: AREAS DE DEPORTE Y ATLETISMO
X384,10500,VICTIMA DE INUNDACION: CALLES Y CARRETERAS
X385,10501,VICTIMA DE INUNDACION: COMERCIO Y AREAS DE SERVICIO
X386,10502,VICTIMA DE INUNDACION: AREA INDUSTRIAL Y DE LA CONSTRUCCION
X387,10503,VICTIMA DE INUNDACION: GRANJA
X388,10504,VICTIMA DE INUNDACION: OTRO LUGAR ESPECIFICADO
X389,10505,VICTIMA DE INUNDACION: LUGAR NO ESPECIFICADO
X390,10506,"EXPOSICION A OTRAS FUERZAS DE LA NATURALEZA, Y LAS NO ESPECIFICADAS: VIVIENDA"
X391,10507,"EXPOSICION A OTRAS FUERZAS DE LA NATURALEZA, Y LAS NO ESPECIFICADAS: INSTITUCION RESIDENCIAL"
X392,10508,"EXPOSICION A OTRAS FUERZAS DE LA NATURALEZA, Y LAS NO ESPECIFICADAS: ESCUELAS, OTRAS INSTITUCIONES Y AREAS ADMINISTRATIVAS PUBLICAS"
X393,10509,"EXPOSICION A OTRAS FUERZAS DE LA NATURALEZA, Y LAS NO ESPECIFICADAS: AREAS DE DEPORTE Y ATLETISMO"
X394,10510,"EXPOSICION A OTRAS FUERZAS DE LA NATURALEZA, Y LAS NO ESPECIFICADAS: CALLES Y CARRETERAS"
X395,10511,"EXPOSICION A OTRAS FUERZAS DE LA NATURALEZA, Y LAS NO ESPECIFICADAS: COMERCIO Y AREAS DE SERVICIO"
X396,10512,"EXPOSICION A OTRAS FUERZAS DE LA NATURALEZA, Y LAS NO ESPECIFICADAS: AREA INDUSTRIAL Y DE LA CONSTRUCCION"
X397,10513,"EXPOSICION A OTRAS FUERZAS DE LA NATURALEZA, Y LAS NO ESPECIFICADAS: GRANJA"
X398,10514,"EXPOSICION A OTRAS FUERZAS DE LA NATURALEZA, Y LAS NO ESPECIFICADAS: OTRO LUGAR ESPECIFICADO"
X399,10515,"EXPOSICION A OTRAS FUERZAS DE LA NATURALEZA, Y LAS NO ESPECIFICADAS: LUGAR NO ESPECIFICADO"
X400,10516,"ENVENENAMIENTO ACCIDENTAL POR, Y EXPOSICION A ANALGESICOS NO NARCOTICOS, ANTIPIRETICOS Y ANTIRREUMATICOS: VIVIENDA"
X401,10517,"ENVENENAMIENTO ACCIDENTAL POR, Y EXPOSICION A ANALGESICOS NO NARCOTICOS, ANTIPIRETICOS Y ANTIRREUMATICOS: INSTITUCION RESIDENCIAL"
X402,10518,"ENVENENAMIENTO ACCIDENTAL POR, Y EXPOSICION A ANALGESICOS NO NARCOTICOS, ANTIPIRETICOS Y ANTIRREUMATICOS: ESCUELAS, OTRAS INSTITUCIONES Y AREAS ADMINISTRATIVAS PUBLICAS"
X403,10519,"ENVENENAMIENTO ACCIDENTAL POR, Y EXPOSICION A ANALGESICOS NO NARCOTICOS, ANTIPIRETICOS Y ANTIRREUMATICOS: AREAS DE DEPORTE Y ATLETISMO"
X404,10520,"ENVENENAMIENTO ACCIDENTAL POR, Y EXPOSICION A ANALGESICOS NO NARCOTICOS, ANTIPIRETICOS Y ANTIRREUMATICOS: CALLES Y CARRETERAS"
X405,10521,"ENVENENAMIENTO ACCIDENTAL POR, Y EXPOSICION A ANALGESICOS NO NARCOTICOS, ANTIPIRETICOS Y ANTIRREUMATICOS: COMERCIO Y AREAS DE SERVICIO"
X406,10522,"ENVENENAMIENTO ACCIDENTAL POR, Y EXPOSICION A ANALGESICOS NO NARCOTICOS, ANTIPIRETICOS Y ANTIRREUMATICOS: AREA INDUSTRIAL Y DE LA CONSTRUCCION"
X407,10523,"ENVENENAMIENTO ACCIDENTAL POR, Y EXPOSICION A ANALGESICOS NO NARCOTICOS, ANTIPIRETICOS Y ANTIRREUMATICOS: GRANJA"
X408,10524,"ENVENENAMIENTO ACCIDENTAL POR, Y EXPOSICION A ANALGESICOS NO NARCOTICOS, ANTIPIRETICOS Y ANTIRREUMATICOS: OTRO LUGAR ESPECIFICADO"
X409,10525,"ENVENENAMIENTO ACCIDENTAL POR, Y EXPOSICION A ANALGESICOS NO NARCOTICOS, ANTIPIRETICOS Y ANTIRREUMATICOS: LUGAR NO ESPECIFICADO"
X410,10526,"ENVENENAMIENTO ACCIDENTAL POR, Y EXPOSICION A DROGAS ANTIEPILEPTICAS, SEDANTES, HIPNOTICAS, ANTIPARKINSONIANAS Y PSICOTROPICAS, NO CLASIFICADAS EN OTRA PARTE: VIVIENDA"
X411,10527,"ENVENENAMIENTO ACCIDENTAL POR, Y EXPOSICION A DROGAS ANTIEPILEPTICAS, SEDANTES, HIPNOTICAS, ANTIPARKINSONIANAS Y PSICOTROPICAS, NO CLASIFICADAS EN OTRA PARTE: INSTITUCION RESIDENCIAL"
X412,10528,"ENVENENAMIENTO ACCIDENTAL POR, Y EXPOSICION A DROGAS ANTIEPILEPTICAS, SEDANTES, HIPNOTICAS, ANTIPARKINSONIANAS Y PSICOTROPICAS, NO CLASIFICADAS EN OTRA PARTE: ESCUELAS, OTRAS INSTITUCIONES Y AREAS ADMINISTRATIVAS PUBLICAS"
X413,10529,"ENVENENAMIENTO ACCIDENTAL POR, Y EXPOSICION A DROGAS ANTIEPILEPTICAS, SEDANTES, HIPNOTICAS, ANTIPARKINSONIANAS Y PSICOTROPICAS, NO CLASIFICADAS EN OTRA PARTE: AREAS DE DEPORTE Y ATLETISMO"
X414,10530,"ENVENENAMIENTO ACCIDENTAL POR, Y EXPOSICION A DROGAS ANTIEPILEPTICAS, SEDANTES, HIPNOTICAS, ANTIPARKINSONIANAS Y PSICOTROPICAS, NO CLASIFICADAS EN OTRA PARTE: CALLES Y CARRETERAS"
X415,10531,"ENVENENAMIENTO ACCIDENTAL POR, Y EXPOSICION A DROGAS ANTIEPILEPTICAS, SEDANTES, HIPNOTICAS, ANTIPARKINSONIANAS Y PSICOTROPICAS, NO CLASIFICADAS EN OTRA PARTE: COMERCIO Y AREA DE SERVICIO"
X416,10532,"ENVENENAMIENTO ACCIDENTAL POR, Y EXPOSICION A DROGAS ANTIEPILEPTICAS, SEDANTES, HIPNOTICAS, ANTIPARKINSONIANAS Y PSICOTROPICAS, NO CLASIFICADAS EN OTRA PARTE: AREA INDUSTRIAL Y DE LA CONSTRUCCION"
X417,10533,"ENVENENAMIENTO ACCIDENTAL POR, Y EXPOSICION A DROGAS ANTIEPILEPTICAS, SEDANTES, HIPNOTICAS, ANTIPARKINSONIANAS Y PSICOTROPICAS, NO CLASIFICADAS EN OTRA PARTE: GRANJA"
X418,10534,"ENVENENAMIENTO ACCIDENTAL POR, Y EXPOSICION A DROGAS ANTIEPILEPTICAS, SEDANTES, HIPNOTICAS, ANTIPARKINSONIANAS Y PSICOTROPICAS, NO CLASIFICADAS EN OTRA PARTE: OTRO LUGAR ESPECIFICADO"
X419,10535,"ENVENENAMIENTO ACCIDENTAL POR, Y EXPOSICION A DROGAS ANTIEPILEPTICAS, SEDANTES, HIPNOTICAS, ANTIPARKINSONIANAS Y PSICOTROPICAS, NO CLASIFICADAS EN OTRA PARTE: LUGAR NO ESPECIFICADO"
X420,10536,"ENVENENAMIENTO ACCIDENTAL POR, Y EXPOSICION A NARCOTICOS Y PSICODISLEPTICOS [ALUCINOGENOS], NO CLASIFICADOS EN OTRA PARTE: VIVIENDA"
X421,10537,"ENVENENAMIENTO ACCIDENTAL POR, Y EXPOSICION A NARCOTICOS Y PSICODISLEPTICOS [ALUCINOGENOS], NO CLASIFICADOS EN OTRA PARTE: INSTITUCION RESIDENCIAL"
X422,10538,"ENVENENAMIENTO ACCIDENTAL POR, Y EXPOSICION A NARCOTICOS Y PSICODISLEPTICOS [ALUCINOGENOS], NO CLASIFICADOS EN OTRA PARTE: ESCUELAS, OTRAS INSTITUCIONES Y AREAS ADMINISTRATIVAS PUBLICAS"
X423,10539,"ENVENENAMIENTO ACCIDENTAL POR, Y EXPOSICION A NARCOTICOS Y PSICODISLEPTICOS [ALUCINOGENOS], NO CLASIFICADOS EN OTRA PARTE: AREAS DE DEPORTE Y ATLETISMO"
X424,10540,"ENVENENAMIENTO ACCIDENTAL POR, Y EXPOSICION A NARCOTICOS Y PSICODISLEPTICOS [ALUCINOGENOS], NO CLASIFICADOS EN OTRA PARTE: CALLES Y CARRETERAS"
X425,10541,"ENVENENAMIENTO ACCIDENTAL POR, Y EXPOSICION A NARCOTICOS Y PSICODISLEPTICOS [ALUCINOGENOS], NO CLASIFICADOS EN OTRA PARTE: COMERCIO Y AREA DE SERVICIOS"
X426,10542,"ENVENENAMIENTO ACCIDENTAL POR, Y EXPOSICION A NARCOTICOS Y PSICODISLEPTICOS [ALUCINOGENOS], NO CLASIFICADOS EN OTRA PARTE: AREA INDUSTRIAL Y DE LA CONSTRUCCION"
X427,10543,"ENVENENAMIENTO ACCIDENTAL POR, Y EXPOSICION A NARCOTICOS Y PSICODISLEPTICOS [ALUCINOGENOS], NO CLASIFICADOS EN OTRA PARTE: GRANJA"
X428,10544,"ENVENENAMIENTO ACCIDENTAL POR, Y EXPOSICION A NARCOTICOS Y PSICODISLEPTICOS [ALUCINOGENOS], NO CLASIFICADOS EN OTRA PARTE: OTRO LUGAR ESPECIFICADO"
X429,10545,"ENVENENAMIENTO ACCIDENTAL POR, Y EXPOSICION A NARCOTICOS Y PSICODISLEPTICOS [ALUCINOGENOS], NO CLASIFICADOS EN OTRA PARTE: LUGAR NO ESPECIFICADO"
X430,10546,"ENVENENAMIENTO ACCIDENTAL POR, Y EXPOSICION A OTRAS DROGAS QUE ACTUAN SOBRE EL SISTEMA NERVIOSO AUTONOMO: VIVIENDA"
X431,10547,"ENVENENAMIENTO ACCIDENTAL POR, Y EXPOSICION A OTRAS DROGAS QUE ACTUAN SOBRE EL SISTEMA NERVIOSO AUTONOMO: INSTITUCION RESIDENCIAL"
X432,10548,"ENVENENAMIENTO ACCIDENTAL POR, Y EXPOSICION A OTRAS DROGAS QUE ACTUAN SOBRE EL SISTEMA NERVIOSO AUTONOMO: ESCUELAS, OTRAS INSTITUCIONES Y AREAS ADMINISTRATIVAS PUBLICAS"
X433,10549,"ENVENENAMIENTO ACCIDENTAL POR, Y EXPOSICION A OTRAS DROGAS QUE ACTUAN SOBRE EL SISTEMA NERVIOSO AUTONOMO: AREAS DE DEPORTE Y ATLETISMO"
X434,10550,"ENVENENAMIENTO ACCIDENTAL POR, Y EXPOSICION A OTRAS DROGAS QUE ACTUAN SOBRE EL SISTEMA NERVIOSO AUTONOMO: CALLES Y CARRETERAS"
X435,10551,"ENVENENAMIENTO ACCIDENTAL POR, Y EXPOSICION A OTRAS DROGAS QUE ACTUAN SOBRE EL SISTEMA NERVIOSO AUTONOMO: COMERCIO Y AREA DE SERVICIO"
X436,10552,"ENVENENAMIENTO ACCIDENTAL POR, Y EXPOSICION A OTRAS DROGAS QUE ACTUAN SOBRE EL SISTEMA NERVIOSO AUTONOMO: AREA INDUSTRIAL Y DE LA CONSTRUCCION"
X437,10553,"ENVENENAMIENTO ACCIDENTAL POR, Y EXPOSICION A OTRAS DROGAS QUE ACTUAN SOBRE EL SISTEMA NERVIOSO AUTONOMO: GRANJA"
X438,10554,"ENVENENAMIENTO ACCIDENTAL POR, Y EXPOSICION A OTRAS DROGAS QUE ACTUAN SOBRE EL SISTEMA NERVIOSO AUTONOMO: OTRO LUGAR ESPECIFICADO"
X439,10555,"ENVENENAMIENTO ACCIDENTAL POR, Y EXPOSICION A OTRAS DROGAS QUE ACTUAN SOBRE EL SISTEMA NERVIOSO AUTONOMO: LUGAR NO ESPECIFICADO"
X440,10556,"ENVENENAMIENTO ACCIDENTAL POR, Y EXPOSICION A OTRAS DROGAS, MEDICAMENTOS Y SUSTANCIAS BIOLOGICAS, Y LOS NO ESPECIFICADOS: VIVIENDA"
X441,10557,"ENVENENAMIENTO ACCIDENTAL POR, Y EXPOSICION A OTRAS DROGAS, MEDICAMENTOS Y SUSTANCIAS BIOLOGICAS, Y LOS NO ESPECIFICADOS: INSTITUCION RESIDENCIAL"
X442,10558,"ENVENENAMIENTO ACCIDENTAL POR, Y EXPOSICION A OTRAS DROGAS, MEDICAMENTOS Y SUSTANCIAS BIOLOGICAS, Y LOS NO ESPECIFICADOS: ESCUELAS, OTRAS INSTITUCIONES Y AREAS ADMINISTRATIVAS PUBLICAS"
X443,10559,"ENVENENAMIENTO ACCIDENTAL POR, Y EXPOSICION A OTRAS DROGAS, MEDICAMENTOS Y SUSTANCIAS BIOLOGICAS, Y LOS NO ESPECIFICADOS: AREAS DE DEPORTE Y ATLETISMO"
X444,10560,"ENVENENAMIENTO ACCIDENTAL POR, Y EXPOSICION A OTRAS DROGAS, MEDICAMENTOS Y SUSTANCIAS BIOLOGICAS, Y LOS NO ESPECIFICADOS: CALLES Y CARRETERAS"
X445,10561,"ENVENENAMIENTO ACCIDENTAL POR, Y EXPOSICION A OTRAS DROGAS, MEDICAMENTOS Y SUSTANCIAS BIOLOGICAS, Y LOS NO ESPECIFICADOS: COMERCIO Y AREA DE SERVICIOS"
X446,10562,"ENVENENAMIENTO ACCIDENTAL POR, Y EXPOSICION A OTRAS DROGAS, MEDICAMENTOS Y SUSTANCIAS BIOLOGICAS, Y LOS NO ESPECIFICADOS: AREA INDUSTRIAL Y DE LA CONSTRUCCION"
X447,10563,"ENVENENAMIENTO ACCIDENTAL POR, Y EXPOSICION A OTRAS DROGAS, MEDICAMENTOS Y SUSTANCIAS BIOLOGICAS, Y LOS NO ESPECIFICADOS: GRANJA"
X448,10564,"ENVENENAMIENTO ACCIDENTAL POR, Y EXPOSICION A OTRAS DROGAS, MEDICAMENTOS Y SUSTANCIAS BIOLOGICAS, Y LOS NO ESPECIFICADOS: OTRO LUGAR ESPECIFICADO"
X449,10565,"ENVENENAMIENTO ACCIDENTAL POR, Y EXPOSICION A OTRAS DROGAS, MEDICAMENTOS Y SUSTANCIAS BIOLOGICAS, Y LOS NO ESPECIFICADOS: LUGAR NO ESPECIFICADO"
X450,10566,"ENVENENAMIENTO ACCIDENTAL POR, Y EXPOSICION AL ALCOHOL: VIVIENDA"
X451,10567,"ENVENENAMIENTO ACCIDENTAL POR, Y EXPOSICION AL ALCOHOL: INSTITUCION RESIDENCIAL"
X452,10568,"ENVENENAMIENTO ACCIDENTAL POR, Y EXPOSICION AL ALCOHOL: ESCUELAS, OTRAS INSTITUCIONES Y AREAS ADMINISTRATIVAS PUBLICAS"
X453,10569,"ENVENENAMIENTO ACCIDENTAL POR, Y EXPOSICION AL ALCOHOL: AREAS DE DEPORTE Y ATLETISMO"
X454,10570,"ENVENENAMIENTO ACCIDENTAL POR, Y EXPOSICION AL ALCOHOL: CALLES Y CARRETERAS"
X455,10571,"ENVENENAMIENTO ACCIDENTAL POR, Y EXPOSICION AL ALCOHOL: COMERCIO Y AREAS DE SERVICIO"
X456,10572,"ENVENENAMIENTO ACCIDENTAL POR, Y EXPOSICION AL ALCOHOL: AREA INDUSTRIAL Y DE LA CONSTRUCCION"
X457,10573,"ENVENENAMIENTO ACCIDENTAL POR, Y EXPOSICION AL ALCOHOL: GRANJA"
X458,10574,"ENVENENAMIENTO ACCIDENTAL POR, Y EXPOSICION AL ALCOHOL: OTRO LUGAR ESPECIFICADO"
X459,10575,"ENVENENAMIENTO ACCIDENTAL POR, Y EXPOSICION AL ALCOHOL: LUGAR NO ESPECIFICADO"
X460,10576,"ENVENENAMIENTO ACCIDENTAL POR, Y EXPOSICION A DISOLVENTES ORGANICOS E HIDROCARBUROS HALOGENADOS Y SUS VAPORES: VIVIENDA"
X461,10577,"ENVENENAMIENTO ACCIDENTAL POR, Y EXPOSICION A DISOLVENTES ORGANICOS E HIDROCARBUROS HALOGENADOS Y SUS VAPORES: INSTITUCION RESIDENCIAL"
X462,10578,"ENVENENAMIENTO ACCIDENTAL POR, Y EXPOSICION A DISOLVENTES ORGANICOS E HIDROCARBUROS HALOGENADOS Y SUS VAPORES: ESCUELAS OTRAS INSTITUCIONES Y AREAS ADMINISTRATIVAS PUBLICAS"
X463,10579,"ENVENENAMIENTO ACCIDENTAL POR, Y EXPOSICION A DISOLVENTES ORGANICOS E HIDROCARBUROS HALOGENADOS Y SUS VAPORES: AREAS DE DEPORTE Y ATLETISMO"
X464,10580,"ENVENENAMIENTO ACCIDENTAL POR, Y EXPOSICION A DISOLVENTES ORGANICOS E HIDROCARBUROS HALOGENADOS Y SUS VAPORES: CALLES Y CARRETERAS"
X465,10581,"ENVENENAMIENTO ACCIDENTAL POR, Y EXPOSICION A DISOLVENTES ORGANICOS E HIDROCARBUROS HALOGENADOS Y SUS VAPORES: COMERCIO Y AREA DE SERVICIOS"
X466,10582,"ENVENENAMIENTO ACCIDENTAL POR, Y EXPOSICION A DISOLVENTES ORGANICOS E HIDROCARBUROS HALOGENADOS Y SUS VAPORES: AREA INDUSTRIAL Y DE LA CONSTRUCCION"
X467,10583,"ENVENENAMIENTO ACCIDENTAL POR, Y EXPOSICION A DISOLVENTES ORGANICOS E HIDROCARBUROS HALOGENADOS Y SUS VAPORES: GRANJA"
X468,10584,"ENVENENAMIENTO ACCIDENTAL POR, Y EXPOSICION A DISOLVENTES ORGANICOS E HIDROCARBUROS HALOGENADOS Y SUS VAPORES: OTRO LUGAR ESPECIFICADO"
X469,10585,"ENVENENAMIENTO ACCIDENTAL POR, Y EXPOSICION A DISOLVENTES ORGANICOS E HIDROCARBUROS HALOGENADOS Y SUS VAPORES: LUGAR NO ESPECIFICADO"
X470,10586,"ENVENENAMIENTO ACCIDENTAL POR, Y EXPOSICION A OTROS GASES Y VAPORES: VIVIENDA"
X471,10587,"ENVENENAMIENTO ACCIDENTAL POR, Y EXPOSICION A OTROS GASES Y VAPORES: INSTITUCION RESIDENCIAL"
X472,10588,"ENVENENAMIENTO ACCIDENTAL POR, Y EXPOSICION A OTROS GASES Y VAPORES: ESCUELAS, OTRAS INSTITUCIONES Y AREAS ADMINISTRATIVAS PUBLICAS"
X473,10589,"ENVENENAMIENTO ACCIDENTAL POR, Y EXPOSICION A OTROS GASES Y VAPORES: AREAS DE DEPORTE Y ATLETISMO"
X474,10590,"ENVENENAMIENTO ACCIDENTAL POR, Y EXPOSICION A OTROS GASES Y VAPORES: CALLES Y CARRETERAS"
X475,10591,"ENVENENAMIENTO ACCIDENTAL POR, Y EXPOSICION A OTROS GASES Y VAPORES: COMERCIO Y AREA DE SERVICIOS"
X476,10592,"ENVENENAMIENTO ACCIDENTAL POR, Y EXPOSICION A OTROS GASES Y VAPORES: AREA INDUSTRIAL Y DE LA CONSTRUCCION"
X477,10593,"ENVENENAMIENTO ACCIDENTAL POR, Y EXPOSICION A OTROS GASES Y VAPORES: GRANJA"
X478,10594,"ENVENENAMIENTO ACCIDENTAL POR, Y EXPOSICION A OTROS GASES Y VAPORES: OTRO LUGAR ESPECIFICADO"
X479,10595,"ENVENENAMIENTO ACCIDENTAL POR, Y EXPOSICION A OTROS GASES Y VAPORES: LUGAR NO ESPECIFICADO"
X480,10596,"ENVENENAMIENTO ACCIDENTAL POR, Y EXPOSICION A PLAGUICIDAS: VIVIENDA"
X481,10597,"ENVENENAMIENTO ACCIDENTAL POR, Y EXPOSICION A PLAGUICIDAS: INSTITUCION RESIDENCIAL"
X482,10598,"ENVENENAMIENTO ACCIDENTAL POR, Y EXPOSICION A PLAGUICIDAS: ESCUELAS, OTRAS INSTITUCIONES Y AREAS ADMINISTRATIVAS PUBLICAS"
X483,10599,"ENVENENAMIENTO ACCIDENTAL POR, Y EXPOSICION A PLAGUICIDAS: AREAS DE DEPORTE Y ATLETISMO"
X484,10600,"ENVENENAMIENTO ACCIDENTAL POR, Y EXPOSICION A PLAGUICIDAS: CALLES Y CARRETERA"
X485,10601,"ENVENENAMIENTO ACCIDENTAL POR, Y EXPOSICION A PLAGUICIDAS: COMERCIO Y AREA DE SERVICIOS"
X486,10602,"ENVENENAMIENTO ACCIDENTAL POR, Y EXPOSICION A PLAGUICIDAS: AREA INDUSTRIAL Y DE LA CONSTRUCCION"
X487,10603,"ENVENENAMIENTO ACCIDENTAL POR, Y EXPOSICION A PLAGUICIDAS: GRANJA"
X488,10604,"ENVENENAMIENTO ACCIDENTAL POR, Y EXPOSICION A PLAGUICIDAS: OTRO LUGAR ESPECIFICADO"
X489,10605,"ENVENENAMIENTO ACCIDENTAL POR, Y EXPOSICION A PLAGUICIDAS: LUGAR NO ESPECIFICADO"
X490,10606,"ENVENENAMIENTO ACCIDENTAL POR, Y EXPOSICION A OTROS PRODUCTOS QUIMICOS Y SUSTANCIAS NOCIVAS, Y LOS NO ESPECIFICADOS: VIVIENDA"
X491,10607,"ENVENENAMIENTO ACCIDENTAL POR, Y EXPOSICION A OTROS PRODUCTOS QUIMICOS Y SUSTANCIAS NOCIVAS, Y LOS NO ESPECIFICADOS: INSTITUCION RESIDENCIAL"
X492,10608,"ENVENENAMIENTO ACCIDENTAL POR, Y EXPOSICION A OTROS PRODUCTOS QUIMICOS Y SUSTANCIAS NOCIVAS, Y LOS NO ESPECIFICADOS: ESCUELAS, OTRAS INSTITUCIONES Y AREAS ADMINISTRATIVAS PUBLICAS"
X493,10609,"ENVENENAMIENTO ACCIDENTAL POR, Y EXPOSICION A OTROS PRODUCTOS QUIMICOS Y SUSTANCIAS NOCIVAS, Y LOS NO ESPECIFICADOS: AREAS DE DEPORTE Y ATLETISMO"
X494,10610,"ENVENENAMIENTO ACCIDENTAL POR, Y EXPOSICION A OTROS PRODUCTOS QUIMICOS Y SUSTANCIAS NOCIVAS, Y LOS NO ESPECIFICADOS: CALLES Y CARRETERAS"
X495,10611,"ENVENENAMIENTO ACCIDENTAL POR, Y EXPOSICION A OTROS PRODUCTOS QUIMICOS Y SUSTANCIAS NOCIVAS, Y LOS NO ESPECIFICADOS: COMERCIO Y AREA DE SERVICIOS"
X496,10612,"ENVENENAMIENTO ACCIDENTAL POR, Y EXPOSICION A OTROS PRODUCTOS QUIMICOS Y SUSTANCIAS NOCIVAS, Y LOS NO ESPECIFICADOS: AREA INDUSTRIAL Y DE LA CONSTRUCCION"
X497,10613,"ENVENENAMIENTO ACCIDENTAL POR, Y EXPOSICION A OTROS PRODUCTOS QUIMICOS Y SUSTANCIAS NOCIVAS, Y LOS NO ESPECIFICADOS: GRANJA"
X498,10614,"ENVENENAMIENTO ACCIDENTAL POR, Y EXPOSICION A OTROS PRODUCTOS QUIMICOS Y SUSTANCIAS NOCIVAS, Y LOS NO ESPECIFICADOS: OTRO LUGAR ESPECIFICADO"
X499,10615,"ENVENENAMIENTO ACCIDENTAL POR, Y EXPOSICION A OTROS PRODUCTOS QUIMICOS Y SUSTANCIAS NOCIVAS, Y LOS NO ESPECIFICADOS: LUGAR NO ESPECIFICADO"
X500,10616,EXCESO DE ESFUERZO Y MOVIMIENTOS EXTENUANTES Y REPETITIVOS: VIVIENDA
X501,10617,EXCESO DE ESFUERZO Y MOVIMIENTOS EXTENUANTES Y REPETITIVOS: INSTITUCION RESIDENCIAL
X502,10618,"EXCESO DE ESFUERZO Y MOVIMIENTOS EXTENUANTES Y REPETITIVOS: ESCUELAS, OTRAS INSTITUCIONES Y AREAS ADMINISTRATIVAS PUBLICAS"
X503,10619,EXCESO DE ESFUERZO Y MOVIMIENTOS EXTENUANTES Y REPETITIVOS: AREAS DE DEPORTE Y ATLETISMO
X504,10620,EXCESO DE ESFUERZO Y MOVIMIENTOS EXTENUANTES Y REPETITIVOS: CALLES Y CARRETERAS
X505,10621,EXCESO DE ESFUERZO Y MOVIMIENTOS EXTENUANTES Y REPETITIVOS: COMERCIO Y AREAS DE SERVICIO
X506,10622,EXCESO DE ESFUERZO Y MOVIMIENTOS EXTENUANTES Y REPETITIVOS: AREA INDUSTRIAL Y DE LA CONSTRUCCION
X507,10623,EXCESO DE ESFUERZO Y MOVIMIENTOS EXTENUANTES Y REPETITIVOS: GRANJA
X508,10624,EXCESO DE ESFUERZO Y MOVIMIENTOS EXTENUANTES Y REPETITIVOS: OTRO LUGAR ESPECIFICADO
X509,10625,EXCESO DE ESFUERZO Y MOVIMIENTOS EXTENUANTES Y REPETITIVOS: LUGAR NO ESPECIFICADO
X510,10626,VIAJES Y DESPLAZAMIENTOS: VIVIENDA
X511,10627,VIAJES Y DESPLAZAMIENTOS: INSTITUCION RESIDENCIAL
X512,10628,"VIAJES Y DESPLAZAMIENTOS: ESCUELAS, OTRAS INSTITUCIONES Y AREAS ADMINISTRATIVAS PUBLICAS"
X513,10629,VIAJES Y DESPLAZAMIENTOS: AREAS DE DEPORTE Y ATLETISMO
X514,10630,VIAJES Y DESPLAZAMIENTOS: CALLES Y CARRETERAS
X515,10631,VIAJES Y DESPLAZAMIENTOS: COMERCIO Y AREAS DE SERVICIO
X516,10632,VIAJES Y DESPLAZAMIENTOS: AREA INDUSTRIAL Y DE LA CONSTRUCCION
X517,10633,VIAJES Y DESPLAZAMIENTOS: GRANJA
X518,10634,VIAJES Y DESPLAZAMIENTOS: OTRO LUGAR ESPECIFICADO
X519,10635,VIAJES Y DESPLAZAMIENTOS: LUGAR NO ESPECIFICADO
X520,10636,PERMANENCIA PROLONGADA EN AMBIENTE SIN GRAVEDAD: VIVIENDA
X521,10637,PERMANENCIA PROLONGADA EN AMBIENTE SIN GRAVEDAD: INSTITUCION RESIDENCIAL
X522,10638,"PERMANENCIA PROLONGADA EN AMBIENTE SIN GRAVEDAD: ESCUELAS, OTRAS INSTITUCIONES Y AREAS ADMINISTRATIVAS PUBLICAS"
X523,10639,PERMANENCIA PROLONGADA EN AMBIENTE SIN GRAVEDAD: AREAS DE DEPORTE Y ATLETISMO
X524,10640,PERMANENCIA PROLONGADA EN AMBIENTE SIN GRAVEDAD: CALLES Y CARRETERAS
X525,10641,PERMANENCIA PROLONGADA EN AMBIENTE SIN GRAVEDAD: COMERCIO Y AREAS DE SERVICIO
X526,10642,PERMANENCIA PROLONGADA EN AMBIENTE SIN GRAVEDAD: AREA INDUSTRIAL Y DE LA CONSTRUCCION
X527,10643,PERMANENCIA PROLONGADA EN AMBIENTE SIN GRAVEDAD: GRANJA
X528,10644,PERMANENCIA PROLONGADA EN AMBIENTE SIN GRAVEDAD: OTRO LUGAR ESPECIFICADO
X529,10645,PERMANENCIA PROLONGADA EN AMBIENTE SIN GRAVEDAD: LUGAR NO ESPECIFICADO
X530,10646,PRIVACION DE ALIMENTOS: VIVIENDA
X531,10647,PRIVACION DE ALIMENTOS: INSTITUCION RESIDENCIAL
X532,10648,"PRIVACION DE ALIMENTOS: ESCUELAS, OTRAS INSTITUCIONES Y AREAS ADMINISTRATIVAS PUBLICAS"
X533,10649,PRIVACION DE ALIMENTOS: AREAS DE DEPORTE Y ATLETISMO
X534,10650,PRIVACION DE ALIMENTOS: CALLES Y CARRETERAS
X535,10651,PRIVACION DE ALIMENTOS: COMERCIO Y AREAS DE SERVICIO
X536,10652,PRIVACION DE ALIMENTOS: AREA INDUSTRIAL Y DE LA CONSTRUCCION
X537,10653,PRIVACION DE ALIMENTOS: GRANJA
X538,10654,PRIVACION DE ALIMENTOS: OTRO LUGAR ESPECIFICADO
X539,10655,PRIVACION DE ALIMENTOS: LUGAR NO ESPECIFICADO
X540,10656,PRIVACION DE AGUA: VIVIENDA
X541,10657,PRIVACION DE AGUA: INSTITUCION RESIDENCIAL
X542,10658,"PRIVACION DE AGUA: ESCUELAS, OTRAS INSTITUCIONES Y AREAS ADMINISTRATIVAS PUBLICAS"
X543,10659,PRIVACION DE AGUA: AREAS DE DEPORTE Y ATLETISMO
X544,10660,PRIVACION DE AGUA: CALLES Y CARRETERAS
X545,10661,PRIVACION DE AGUA: COMERCIO Y AREAS DE SERVICIO
X546,10662,PRIVACION DE AGUA: AREA INDUSTRIAL Y DE LA CONSTRUCCION
X547,10663,PRIVACION DE AGUA: GRANJA
X548,10664,PRIVACION DE AGUA: OTRO LUGAR ESPECIFICADO
X549,10665,PRIVACION DE AGUA: LUGAR NO ESPECIFICADO
X570,10666,PRIVACION NO ESPECIFICADA: VIVIENDA
X571,10667,PRIVACION NO ESPECIFICADA: INSTITUCION RESIDENCIAL
X572,10668,"PRIVACION NO ESPECIFICADA: ESCUELAS, OTRAS INSTITUCIONES Y AREAS ADMINISTRATIVAS PUBLICAS"
X573,10669,PRIVACION NO ESPECIFICADA: AREAS DE DEPORTE Y ATLETISMO
X574,10670,PRIVACION NO ESPECIFICADA: CALLES Y CARRETERAS
X575,10671,PRIVACION NO ESPECIFICADA: COMERCIO Y AREAS DE SERVICIO
X576,10672,PRIVACION NO ESPECIFICADA: AREA INDUSTRIAL Y DE LA CONSTRUCCION
X577,10673,PRIVACION NO ESPECIFICADA: GRANJA
X578,10674,PRIVACION NO ESPECIFICADA: OTRO LUGAR ESPECIFICADO
X579,10675,PRIVACION NO ESPECIFICADA: LUGAR NO ESPECIFICADO
X580,10676,EXPOSICION A FACTORES ESPECIFICADOS: VIVIENDA
X581,10677,EXPOSICION A FACTORES ESPECIFICADOS: INSTITUCION RESIDENCIAL
X582,10678,"EXPOSICION A FACTORES ESPECIFICADOS: ESCUELAS, OTRAS INSTITUCIONES Y AREAS ADMINISTRATIVAS PUBLICAS"
X583,10679,EXPOSICION A FACTORES ESPECIFICADOS: AREAS DE DEPORTE Y ATLETISMO
X584,10680,EXPOSICION A FACTORES ESPECIFICADOS: CALLES Y CARRETERAS
X585,10681,EXPOSICION A FACTORES ESPECIFICADOS: COMERCIO Y AREAS DE SERVICIO
X586,10682,EXPOSICION A FACTORES ESPECIFICADOS: AREA INDUSTRIAL Y DE LA CONSTRUCCION
X587,10683,EXPOSICION A FACTORES ESPECIFICADOS: GRANJA
X588,10684,EXPOSICION A FACTORES ESPECIFICADOS: OTRO LUGAR ESPECIFICADO
X589,10685,EXPOSICION A FACTORES ESPECIFICADOS: LUGAR NO ESPECIFICADO
X590,10686,EXPOSICION A FACTORES NO ESPECIFICADOS: VIVIENDA
X591,10687,EXPOSICION A FACTORES NO ESPECIFICADOS: INSTITUCION RESIDENCIAL
X592,10688,"EXPOSICION A FACTORES NO ESPECIFICADOS: ESCUELAS, OTRAS INSTITUCIONES Y AREAS ADMINISTRATIVAS PUBLICAS"
X593,10689,EXPOSICION A FACTORES NO ESPECIFICADOS: AREAS DE DEPORTE Y ATLETISMO
X594,10690,EXPOSICION A FACTORES NO ESPECIFICADOS: CALLES Y CARRETERAS
X595,10691,EXPOSICION A FACTORES NO ESPECIFICADOS: COMERCIO Y AREAS DE SERVICIO
X596,10692,EXPOSICION A FACTORES NO ESPECIFICADOS: AREA INDUSTRIAL Y DE LA CONSTRUCCION
X597,10693,EXPOSICION A FACTORES NO ESPECIFICADOS: GRANJA
X598,10694,EXPOSICION A FACTORES NO ESPECIFICADOS: OTRO LUGAR ESPECIFICADO
X599,10695,EXPOSICION A FACTORES NO ESPECIFICADOS: LUGAR NO ESPECIFICADO
X600,10696,"ENVENENAMIENTO AUTOINFLIGIDO INTENCIONALMENTE POR, Y EXPOSICION A ANALGESICOS NO NARCOTICOS, ANTIPIRETICOS Y ANTIRREUMATICOS: VIVIENDA"
X601,10697,"ENVENENAMIENTO AUTOINFLIGIDO INTENCIONALMENTE POR, Y EXPOSICION A ANALGESICOS NO NARCOTICOS, ANTIPIRETICOS Y ANTIRREUMATICOS: INSTITUCION RESIDENCIAL"
X602,10698,"ENVENENAMIENTO AUTOINFLIGIDO INTENCIONALMENTE POR, Y EXPOSICION A ANALGESICOS NO NARCOTICOS, ANTIPIRETICOS Y ANTIRREUMATICOS: ESCUELAS, OTRAS INSTITUCIONES Y AREAS ADMINISTRATIVAS PUBLICAS"
X603,10699,"ENVENENAMIENTO AUTOINFLIGIDO INTENCIONALMENTE POR, Y EXPOSICION A ANALGESICOS NO NARCOTICOS, ANTIPIRETICOS Y ANTIRREUMATICOS: AREAS DE DEPORTE Y ATLETISMO"
X604,10700,"ENVENENAMIENTO AUTOINFLIGIDO INTENCIONALMENTE POR, Y EXPOSICION A ANALGESICOS NO NARCOTICOS, ANTIPIRETICOS Y ANTIRREUMATICOS: CALLES Y CARRETERAS"
X605,10701,"ENVENENAMIENTO AUTOINFLIGIDO INTENCIONALMENTE POR, Y EXPOSICION A ANALGESICOS NO NARCOTICOS, ANTIPIRETICOS Y ANTIRREUMATICOS: COMERCIO Y AREAS DE SERVICIO"
X606,10702,"ENVENENAMIENTO AUTOINFLIGIDO INTENCIONALMENTE POR, Y EXPOSICION A ANALGESICOS NO NARCOTICOS, ANTIPIRETICOS Y ANTIRREUMATICOS: AREA INDUSTRIAL Y DE LA CONSTRUCCION"
X607,10703,"ENVENENAMIENTO AUTOINFLIGIDO INTENCIONALMENTE POR, Y EXPOSICION A ANALGESICOS NO NARCOTICOS, ANTIPIRETICOS Y ANTIRREUMATICOS: GRANJA"
X608,10704,"ENVENENAMIENTO AUTOINFLIGIDO INTENCIONALMENTE POR, Y EXPOSICION A ANALGESICOS NO NARCOTICOS, ANTIPIRETICOS Y ANTIRREUMATICOS: OTRO LUGAR ESPECIFICADO"
X609,10705,"ENVENENAMIENTO AUTOINFLIGIDO INTENCIONALMENTE POR, Y EXPOSICION A ANALGESICOS NO NARCOTICOS, ANTIPIRETICOS Y ANTIRREUMATICOS: LUGAR NO ESPECIFICADO"
X610,10706,"ENVENENAMIENTO AUTOINFLIGIDO INTENCIONALMENTE POR, Y EXPOSICION A DROGAS ANTIEPILEPTICAS, SEDANTES, HIPNOTICAS, ANTIPARKINSONIANAS Y PSICOTROPICAS, NO CLASIFICADAS EN OTRA PARTE: VIVIENDA"
X611,10707,"ENVENENAMIENTO AUTOINFLIGIDO INTENCIONALMENTE POR, Y EXPOSICION A DROGAS ANTIEPILEPTICAS, SEDANTES, HIPNOTICAS, ANTIPARKINSONIANAS Y PSICOTROPICAS, NO CLASIFICADAS EN OTRA PARTE: INSTITUCION RESIDENCIAL"
X612,10708,"ENVENENAMIENTO AUTOINFLIGIDO INTENCIONALMENTE POR, Y EXPOSICION A DROGAS ANTIEPILEPTICAS, SEDANTES, HIPNOTICAS, ANTIPARKINSONIANAS Y PSICOTROPICAS, NO CLASIFICADAS EN OTRA PARTE: ESCUELAS, OTRAS INSTITUCIONES Y AREAS ADMINISTRATIVAS PUBLICAS"
X613,10709,"ENVENENAMIENTO AUTOINFLIGIDO INTENCIONALMENTE POR, Y EXPOSICION A DROGAS ANTIEPILEPTICAS, SEDANTES, HIPNOTICAS, ANTIPARKINSONIANAS Y PSICOTROPICAS, NO CLASIFICADAS EN OTRA PARTE: AREAS DE DEPORTE Y ATLETISMO"
X614,10710,"ENVENENAMIENTO AUTOINFLIGIDO INTENCIONALMENTE POR, Y EXPOSICION A DROGAS ANTIEPILEPTICAS, SEDANTES, HIPNOTICAS, ANTIPARKINSONIANAS Y PSICOTROPICAS, NO CLASIFICADAS EN OTRA PARTE: CALLES Y CARRETERAS"
X615,10711,"ENVENENAMIENTO AUTOINFLIGIDO INTENCIONALMENTE POR, Y EXPOSICION A DROGAS ANTIEPILEPTICAS, SEDANTES, HIPNOTICAS, ANTIPARKINSONIANAS Y PSICOTROPICAS, NO CLASIFICADAS EN OTRA PARTE: COMERCIO Y AREAS DE SERVICIO"
X616,10712,"ENVENENAMIENTO AUTOINFLIGIDO INTENCIONALMENTE POR, Y EXPOSICION A DROGAS ANTIEPILEPTICAS, SEDANTES, HIPNOTICAS, ANTIPARKINSONIANAS Y PSICOTROPICAS, NO CLASIFICADAS EN OTRA PARTE: AREA INDUSTRIAL Y DE LA CONSTRUCCION"
X617,10713,"ENVENENAMIENTO AUTOINFLIGIDO INTENCIONALMENTE POR, Y EXPOSICION A DROGAS ANTIEPILEPTICAS, SEDANTES, HIPNOTICAS, ANTIPARKINSONIANAS Y PSICOTROPICAS, NO CLASIFICADAS EN OTRA PARTE: GRANJA"
X618,10714,"ENVENENAMIENTO AUTOINFLIGIDO INTENCIONALMENTE POR, Y EXPOSICION A DROGAS ANTIEPILEPTICAS, SEDANTES, HIPNOTICAS, ANTIPARKINSONIANAS Y PSICOTROPICAS, NO CLASIFICADAS EN OTRA PARTE: OTRO LUGAR ESPECIFICADO"
X619,10715,"ENVENENAMIENTO AUTOINFLIGIDO INTENCIONALMENTE POR, Y EXPOSICION A DROGAS ANTIEPILEPTICAS, SEDANTES, HIPNOTICAS, ANTIPARKINSONIANAS Y PSICOTROPICAS, NO CLASIFICADAS EN OTRA PARTE: LUGAR NO ESPECIFICADO"
X620,10716,"ENVENENAMIENTO AUTOINFLIGIDO INTENCIONALMENTE POR, Y EXPOSICION A NARCOTICOS Y PSICODISLEPTICOS [ALUCINOGENOS], NO CLASIFICADOS EN OTRA PARTE: VIVIENDA"
X621,10717,"ENVENENAMIENTO AUTOINFLIGIDO INTENCIONALMENTE POR, Y EXPOSICION A NARCOTICOS Y PSICODISLEPTICOS [ALUCINOGENOS], NO CLASIFICADOS EN OTRA PARTE: INSTITUCION RESIDENCIAL"
X622,10718,"ENVENENAMIENTO AUTOINFLIGIDO INTENCIONALMENTE POR, Y EXPOSICION A NARCOTICOS Y PSICODISLEPTICOS [ALUCINOGENOS], NO CLASIFICADOS EN OTRA PARTE: ESCUELAS, OTRAS INSTITUCIONES Y AREAS ADMINISTRATIVAS PUBLICAS"
X623,10719,"ENVENENAMIENTO AUTOINFLIGIDO INTENCIONALMENTE POR, Y EXPOSICION A NARCOTICOS Y PSICODISLEPTICOS [ALUCINOGENOS], NO CLASIFICADOS EN OTRA PARTE: AREAS DE DEPORTE Y ATLETISMO"
X624,10720,"ENVENENAMIENTO AUTOINFLIGIDO INTENCIONALMENTE POR, Y EXPOSICION A NARCOTICOS Y PSICODISLEPTICOS [ALUCINOGENOS], NO CLASIFICADOS EN OTRA PARTE: CALLES Y CARRETERAS"
X625,10721,"ENVENENAMIENTO AUTOINFLIGIDO INTENCIONALMENTE POR, Y EXPOSICION A NARCOTICOS Y PSICODISLEPTICOS [ALUCINOGENOS], NO CLASIFICADOS EN OTRA PARTE: COMERCIO Y AREAS DE SERVICIO"
X626,10722,"ENVENENAMIENTO AUTOINFLIGIDO INTENCIONALMENTE POR, Y EXPOSICION A NARCOTICOS Y PSICODISLEPTICOS [ALUCINOGENOS], NO CLASIFICADOS EN OTRA PARTE: AREA INDUSTRIAL Y DE LA CONSTRUCCION"
X627,10723,"ENVENENAMIENTO AUTOINFLIGIDO INTENCIONALMENTE POR, Y EXPOSICION A NARCOTICOS Y PSICODISLEPTICOS [ALUCINOGENOS], NO CLASIFICADOS EN OTRA PARTE: GRANJA"
X628,10724,"ENVENENAMIENTO AUTOINFLIGIDO INTENCIONALMENTE POR, Y EXPOSICION A NARCOTICOS Y PSICODISLEPTICOS [ALUCINOGENOS], NO CLASIFICADOS EN OTRA PARTE: OTRO LUGAR ESPECIFICADO"
X629,10725,"ENVENENAMIENTO AUTOINFLIGIDO INTENCIONALMENTE POR, Y EXPOSICION A NARCOTICOS Y PSICODISLEPTICOS [ALUCINOGENOS], NO CLASIFICADOS EN OTRA PARTE: LUGAR NO ESPECIFICADO"
X630,10726,"ENVENENAMIENTO AUTOINFLIGIDO INTENCIONALMENTE POR, Y EXPOSICION A OTRAS DROGAS QUE ACTUAN SOBRE EL SISTEMA NERVIOSO AUTONOMO: VIVIENDA"
X631,10727,"ENVENENAMIENTO AUTOINFLIGIDO INTENCIONALMENTE POR, Y EXPOSICION A OTRAS DROGAS QUE ACTUAN SOBRE EL SISTEMA NERVIOSO AUTONOMO: INSTITUCION RESIDENCIAL"
X632,10728,"ENVENENAMIENTO AUTOINFLIGIDO INTENCIONALMENTE POR, Y EXPOSICION A OTRAS DROGAS QUE ACTUAN SOBRE EL SISTEMA NERVIOSO AUTONOMO: ESCUELAS, OTRAS INSTITUCIONES Y AREAS ADMINISTRATIVAS PUBLICAS"
X633,10729,"ENVENENAMIENTO AUTOINFLIGIDO INTENCIONALMENTE POR, Y EXPOSICION A OTRAS DROGAS QUE ACTUAN SOBRE EL SISTEMA NERVIOSO AUTONOMO: AREAS DE DEPORTE Y ATLETISMO"
X634,10730,"ENVENENAMIENTO AUTOINFLIGIDO INTENCIONALMENTE POR, Y EXPOSICION A OTRAS DROGAS QUE ACTUAN SOBRE EL SISTEMA NERVIOSO AUTONOMO: CALLES Y CARRETERAS"
X635,10731,"ENVENENAMIENTO AUTOINFLIGIDO INTENCIONALMENTE POR, Y EXPOSICION A OTRAS DROGAS QUE ACTUAN SOBRE EL SISTEMA NERVIOSO AUTONOMO: COMERCIO Y AREAS DE SERVICIO"
X636,10732,"ENVENENAMIENTO AUTOINFLIGIDO INTENCIONALMENTE POR, Y EXPOSICION A OTRAS DROGAS QUE ACTUAN SOBRE EL SISTEMA NERVIOSO AUTONOMO: AREA INDUSTRIAL Y DE LA CONSTRUCCION"
X637,10733,"ENVENENAMIENTO AUTOINFLIGIDO INTENCIONALMENTE POR, Y EXPOSICION A OTRAS DROGAS QUE ACTUAN SOBRE EL SISTEMA NERVIOSO AUTONOMO: GRANJA"
X638,10734,"ENVENENAMIENTO AUTOINFLIGIDO INTENCIONALMENTE POR, Y EXPOSICION A OTRAS DROGAS QUE ACTUAN SOBRE EL SISTEMA NERVIOSO AUTONOMO: OTRO LUGAR ESPECIFICADO"
X639,10735,"ENVENENAMIENTO AUTOINFLIGIDO INTENCIONALMENTE POR, Y EXPOSICION A OTRAS DROGAS QUE ACTUAN SOBRE EL SISTEMA NERVIOSO AUTONOMO: LUGAR NO ESPECIFICADO"
X640,10736,"ENVENENAMIENTO AUTOINFLIGIDO INTENCIONALMENTE POR, Y EXPOSICION A OTRAS DROGAS MEDICAMENTOS Y SUSTANCIAS BIOLOGICAS, Y LOS NO ESPECIFICADOS: VIVIENDA"
X641,10737,"ENVENENAMIENTO AUTOINFLIGIDO INTENCIONALMENTE POR, Y EXPOSICION A OTRAS DROGAS MEDICAMENTOS Y SUSTANCIAS BIOLOGICAS, Y LOS NO ESPECIFICADOS: INSTITUCION RESIDENCIAL"
X642,10738,"ENVENENAMIENTO AUTOINFLIGIDO INTENCIONALMENTE POR, Y EXPOSICION A OTRAS DROGAS MEDICAMENTOS Y SUSTANCIAS BIOLOGICAS, Y LOS NO ESPECIFICADOS: ESCUELAS, OTRAS INSTITUCIONES Y AREAS ADMINISTRATIVAS PUBLICAS"
X643,10739,"ENVENENAMIENTO AUTOINFLIGIDO INTENCIONALMENTE POR, Y EXPOSICION A OTRAS DROGAS MEDICAMENTOS Y SUSTANCIAS BIOLOGICAS, Y LOS NO ESPECIFICADOS: AREAS DE DEPORTE Y ATLETISMO"
X644,10740,"ENVENENAMIENTO AUTOINFLIGIDO INTENCIONALMENTE POR, Y EXPOSICION A OTRAS DROGAS MEDICAMENTOS Y SUSTANCIAS BIOLOGICAS, Y LOS NO ESPECIFICADOS: CALLES Y CARRETERAS"
X645,10741,"ENVENENAMIENTO AUTOINFLIGIDO INTENCIONALMENTE POR, Y EXPOSICION A OTRAS DROGAS MEDICAMENTOS Y SUSTANCIAS BIOLOGICAS, Y LOS NO ESPECIFICADOS: COMERCIO Y AREAS DE SERVICIO"
X646,10742,"ENVENENAMIENTO AUTOINFLIGIDO INTENCIONALMENTE POR, Y EXPOSICION A OTRAS DROGAS MEDICAMENTOS Y SUSTANCIAS BIOLOGICAS, Y LOS NO ESPECIFICADOS: AREA INDUSTRIAL Y DE LA CONSTRUCCION"
X647,10743,"ENVENENAMIENTO AUTOINFLIGIDO INTENCIONALMENTE POR, Y EXPOSICION A OTRAS DROGAS MEDICAMENTOS Y SUSTANCIAS BIOLOGICAS, Y LOS NO ESPECIFICADOS: GRANJA"
X648,10744,"ENVENENAMIENTO AUTOINFLIGIDO INTENCIONALMENTE POR, Y EXPOSICION A OTRAS DROGAS MEDICAMENTOS Y SUSTANCIAS BIOLOGICAS, Y LOS NO ESPECIFICADOS: OTRO LUGAR ESPECIFICADO"
X649,10745,"ENVENENAMIENTO AUTOINFLIGIDO INTENCIONALMENTE POR, Y EXPOSICION A OTRAS DROGAS MEDICAMENTOS Y SUSTANCIAS BIOLOGICAS, Y LOS NO ESPECIFICADOS: LUGAR NO ESPECIFICADO"
X650,10746,"ENVENENAMIENTO AUTOINFLIGIDO INTENCIONALMENTE POR, Y EXPOSICION AL ALCOHOL: VIVIENDA"
X651,10747,"ENVENENAMIENTO AUTOINFLIGIDO INTENCIONALMENTE POR, Y EXPOSICION AL ALCOHOL: INSTITUCION RESIDENCIAL"
X652,10748,"ENVENENAMIENTO AUTOINFLIGIDO INTENCIONALMENTE POR, Y EXPOSICION AL ALCOHOL: ESCUELAS, OTRAS INSTITUCIONES Y AREAS ADMINISTRATIVAS PUBLICAS"
X653,10749,"ENVENENAMIENTO AUTOINFLIGIDO INTENCIONALMENTE POR, Y EXPOSICION AL ALCOHOL: AREAS DE DEPORTE Y ATLETISMO"
X654,10750,"ENVENENAMIENTO AUTOINFLIGIDO INTENCIONALMENTE POR, Y EXPOSICION AL ALCOHOL: CALLES Y CARRETERAS"
X655,10751,"ENVENENAMIENTO AUTOINFLIGIDO INTENCIONALMENTE POR, Y EXPOSICION AL ALCOHOL: COMERCIO Y AREAS DE SERVICIO"
X656,10752,"ENVENENAMIENTO AUTOINFLIGIDO INTENCIONALMENTE POR, Y EXPOSICION AL ALCOHOL: AREA INDUSTRIAL Y DE LA CONSTRUCCION"
X657,10753,"ENVENENAMIENTO AUTOINFLIGIDO INTENCIONALMENTE POR, Y EXPOSICION AL ALCOHOL: GRANJA"
X658,10754,"ENVENENAMIENTO AUTOINFLIGIDO INTENCIONALMENTE POR, Y EXPOSICION AL ALCOHOL: OTRO LUGAR ESPECIFICADO"
X659,10755,"ENVENENAMIENTO AUTOINFLIGIDO INTENCIONALMENTE POR, Y EXPOSICION AL ALCOHOL: LUGAR NO ESPECIFICADO"
X660,10756,"ENVENENAMIENTO AUTOINFLIGIDO INTENCIONALMENTE POR, Y EXPOSICION A DISOLVENTES ORGANICOS E HIDROCARBUROS HALOGENADOS Y SUS VAPORES: VIVIENDA"
X661,10757,"ENVENENAMIENTO AUTOINFLIGIDO INTENCIONALMENTE POR, Y EXPOSICION A DISOLVENTES ORGANICOS E HIDROCARBUROS HALOGENADOS Y SUS VAPORES: INSTITUCION RESIDENCIAL"
X662,10758,"ENVENENAMIENTO AUTOINFLIGIDO INTENCIONALMENTE POR, Y EXPOSICION A DISOLVENTES ORGANICOS E HIDROCARBUROS HALOGENADOS Y SUS VAPORES: ESCUELAS, OTRAS INSTITUCIONES Y AREAS ADMINISTRATIVAS PUBLICAS"
X663,10759,"ENVENENAMIENTO AUTOINFLIGIDO INTENCIONALMENTE POR, Y EXPOSICION A DISOLVENTES ORGANICOS E HIDROCARBUROS HALOGENADOS Y SUS VAPORES: AREAS DE DEPORTE Y ATLETISMO"
X664,10760,"ENVENENAMIENTO AUTOINFLIGIDO INTENCIONALMENTE POR, Y EXPOSICION A DISOLVENTES ORGANICOS E HIDROCARBUROS HALOGENADOS Y SUS VAPORES: CALLES Y CARRETERAS"
X665,10761,"ENVENENAMIENTO AUTOINFLIGIDO INTENCIONALMENTE POR, Y EXPOSICION A DISOLVENTES ORGANICOS E HIDROCARBUROS HALOGENADOS Y SUS VAPORES: COMERCIO Y AREAS DE SERVICIO"
X666,10762,"ENVENENAMIENTO AUTOINFLIGIDO INTENCIONALMENTE POR, Y EXPOSICION A DISOLVENTES ORGANICOS E HIDROCARBUROS HALOGENADOS Y SUS VAPORES: AREA INDUSTRIAL Y DE LA CONSTRUCCION"
X667,10763,"ENVENENAMIENTO AUTOINFLIGIDO INTENCIONALMENTE POR, Y EXPOSICION A DISOLVENTES ORGANICOS E HIDROCARBUROS HALOGENADOS Y SUS VAPORES: GRANJA"
X668,10764,"ENVENENAMIENTO AUTOINFLIGIDO INTENCIONALMENTE POR, Y EXPOSICION A DISOLVENTES ORGANICOS E HIDROCARBUROS HALOGENADOS Y SUS VAPORES: OTRO LUGAR ESPECIFICADO"
X669,10765,"ENVENENAMIENTO AUTOINFLIGIDO INTENCIONALMENTE POR, Y EXPOSICION A DISOLVENTES ORGANICOS E HIDROCARBUROS HALOGENADOS Y SUS VAPORES: LUGAR NO ESPECIFICADO"
X670,10766,"ENVENENAMIENTO AUTOINFLIGIDO INTENCIONALMENTE POR, Y EXPOSICION A OTROS GASES Y VAPORES: VIVIENDA"
X671,10767,"ENVENENAMIENTO AUTOINFLIGIDO INTENCIONALMENTE POR, Y EXPOSICION A OTROS GASES Y VAPORES: INSTITUCION RESIDENCIAL"
X672,10768,"ENVENENAMIENTO AUTOINFLIGIDO INTENCIONALMENTE POR, Y EXPOSICION A OTROS GASES Y VAPORES: ESCUELAS, OTRAS INSTITUCIONES Y AREAS ADMINISTRATIVAS PUBLICAS"
X673,10769,"ENVENENAMIENTO AUTOINFLIGIDO INTENCIONALMENTE POR, Y EXPOSICION A OTROS GASES Y VAPORES: AREAS DE DEPORTE Y ATLETISMO"
X674,10770,"ENVENENAMIENTO AUTOINFLIGIDO INTENCIONALMENTE POR, Y EXPOSICION A OTROS GASES Y VAPORES: CALLES Y CARRETERAS"
X675,10771,"ENVENENAMIENTO AUTOINFLIGIDO INTENCIONALMENTE POR, Y EXPOSICION A OTROS GASES Y VAPORES: COMERCIO Y AREAS DE SERVICIO"
X676,10772,"ENVENENAMIENTO AUTOINFLIGIDO INTENCIONALMENTE POR, Y EXPOSICION A OTROS GASES Y VAPORES: AREA INDUSTRIAL Y DE LA CONSTRUCCION"
X677,10773,"ENVENENAMIENTO AUTOINFLIGIDO INTENCIONALMENTE POR, Y EXPOSICION A OTROS GASES Y VAPORES: GRANJA"
X678,10774,"ENVENENAMIENTO AUTOINFLIGIDO INTENCIONALMENTE POR, Y EXPOSICION A OTROS GASES Y VAPORES: OTRO LUGAR ESPECIFICADO"
X679,10775,"ENVENENAMIENTO AUTOINFLIGIDO INTENCIONALMENTE POR, Y EXPOSICION A OTROS GASES Y VAPORES: LUGAR NO ESPECIFICADO"
X680,10776,"ENVENENAMIENTO AUTOINFLIGIDO INTENCIONALMENTE POR, Y EXPOSICION A PLAGUICIDAS: VIVIENDA"
X681,10777,"ENVENENAMIENTO AUTOINFLIGIDO INTENCIONALMENTE POR, Y EXPOSICION A PLAGUICIDAS: INSTITUCION RESIDENCIAL"
X682,10778,"ENVENENAMIENTO AUTOINFLIGIDO INTENCIONALMENTE POR, Y EXPOSICION A PLAGUICIDAS: ESCUELAS, OTRAS INSTITUCIONES Y AREAS ADMINISTRATIVAS PUBLICAS"
X683,10779,"ENVENENAMIENTO AUTOINFLIGIDO INTENCIONALMENTE POR, Y EXPOSICION A PLAGUICIDAS: AREAS DE DEPORTE Y ATLETISMO"
X684,10780,"ENVENENAMIENTO AUTOINFLIGIDO INTENCIONALMENTE POR, Y EXPOSICION A PLAGUICIDAS: CALLES Y CARRETERAS"
X685,10781,"ENVENENAMIENTO AUTOINFLIGIDO INTENCIONALMENTE POR, Y EXPOSICION A PLAGUICIDAS: COMERCIO Y AREAS DE SERVICIO"
X686,10782,"ENVENENAMIENTO AUTOINFLIGIDO INTENCIONALMENTE POR, Y EXPOSICION A PLAGUICIDAS: AREA INDUSTRIAL Y DE LA CONSTRUCCION"
X687,10783,"ENVENENAMIENTO AUTOINFLIGIDO INTENCIONALMENTE POR, Y EXPOSICION A PLAGUICIDAS: GRANJA"
X688,10784,"ENVENENAMIENTO AUTOINFLIGIDO INTENCIONALMENTE POR, Y EXPOSICION A PLAGUICIDAS: OTRO LUGAR ESPECIFICADO"
X689,10785,"ENVENENAMIENTO AUTOINFLIGIDO INTENCIONALMENTE POR, Y EXPOSICION A PLAGUICIDAS: LUGAR NO ESPECIFICADO"
X690,10786,"ENVENENAMIENTO AUTOINFLIGIDO INTENCIONALMENTE POR, Y EXPOSICION A OTROS PRODUCTOS QUIMICOS Y SUSTANCIAS NOCIVAS, Y LOS NO ESPECIFICADOS: VIVIENDA"
X691,10787,"ENVENENAMIENTO AUTOINFLIGIDO INTENCIONALMENTE POR, Y EXPOSICION A OTROS PRODUCTOS QUIMICOS Y SUSTANCIAS NOCIVAS, Y LOS NO ESPECIFICADOS: INSTITUCION RESIDENCIAL"
X692,10788,"ENVENENAMIENTO AUTOINFLIGIDO INTENCIONALMENTE POR, Y EXPOSICION A OTROS PRODUCTOS QUIMICOS Y SUSTANCIAS NOCIVAS, Y LOS NO ESPECIFICADOS: ESCUELAS, OTRAS INSTITUCIONES Y AREAS ADMINISTRATIVAS PUBLICAS"
X693,10789,"ENVENENAMIENTO AUTOINFLIGIDO INTENCIONALMENTE POR, Y EXPOSICION A OTROS PRODUCTOS QUIMICOS Y SUSTANCIAS NOCIVAS, Y LOS NO ESPECIFICADOS: AREAS DE DEPORTE Y ATLETISMO"
X694,10790,"ENVENENAMIENTO AUTOINFLIGIDO INTENCIONALMENTE POR, Y EXPOSICION A OTROS PRODUCTOS QUIMICOS Y SUSTANCIAS NOCIVAS, Y LOS NO ESPECIFICADOS: CALLES Y CARRETERAS"
X695,10791,"ENVENENAMIENTO AUTOINFLIGIDO INTENCIONALMENTE POR, Y EXPOSICION A OTROS PRODUCTOS QUIMICOS Y SUSTANCIAS NOCIVAS, Y LOS NO ESPECIFICADOS: COMERCIO Y AREAS DE SERVICIO"
X696,10792,"ENVENENAMIENTO AUTOINFLIGIDO INTENCIONALMENTE POR, Y EXPOSICION A OTROS PRODUCTOS QUIMICOS Y SUSTANCIAS NOCIVAS, Y LOS NO ESPECIFICADOS: AREA INDUSTRIAL Y DE LA CONSTRUCCION"
X697,10793,"ENVENENAMIENTO AUTOINFLIGIDO INTENCIONALMENTE POR, Y EXPOSICION A OTROS PRODUCTOS QUIMICOS Y SUSTANCIAS NOCIVAS, Y LOS NO ESPECIFICADOS: GRANJA"
X698,10794,"ENVENENAMIENTO AUTOINFLIGIDO INTENCIONALMENTE POR, Y EXPOSICION A OTROS PRODUCTOS QUIMICOS Y SUSTANCIAS NOCIVAS, Y LOS NO ESPECIFICADOS: OTRO LUGAR ESPECIFICADO"
X699,10795,"ENVENENAMIENTO AUTOINFLIGIDO INTENCIONALMENTE POR, Y EXPOSICION A OTROS PRODUCTOS QUIMICOS Y SUSTANCIAS NOCIVAS, Y LOS NO ESPECIFICADOS: LUGAR NO ESPECIFICADO"
X700,10796,"LESION AUTOINFLIGIDA INTENCIONALMENTE POR AHORCAMIENTO, ESTRANGULAMIENTO O SOFOCACION: VIVIENDA"
X701,10797,"LESION AUTOINFLIGIDA INTENCIONALMENTE POR AHORCAMIENTO, ESTRANGULAMIENTO O SOFOCACION: INSTITUCION RESIDENCIAL"
X702,10798,"LESION AUTOINFLIGIDA INTENCIONALMENTE POR AHORCAMIENTO, ESTRANGULAMIENTO O SOFOCACION: ESCUELAS, OTRAS INSTITUCIONES Y AREAS ADMINISTRATIVAS PUBLICAS"
X703,10799,"LESION AUTOINFLIGIDA INTENCIONALMENTE POR AHORCAMIENTO, ESTRANGULAMIENTO O SOFOCACION: AREAS DE DEPORTE Y ATLETISMO"
X704,10800,"LESION AUTOINFLIGIDA INTENCIONALMENTE POR AHORCAMIENTO, ESTRANGULAMIENTO O SOFOCACION: CALLES Y CARRETERAS"
X705,10801,"LESION AUTOINFLIGIDA INTENCIONALMENTE POR AHORCAMIENTO, ESTRANGULAMIENTO O SOFOCACION: COMERCIO Y AREAS DE SERVICIO"
X706,10802,"LESION AUTOINFLIGIDA INTENCIONALMENTE POR AHORCAMIENTO, ESTRANGULAMIENTO O SOFOCACION: AREA INDUSTRIAL Y DE LA CONSTRUCCION"
X707,10803,"LESION AUTOINFLIGIDA INTENCIONALMENTE POR AHORCAMIENTO, ESTRANGULAMIENTO O SOFOCACION: GRANJA"
X708,10804,"LESION AUTOINFLIGIDA INTENCIONALMENTE POR AHORCAMIENTO, ESTRANGULAMIENTO O SOFOCACION: OTRO LUGAR ESPECIFICADO"
X709,10805,"LESION AUTOINFLIGIDA INTENCIONALMENTE POR AHORCAMIENTO, ESTRANGULAMIENTO O SOFOCACION: LUGAR NO ESPECIFICADO"
X710,10806,LESION AUTOINFLIGIDA INTENCIONALMENTE POR AHOGAMIENTO Y SUMERSION: VIVIENDA
X711,10807,LESION AUTOINFLIGIDA INTENCIONALMENTE POR AHOGAMIENTO Y SUMERSION: INSTITUCION RESIDENCIAL
X712,10808,"LESION AUTOINFLIGIDA INTENCIONALMENTE POR AHOGAMIENTO Y SUMERSION: ESCUELAS, OTRAS INSTITUCIONES Y AREAS ADMINISTRATIVAS PUBLICAS"
X713,10809,LESION AUTOINFLIGIDA INTENCIONALMENTE POR AHOGAMIENTO Y SUMERSION: AREAS DE DEPORTE Y ATLETISMO
X714,10810,LESION AUTOINFLIGIDA INTENCIONALMENTE POR AHOGAMIENTO Y SUMERSION: CALLES Y CARRETERAS
X715,10811,LESION AUTOINFLIGIDA INTENCIONALMENTE POR AHOGAMIENTO Y SUMERSION: COMERCIO Y AREAS DE SERVICIO
X716,10812,LESION AUTOINFLIGIDA INTENCIONALMENTE POR AHOGAMIENTO Y SUMERSION: AREA INDUSTRIAL Y DE LA CONSTRUCCION
X717,10813,LESION AUTOINFLIGIDA INTENCIONALMENTE POR AHOGAMIENTO Y SUMERSION: GRANJA
X718,10814,LESION AUTOINFLIGIDA INTENCIONALMENTE POR AHOGAMIENTO Y SUMERSION: OTRO LUGAR ESPECIFICADO
X719,10815,LESION AUTOINFLIGIDA INTENCIONALMENTE POR AHOGAMIENTO Y SUMERSION: LUGAR NO ESPECIFICADO
X720,10816,LESION AUTOINFLIGIDA INTENCIONALMENTE POR DISPARO DE ARMA CORTA: VIVIENDA
X721,10817,LESION AUTOINFLIGIDA INTENCIONALMENTE POR DISPARO DE ARMA CORTA: INSTITUCION RESIDENCIAL
X722,10818,"LESION AUTOINFLIGIDA INTENCIONALMENTE POR DISPARO DE ARMA CORTA: ESCUELAS, OTRAS INSTITUCIONES Y AREAS ADMINISTRATIVAS PUBLICAS"
X723,10819,LESION AUTOINFLIGIDA INTENCIONALMENTE POR DISPARO DE ARMA CORTA: AREAS DE DEPORTE Y ATLETISMO
X724,10820,LESION AUTOINFLIGIDA INTENCIONALMENTE POR DISPARO DE ARMA CORTA: CALLES Y CARRETERAS
X725,10821,LESION AUTOINFLIGIDA INTENCIONALMENTE POR DISPARO DE ARMA CORTA: COMERCIO Y AREAS DE SERVICIO
X726,10822,LESION AUTOINFLIGIDA INTENCIONALMENTE POR DISPARO DE ARMA CORTA: AREA INDUSTRIAL Y DE LA CONSTRUCCION
X727,10823,LESION AUTOINFLIGIDA INTENCIONALMENTE POR DISPARO DE ARMA CORTA: GRANJA
X728,10824,LESION AUTOINFLIGIDA INTENCIONALMENTE POR DISPARO DE ARMA CORTA: OTRO LUGAR ESPECIFICADO
X729,10825,LESION AUTOINFLIGIDA INTENCIONALMENTE POR DISPARO DE ARMA CORTA: LUGAR NO ESPECIFICADO
X730,10826,"LESION AUTOINFLIGIDA INTENCIONALMENTE POR DISPARO DE RIFLE, ESCOPETA Y ARMA LARGA: VIVIENDA"
X731,10827,"LESION AUTOINFLIGIDA INTENCIONALMENTE POR DISPARO DE RIFLE, ESCOPETA Y ARMA LARGA: INSTITUCION RESIDENCIAL"
X732,10828,"LESION AUTOINFLIGIDA INTENCIONALMENTE POR DISPARO DE RIFLE, ESCOPETA Y ARMA LARGA: ESCUELAS, OTRAS INSTITUCIONES Y AREAS ADMINISTRATIVAS PUBLICAS"
X733,10829,"LESION AUTOINFLIGIDA INTENCIONALMENTE POR DISPARO DE RIFLE, ESCOPETA Y ARMA LARGA: AREAS DE DEPORTE Y ATLETISMO"
X734,10830,"LESION AUTOINFLIGIDA INTENCIONALMENTE POR DISPARO DE RIFLE, ESCOPETA Y ARMA LARGA: CALLES Y CARRETERAS"
X735,10831,"LESION AUTOINFLIGIDA INTENCIONALMENTE POR DISPARO DE RIFLE, ESCOPETA Y ARMA LARGA: COMERCIO Y AREAS DE SERVICIO"
X736,10832,"LESION AUTOINFLIGIDA INTENCIONALMENTE POR DISPARO DE RIFLE, ESCOPETA Y ARMA LARGA: AREA INDUSTRIAL Y DE LA CONSTRUCCION"
X737,10833,"LESION AUTOINFLIGIDA INTENCIONALMENTE POR DISPARO DE RIFLE, ESCOPETA Y ARMA LARGA: GRANJA"
X738,10834,"LESION AUTOINFLIGIDA INTENCIONALMENTE POR DISPARO DE RIFLE, ESCOPETA Y ARMA LARGA: OTRO LUGAR ESPECIFICADO"
X739,10835,"LESION AUTOINFLIGIDA INTENCIONALMENTE POR DISPARO DE RIFLE, ESCOPETA Y ARMA LARGA: LUGAR NO ESPECIFICADO"
X740,10836,"LESION AUTOINFLIGIDA INTENCIONALMENTE POR DISPARO DE OTRAS ARMAS DE FUEGO, Y LAS NO ESPECIFICADAS: VIVIENDA"
X741,10837,"LESION AUTOINFLIGIDA INTENCIONALMENTE POR DISPARO DE OTRAS ARMAS DE FUEGO, Y LAS NO ESPECIFICADAS: INSTITUCION RESIDENCIAL"
X742,10838,"LESION AUTOINFLIGIDA INTENCIONALMENTE POR DISPARO DE OTRAS ARMAS DE FUEGO, Y LAS NO ESPECIFICADAS: ESCUELAS, OTRAS INSTITUCIONES Y AREAS ADMINISTRATIVAS PUBLICAS"
X743,10839,"LESION AUTOINFLIGIDA INTENCIONALMENTE POR DISPARO DE OTRAS ARMAS DE FUEGO, Y LAS NO ESPECIFICADAS: AREAS DE DEPORTE Y ATLETISMO"
X744,10840,"LESION AUTOINFLIGIDA INTENCIONALMENTE POR DISPARO DE OTRAS ARMAS DE FUEGO, Y LAS NO ESPECIFICADAS: CALLES Y CARRETERAS"
X745,10841,"LESION AUTOINFLIGIDA INTENCIONALMENTE POR DISPARO DE OTRAS ARMAS DE FUEGO, Y LAS NO ESPECIFICADAS: COMERCIO Y AREAS DE SERVICIO"
X746,10842,"LESION AUTOINFLIGIDA INTENCIONALMENTE POR DISPARO DE OTRAS ARMAS DE FUEGO, Y LAS NO ESPECIFICADAS: AREA INDUSTRIAL Y DE LA CONSTRUCCION"
X747,10843,"LESION AUTOINFLIGIDA INTENCIONALMENTE POR DISPARO DE OTRAS ARMAS DE FUEGO, Y LAS NO ESPECIFICADAS: GRANJA"
X748,10844,"LESION AUTOINFLIGIDA INTENCIONALMENTE POR DISPARO DE OTRAS ARMAS DE FUEGO, Y LAS NO ESPECIFICADAS: OTRO LUGAR ESPECIFICADO"
X749,10845,"LESION AUTOINFLIGIDA INTENCIONALMENTE POR DISPARO DE OTRAS ARMAS DE FUEGO, Y LAS NO ESPECIFICADAS: LUGAR NO ESPECIFICADO"
X750,10846,LESION AUTOINFLIGIDA INTENCIONALMENTE POR MATERIAL EXPLOSIVO: VIVIENDA
X751,10847,LESION AUTOINFLIGIDA INTENCIONALMENTE POR MATERIAL EXPLOSIVO: INSTITUCION RESIDENCIAL
X752,10848,"LESION AUTOINFLIGIDA INTENCIONALMENTE POR MATERIAL EXPLOSIVO: ESCUELAS, OTRAS INSTITUCIONES Y AREAS ADMINISTRATIVAS PUBLICAS"
X753,10849,LESION AUTOINFLIGIDA INTENCIONALMENTE POR MATERIAL EXPLOSIVO: AREAS DE DEPORTE Y ATLETISMO
X754,10850,LESION AUTOINFLIGIDA INTENCIONALMENTE POR MATERIAL EXPLOSIVO: CALLES Y CARRETERAS
X755,10851,LESION AUTOINFLIGIDA INTENCIONALMENTE POR MATERIAL EXPLOSIVO: COMERCIO Y AREAS DE SERVICIO
X756,10852,LESION AUTOINFLIGIDA INTENCIONALMENTE POR MATERIAL EXPLOSIVO: AREA INDUSTRIAL Y DE LA CONSTRUCCION
X757,10853,LESION AUTOINFLIGIDA INTENCIONALMENTE POR MATERIAL EXPLOSIVO: GRANJA
X758,10854,LESION AUTOINFLIGIDA INTENCIONALMENTE POR MATERIAL EXPLOSIVO: OTRO LUGAR ESPECIFICADO
X759,10855,LESION AUTOINFLIGIDA INTENCIONALMENTE POR MATERIAL EXPLOSIVO: LUGAR NO ESPECIFICADO
X760,10856,"LESION AUTOINFLIGIDA INTENCIONALMENTE POR HUMO, FUEGO Y LLAMAS: VIVIENDA"
X761,10857,"LESION AUTOINFLIGIDA INTENCIONALMENTE POR HUMO, FUEGO Y LLAMAS: INSTITUCION RESIDENCIAL"
X762,10858,"LESION AUTOINFLIGIDA INTENCIONALMENTE POR HUMO, FUEGO Y LLAMAS: ESCUELAS, OTRAS INSTITUCIONES Y AREAS ADMINISTRATIVAS PUBLICAS"
X763,10859,"LESION AUTOINFLIGIDA INTENCIONALMENTE POR HUMO, FUEGO Y LLAMAS: AREAS DE DEPORTE Y ATLETISMO"
X764,10860,"LESION AUTOINFLIGIDA INTENCIONALMENTE POR HUMO, FUEGO Y LLAMAS: CALLES Y CARRETERAS"
X765,10861,"LESION AUTOINFLIGIDA INTENCIONALMENTE POR HUMO, FUEGO Y LLAMAS: COMERCIO Y AREAS DE SERVICIO"
X766,10862,"LESION AUTOINFLIGIDA INTENCIONALMENTE POR HUMO, FUEGO Y LLAMAS: AREA INDUSTRIAL Y DE LA CONSTRUCCION"
X767,10863,"LESION AUTOINFLIGIDA INTENCIONALMENTE POR HUMO, FUEGO Y LLAMAS: GRANJA"
X768,10864,"LESION AUTOINFLIGIDA INTENCIONALMENTE POR HUMO, FUEGO Y LLAMAS: OTRO LUGAR ESPECIFICADO"
X769,10865,"LESION AUTOINFLIGIDA INTENCIONALMENTE POR HUMO, FUEGO Y LLAMAS: LUGAR NO ESPECIFICADO"
X770,10866,"LESION AUTOINFLIGIDA INTENCIONALMENTE POR VAPOR DE AGUA, VAPORES Y OBJETOS CALIENTES: VIVIENDA"
X771,10867,"LESION AUTOINFLIGIDA INTENCIONALMENTE POR VAPOR DE AGUA, VAPORES Y OBJETOS CALIENTES: INSTITUCION RESIDENCIAL"
X772,10868,"LESION AUTOINFLIGIDA INTENCIONALMENTE POR VAPOR DE AGUA, VAPORES Y OBJETOS CALIENTES: ESCUELAS, OTRAS INSTITUCIONES Y AREAS ADMINISTRATIVAS PUBLICAS"
X773,10869,"LESION AUTOINFLIGIDA INTENCIONALMENTE POR VAPOR DE AGUA, VAPORES Y OBJETOS CALIENTES: AREAS DE DEPORTE Y ATLETISMO"
X774,10870,"LESION AUTOINFLIGIDA INTENCIONALMENTE POR VAPOR DE AGUA, VAPORES Y OBJETOS CALIENTES: CALLES Y CARRETERAS"
X775,10871,"LESION AUTOINFLIGIDA INTENCIONALMENTE POR VAPOR DE AGUA, VAPORES Y OBJETOS CALIENTES: COMERCIO Y AREAS DE SERVICIO"
X776,10872,"LESION AUTOINFLIGIDA INTENCIONALMENTE POR VAPOR DE AGUA, VAPORES Y OBJETOS CALIENTES: AREA INDUSTRIAL Y DE LA CONSTRUCCION"
X777,10873,"LESION AUTOINFLIGIDA INTENCIONALMENTE POR VAPOR DE AGUA, VAPORES Y OBJETOS CALIENTES: GRANJA"
X778,10874,"LESION AUTOINFLIGIDA INTENCIONALMENTE POR VAPOR DE AGUA, VAPORES Y OBJETOS CALIENTES: OTRO LUGAR ESPECIFICADO"
X779,10875,"LESION AUTOINFLIGIDA INTENCIONALMENTE POR VAPOR DE AGUA, VAPORES Y OBJETOS CALIENTES: LUGAR NO ESPECIFICADO"
X780,10876,LESION AUTOINFLIGIDA INTENCIONALMENTE POR OBJETO CORTANTE: VIVIENDA
X781,10877,LESION AUTOINFLIGIDA INTENCIONALMENTE POR OBJETO CORTANTE: INSTITUCION RESIDENCIAL
X782,10878,"LESION AUTOINFLIGIDA INTENCIONALMENTE POR OBJETO CORTANTE: ESCUELAS, OTRAS INSTITUCIONES Y AREAS ADMINISTRATIVAS PUBLICAS"
X783,10879,LESION AUTOINFLIGIDA INTENCIONALMENTE POR OBJETO CORTANTE: AREAS DE DEPORTE Y ATLETISMO
X784,10880,LESION AUTOINFLIGIDA INTENCIONALMENTE POR OBJETO CORTANTE: CALLES Y CARRETERAS
X785,10881,LESION AUTOINFLIGIDA INTENCIONALMENTE POR OBJETO CORTANTE: COMERCIO Y AREAS DE SERVICIO
X786,10882,LESION AUTOINFLIGIDA INTENCIONALMENTE POR OBJETO CORTANTE: AREA INDUSTRIAL Y DE LA CONSTRUCCION
X787,10883,LESION AUTOINFLIGIDA INTENCIONALMENTE POR OBJETO CORTANTE: GRANJA
X788,10884,LESION AUTOINFLIGIDA INTENCIONALMENTE POR OBJETO CORTANTE: OTRO LUGAR ESPECIFICADO
X789,10885,LESION AUTOINFLIGIDA INTENCIONALMENTE POR OBJETO CORTANTE: LUGAR NO ESPECIFICADO
X790,10886,LESION AUTOINFLIGIDA INTENCIONALMENTE POR OBJETO ROMO O SIN FILO: VIVIENDA
X791,10887,LESION AUTOINFLIGIDA INTENCIONALMENTE POR OBJETO ROMO O SIN FILO: INSTITUCION RESIDENCIAL
X792,10888,"LESION AUTOINFLIGIDA INTENCIONALMENTE POR OBJETO ROMO O SIN FILO: ESCUELAS, OTRAS INSTITUCIONES Y AREAS ADMINISTRATIVAS PUBLICAS"
X793,10889,LESION AUTOINFLIGIDA INTENCIONALMENTE POR OBJETO ROMO O SIN FILO: AREAS DE DEPORTE Y ATLETISMO
X794,10890,LESION AUTOINFLIGIDA INTENCIONALMENTE POR OBJETO ROMO O SIN FILO: CALLES Y CARRETERAS
X795,10891,LESION AUTOINFLIGIDA INTENCIONALMENTE POR OBJETO ROMO O SIN FILO: COMERCIO Y AREAS DE SERVICIO
X796,10892,LESION AUTOINFLIGIDA INTENCIONALMENTE POR OBJETO ROMO O SIN FILO: AREA INDUSTRIAL Y DE LA CONSTRUCCION
X797,10893,LESION AUTOINFLIGIDA INTENCIONALMENTE POR OBJETO ROMO O SIN FILO: GRANJA
X798,10894,LESION AUTOINFLIGIDA INTENCIONALMENTE POR OBJETO ROMO O SIN FILO: OTRO LUGAR ESPECIFICADO
X799,10895,LESION AUTOINFLIGIDA INTENCIONALMENTE POR OBJETO ROMO O SIN FILO: LUGAR NO ESPECIFICADO
X800,10896,LESION AUTOINFLIGIDA INTENCIONALMENTE AL SALTAR DESDE UN LUGAR ELEVADO: VIVIENDA
X801,10897,LESION AUTOINFLIGIDA INTENCIONALMENTE AL SALTAR DESDE UN LUGAR ELEVADO: INSTITUCION RESIDENCIAL
X802,10898,"LESION AUTOINFLIGIDA INTENCIONALMENTE AL SALTAR DESDE UN LUGAR ELEVADO: ESCUELAS, OTRAS INSTITUCIONES Y AREAS ADMINISTRATIVAS PUBLICAS"
X803,10899,LESION AUTOINFLIGIDA INTENCIONALMENTE AL SALTAR DESDE UN LUGAR ELEVADO: AREAS DE DEPORTE Y ATLETISMO
X804,10900,LESION AUTOINFLIGIDA INTENCIONALMENTE AL SALTAR DESDE UN LUGAR ELEVADO: CALLES Y CARRETERAS
X805,10901,LESION AUTOINFLIGIDA INTENCIONALMENTE AL SALTAR DESDE UN LUGAR ELEVADO: COMERCIO Y AREAS DE SERVICIO
X806,10902,LESION AUTOINFLIGIDA INTENCIONALMENTE AL SALTAR DESDE UN LUGAR ELEVADO: AREA INDUSTRIAL Y DE LA CONSTRUCCION
X807,10903,LESION AUTOINFLIGIDA INTENCIONALMENTE AL SALTAR DESDE UN LUGAR ELEVADO: GRANJA
X808,10904,LESION AUTOINFLIGIDA INTENCIONALMENTE AL SALTAR DESDE UN LUGAR ELEVADO: OTRO LUGAR ESPECIFICADO
X809,10905,LESION AUTOINFLIGIDA INTENCIONALMENTE AL SALTAR DESDE UN LUGAR ELEVADO: LUGAR NO ESPECIFICADO
X810,10906,LESION AUTOINFLIGIDA INTENCIONALMENTE POR ARROJARSE O COLOCARSE DELANTE DE OBJETO EN MOVIMIENTO: VIVIENDA
X811,10907,LESION AUTOINFLIGIDA INTENCIONALMENTE POR ARROJARSE O COLOCARSE DELANTE DE OBJETO EN MOVIMIENTO: INSTITUCION RESIDENCIAL
X812,10908,"LESION AUTOINFLIGIDA INTENCIONALMENTE POR ARROJARSE O COLOCARSE DELANTE DE OBJETO EN MOVIMIENTO: ESCUELAS, OTRAS INSTITUCIONES Y AREAS ADMINISTRATIVAS PUBLICAS"
X813,10909,LESION AUTOINFLIGIDA INTENCIONALMENTE POR ARROJARSE O COLOCARSE DELANTE DE OBJETO EN MOVIMIENTO: AREAS DE DEPORTE Y ATLETISMO
X814,10910,LESION AUTOINFLIGIDA INTENCIONALMENTE POR ARROJARSE O COLOCARSE DELANTE DE OBJETO EN MOVIMIENTO: CALLES Y CARRETERAS
X815,10911,LESION AUTOINFLIGIDA INTENCIONALMENTE POR ARROJARSE O COLOCARSE DELANTE DE OBJETO EN MOVIMIENTO: COMERCIO Y AREAS DE SERVICIO
X816,10912,LESION AUTOINFLIGIDA INTENCIONALMENTE POR ARROJARSE O COLOCARSE DELANTE DE OBJETO EN MOVIMIENTO: AREA INDUSTRIAL Y DE LA CONSTRUCCION
X817,10913,LESION AUTOINFLIGIDA INTENCIONALMENTE POR ARROJARSE O COLOCARSE DELANTE DE OBJETO EN MOVIMIENTO: GRANJA
X818,10914,LESION AUTOINFLIGIDA INTENCIONALMENTE POR ARROJARSE O COLOCARSE DELANTE DE OBJETO EN MOVIMIENTO: OTRO LUGAR ESPECIFICADO
X819,10915,LESION AUTOINFLIGIDA INTENCIONALMENTE POR ARROJARSE O COLOCARSE DELANTE DE OBJETO EN MOVIMIENTO: LUGAR NO ESPECIFICADO
X820,10916,LESION AUTOINFLIGIDA INTENCIONALMENTE POR COLISION DE VEHICULO DE MOTOR: VIVIENDA
X821,10917,LESION AUTOINFLIGIDA INTENCIONALMENTE POR COLISION DE VEHICULO DE MOTOR: INSTITUCION RESIDENCIAL
X822,10918,"LESION AUTOINFLIGIDA INTENCIONALMENTE POR COLISION DE VEHICULO DE MOTOR: ESCUELAS, OTRAS INSTITUCIONES Y AREAS ADMINISTRATIVAS PUBLICAS"
X823,10919,LESION AUTOINFLIGIDA INTENCIONALMENTE POR COLISION DE VEHICULO DE MOTOR: AREAS DE DEPORTE Y ATLETISMO
X824,10920,LESION AUTOINFLIGIDA INTENCIONALMENTE POR COLISION DE VEHICULO DE MOTOR: CALLES Y CARRETERAS
X825,10921,LESION AUTOINFLIGIDA INTENCIONALMENTE POR COLISION DE VEHICULO DE MOTOR: COMERCIO Y AREAS DE SERVICIO
X826,10922,LESION AUTOINFLIGIDA INTENCIONALMENTE POR COLISION DE VEHICULO DE MOTOR: AREA INDUSTRIAL Y DE LA CONSTRUCCION
X827,10923,LESION AUTOINFLIGIDA INTENCIONALMENTE POR COLISION DE VEHICULO DE MOTOR: GRANJA
X828,10924,LESION AUTOINFLIGIDA INTENCIONALMENTE POR COLISION DE VEHICULO DE MOTOR: OTRO LUGAR ESPECIFICADO
X829,10925,LESION AUTOINFLIGIDA INTENCIONALMENTE POR COLISION DE VEHICULO DE MOTOR: LUGAR NO ESPECIFICADO
X830,10926,LESION AUTOINFLIGIDA INTENCIONALMENTE POR OTROS MEDIOS ESPECIFICADOS: VIVIENDA
X831,10927,LESION AUTOINFLIGIDA INTENCIONALMENTE POR OTROS MEDIOS ESPECIFICADOS: INSTITUCION RESIDENCIAL
X832,10928,"LESION AUTOINFLIGIDA INTENCIONALMENTE POR OTROS MEDIOS ESPECIFICADOS: ESCUELAS, OTRAS INSTITUCIONES Y AREAS ADMINISTRATIVAS PUBLICAS"
X833,10929,LESION AUTOINFLIGIDA INTENCIONALMENTE POR OTROS MEDIOS ESPECIFICADOS: AREAS DE DEPORTE Y ATLETISMO
X834,10930,LESION AUTOINFLIGIDA INTENCIONALMENTE POR OTROS MEDIOS ESPECIFICADOS: CALLES Y CARRETERAS
X835,10931,LESION AUTOINFLIGIDA INTENCIONALMENTE POR OTROS MEDIOS ESPECIFICADOS: COMERCIO Y AREAS DE SERVICIO
X836,10932,LESION AUTOINFLIGIDA INTENCIONALMENTE POR OTROS MEDIOS ESPECIFICADOS: AREA INDUSTRIAL Y DE LA CONSTRUCCION
X837,10933,LESION AUTOINFLIGIDA INTENCIONALMENTE POR OTROS MEDIOS ESPECIFICADOS: GRANJA
X838,10934,LESION AUTOINFLIGIDA INTENCIONALMENTE POR OTROS MEDIOS ESPECIFICADOS: OTRO LUGAR ESPECIFICADO
X839,10935,LESION AUTOINFLIGIDA INTENCIONALMENTE POR OTROS MEDIOS ESPECIFICADOS: LUGAR NO ESPECIFICADO
X840,10936,LESION AUTOINFLIGIDA INTENCIONALMENTE POR MEDIOS NO ESPECIFICADOS: VIVIENDA
X841,10937,LESION AUTOINFLIGIDA INTENCIONALMENTE POR MEDIOS NO ESPECIFICADOS: INSTITUCION RESIDENCIAL
X842,10938,"LESION AUTOINFLIGIDA INTENCIONALMENTE POR MEDIOS NO ESPECIFICADOS: ESCUELAS, OTRAS INSTITUCIONES Y AREAS ADMINISTRATIVAS PUBLICAS"
X843,10939,LESION AUTOINFLIGIDA INTENCIONALMENTE POR MEDIOS NO ESPECIFICADOS: AREAS DE DEPORTE Y ATLETISMO
X844,10940,LESION AUTOINFLIGIDA INTENCIONALMENTE POR MEDIOS NO ESPECIFICADOS: CALLES Y CARRETERAS
X845,10941,LESION AUTOINFLIGIDA INTENCIONALMENTE POR MEDIOS NO ESPECIFICADOS: COMERCIO Y AREAS DE SERVICIO
X846,10942,LESION AUTOINFLIGIDA INTENCIONALMENTE POR MEDIOS NO ESPECIFICADOS: AREA INDUSTRIAL Y DE LA CONSTRUCCION
X847,10943,LESION AUTOINFLIGIDA INTENCIONALMENTE POR MEDIOS NO ESPECIFICADOS: GRANJA
X848,10944,LESION AUTOINFLIGIDA INTENCIONALMENTE POR MEDIOS NO ESPECIFICADOS: OTRO LUGAR ESPECIFICADO
X849,10945,LESION AUTOINFLIGIDA INTENCIONALMENTE POR MEDIOS NO ESPECIFICADOS: LUGAR NO ESPECIFICADO
X850,10946,"AGRESION CON DROGAS, MEDICAMENTOS Y SUSTANCIAS BIOLOGICAS: VIVIENDA"
X851,10947,"AGRESION CON DROGAS, MEDICAMENTOS Y SUSTANCIAS BIOLOGICAS: INSTITUCION RESIDENCIAL"
X852,10948,"AGRESION CON DROGAS, MEDICAMENTOS Y SUSTANCIAS BIOLOGICAS: ESCUELAS, OTRAS INSTITUCIONES Y AREAS ADMINISTRATIVAS PUBLICAS"
X853,10949,"AGRESION CON DROGAS, MEDICAMENTOS Y SUSTANCIAS BIOLOGICAS: AREAS DE DEPORTE Y ATLETISMO"
X854,10950,"AGRESION CON DROGAS, MEDICAMENTOS Y SUSTANCIAS BIOLOGICAS: CALLES Y CARRETERAS"
X855,10951,"AGRESION CON DROGAS, MEDICAMENTOS Y SUSTANCIAS BIOLOGICAS: COMERCIO Y AREAS DE SERVICIO"
X856,10952,"AGRESION CON DROGAS, MEDICAMENTOS Y SUSTANCIAS BIOLOGICAS: AREA INDUSTRIAL Y DE LA CONSTRUCCION"
X857,10953,"AGRESION CON DROGAS, MEDICAMENTOS Y SUSTANCIAS BIOLOGICAS: GRANJA"
X858,10954,"AGRESION CON DROGAS, MEDICAMENTOS Y SUSTANCIAS BIOLOGICAS: OTRO LUGAR ESPECIFICADO"
X859,10955,"AGRESION CON DROGAS, MEDICAMENTOS Y SUSTANCIAS BIOLOGICAS: LUGAR NO ESPECIFICADO"
X860,10956,AGRESION CON SUSTANCIA CORROSIVA: VIVIENDA
X861,10957,AGRESION CON SUSTANCIACORROSIVA: INSTITUCION RESIDENCIAL
X862,10958,"AGRESION CON SUSTANCIA CORROSIVA: ESCUELAS, OTRAS INSTITUCIONES Y AREAS ADMINISTRATIVAS PUBLICAS"
X863,10959,AGRESION CON SUSTANCIACORROSIVA: AREAS DE DEPORTE Y ATLETISMO
X864,10960,AGRESION CON SUSTANCIA CORROSIVA: CALLES Y CARRETERAS
X865,10961,AGRESION CON SUSTANCIA CORROSIVA: COMERCIO Y AREAS DE SERVICIO
X866,10962,AGRESION CON SUSTANCIA CORROSIVA: AREA INDUSTRIAL Y DE LA CONSTRUCCION
X867,10963,AGRESION CON SUSTANCIA CORROSIVA: GRANJA
X868,10964,AGRESION CON SUSTANCIACORROSIVA: OTRO LUGAR ESPECIFICADO
X869,10965,AGRESION CON SUSTANCIA CORROSIVA: LUGAR NO ESPECIFICADO
X870,10966,AGRESION CON PLAGUICIDAS: VIVIENDA
X871,10967,AGRESION CON PLAGUICIDAS: INSTITUCION RESIDENCIAL
X872,10968,"AGRESION CON PLAGUICIDAS: ESCUELAS, OTRAS INSTITUCIONES Y AREAS ADMINISTRATIVAS PUBLICAS"
X873,10969,AGRESION CON PLAGUICIDAS: AREAS DE DEPORTE Y ATLETISMO
X874,10970,AGRESION CON PLAGUICIDAS: CALLES Y CARRETERAS
X875,10971,AGRESION CON PLAGUICIDAS: COMERCIO Y AREAS DE SERVICIO
X876,10972,AGRESION CON PLAGUICIDAS: AREA INDUSTRIAL Y DE LA CONSTRUCCION
X877,10973,AGRESION CON PLAGUICIDAS: GRANJA
X878,10974,AGRESION CON PLAGUICIDAS: OTRO LUGAR ESPECIFICADO
X879,10975,AGRESION CON PLAGUICIDAS: LUGAR NO ESPECIFICADO
X880,10976,AGRESION CON GASES Y VAPORES: VIVIENDA
X881,10977,AGRESION CON GASES Y VAPORES: INSTITUCION RESIDENCIAL
X882,10978,"AGRESION CON GASES Y VAPORES: ESCUELAS, OTRAS INSTITUCIONES Y AREAS ADMINISTRATIVAS PUBLICAS"
X883,10979,AGRESION CON GASES Y VAPORES: AREAS DE DEPORTE Y ATLETISMO
X884,10980,AGRESION CON GASES Y VAPORES: CALLES Y CARRETERAS
X885,10981,AGRESION CON GASES Y VAPORES: COMERCIO Y AREAS DE SERVICIO
X886,10982,AGRESION CON GASES Y VAPORES: AREA INDUSTRIAL Y DE LA CONSTRUCCION
X887,10983,AGRESION CON GASES Y VAPORES: GRANJA
X888,10984,AGRESION CON GASES Y VAPORES: OTRO LUGAR ESPECIFICADO
X889,10985,AGRESION CON GASES Y VAPORES: LUGAR NO ESPECIFICADO
X890,10986,AGRESION CON OTROS PRODUCTOS QUIMICOS Y SUSTANCIAS NOCIVAS ESPECIFICADAS: VIVIENDA
X891,10987,AGRESION CON OTROS PRODUCTOS QUIMICOS Y SUSTANCIAS NOCIVAS ESPECIFICADAS: INSTITUCION RESIDENCIAL
X892,10988,"AGRESION CON OTROS PRODUCTOS QUIMICOS Y SUSTANCIAS NOCIVAS ESPECIFICADAS: ESCUELAS, OTRAS INSTITUCIONES Y AREAS ADMINISTRATIVAS PUBLICAS"
X893,10989,AGRESION CON OTROS PRODUCTOS QUIMICOS Y SUSTANCIAS NOCIVAS ESPECIFICADAS: AREAS DE DEPORTE Y ATLETISMO
X894,10990,AGRESION CON OTROS PRODUCTOS QUIMICOS Y SUSTANCIAS NOCIVAS ESPECIFICADAS: CALLES Y CARRETERAS
X895,10991,AGRESION CON OTROS PRODUCTOS QUIMICOS Y SUSTANCIAS NOCIVAS ESPECIFICADAS: COMERCIO Y AREAS DE SERVICIO
X896,10992,AGRESION CON OTROS PRODUCTOS QUIMICOS Y SUSTANCIAS NOCIVAS ESPECIFICADAS: AREA INDUSTRIAL Y DE LA CONSTRUCCION
X897,10993,AGRESION CON OTROS PRODUCTOS QUIMICOS Y SUSTANCIAS NOCIVAS ESPECIFICADAS: GRANJA
X898,10994,AGRESION CON OTROS PRODUCTOS QUIMICOS Y SUSTANCIAS NOCIVAS ESPECIFICADAS: OTRO LUGAR ESPECIFICADO
X899,10995,AGRESION CON OTROS PRODUCTOS QUIMICOS Y SUSTANCIAS NOCIVAS ESPECIFICADAS: LUGAR NO ESPECIFICADO
X900,10996,AGRESION CON PRODUCTOS QUIMICOS Y SUSTANCIAS NOCIVAS NO ESPECIFICADAS: VIVIENDA
X901,10997,AGRESION CON PRODUCTOS QUIMICOS Y SUSTANCIAS NOCIVAS NO ESPECIFICADAS: INSTITUCION RESIDENCIAL
X902,10998,"AGRESION CON PRODUCTOS QUIMICOS Y SUSTANCIAS NOCIVAS NO ESPECIFICADAS: ESCUELAS, OTRAS INSTITUCIONES Y AREAS ADMINISTRATIVAS PUBLICAS"
X903,10999,AGRESION CON PRODUCTOS QUIMICOS Y SUSTANCIAS NOCIVAS NO ESPECIFICADAS: AREAS DE DEPORTE Y ATLETISMO
X904,11000,AGRESION CON PRODUCTOS QUIMICOS Y SUSTANCIAS NOCIVAS NO ESPECIFICADAS: CALLES Y CARRETERAS
X905,11001,AGRESION CON PRODUCTOS QUIMICOS Y SUSTANCIAS NOCIVAS NO ESPECIFICADAS: COMERCIO Y AREAS DE SERVICIO
X906,11002,AGRESION CON PRODUCTOS QUIMICOS Y SUSTANCIAS NOCIVAS NO ESPECIFICADAS: AREA INDUSTRIAL Y DE LA CONSTRUCCION
X907,11003,AGRESION CON PRODUCTOS QUIMICOS Y SUSTANCIAS NOCIVAS NO ESPECIFICADAS: GRANJA
X908,11004,AGRESION CON PRODUCTOS QUIMICOS Y SUSTANCIAS NOCIVAS NO ESPECIFICADAS: OTRO LUGAR ESPECIFICADO
X909,11005,AGRESION CON PRODUCTOS QUIMICOS Y SUSTANCIAS NOCIVAS NO ESPECIFICADAS: LUGAR NO ESPECIFICADO
X910,11006,"AGRESION POR AHORCAMIENTO, ESTRANGULAMIENTO Y SOFOCACION: VIVIENDA"
X911,11007,"AGRESION POR AHORCAMIENTO, ESTRANGULAMIENTO Y SOFOCACION: INSTITUCION RESIDENCIAL"
X912,11008,"AGRESION POR AHORCAMIENTO, ESTRANGULAMIENTO Y SOFOCACION: ESCUELAS, OTRAS INSTITUCIONES Y AREAS ADMINISTRATIVAS PUBLICAS"
X913,11009,"AGRESION POR AHORCAMIENTO, ESTRANGULAMIENTO Y SOFOCACION: AREAS DE DEPORTE Y ATLETISMO"
X914,11010,"AGRESION POR AHORCAMIENTO, ESTRANGULAMIENTO Y SOFOCACION: CALLES Y CARRETERAS"
X915,11011,"AGRESION POR AHORCAMIENTO, ESTRANGULAMIENTO Y SOFOCACION: COMERCIO Y AREAS DE SERVICIO"
X916,11012,"AGRESION POR AHORCAMIENTO, ESTRANGULAMIENTO Y SOFOCACION: AREA INDUSTRIAL Y DE LA CONSTRUCCION"
X917,11013,"AGRESION POR AHORCAMIENTO, ESTRANGULAMIENTO Y SOFOCACION: GRANJA"
X918,11014,"AGRESION POR AHORCAMIENTO, ESTRANGULAMIENTO Y SOFOCACION: OTRO LUGAR ESPECIFICADO"
X919,11015,"AGRESION POR AHORCAMIENTO, ESTRANGULAMIENTO Y SOFOCACION: LUGAR NO ESPECIFICADO"
X920,11016,AGRESION POR AHOGAMIENTO Y SUMERSION: VIVIENDA
X921,11017,AGRESION POR AHOGAMIENTO Y SUMERSION: INSTITUCION RESIDENCIAL
X922,11018,"AGRESION POR AHOGAMIENTO Y SUMERSION: ESCUELAS, OTRAS INSTITUCIONES Y AREAS ADMINISTRATIVAS PUBLICAS"
X923,11019,AGRESION POR AHOGAMIENTO Y SUMERSION: AREAS DE DEPORTE Y ATLETISMO
X924,11020,AGRESION POR AHOGAMIENTO Y SUMERSION: CALLES Y CARRETERAS
X925,11021,AGRESION POR AHOGAMIENTO Y SUMERSION: COMERCIO Y AREAS DE SERVICIO
X926,11022,AGRESION POR AHOGAMIENTO Y SUMERSION: AREA INDUSTRIAL Y DE LA CONSTRUCCION
X927,11023,AGRESION POR AHOGAMIENTO Y SUMERSION: GRANJA
X928,11024,AGRESION POR AHOGAMIENTO Y SUMERSION: OTRO LUGAR ESPECIFICADO
X929,11025,AGRESION POR AHOGAMIENTO Y SUMERSION: LUGAR NO ESPECIFICADO
X930,11026,AGRESION CON DISPARO DE ARMA CORTA: VIVIENDA
X931,11027,AGRESION CON DISPARO DE ARMA CORTA: INSTITUCION RESIDENCIAL
X932,11028,"AGRESION CON DISPARO DE ARMA CORTA: ESCUELAS, OTRAS INSTITUCIONES Y AREAS ADMINISTRATIVAS PUBLICAS"
X933,11029,AGRESION CON DISPARO DE ARMA CORTA: AREAS DE DEPORTE Y ATLETISMO
X934,11030,AGRESION CON DISPARO DE ARMA CORTA: CALLES Y CARRETERAS
X935,11031,AGRESION CON DISPARO DE ARMA CORTA: COMERCIO Y AREAS DE SERVICIO
X936,11032,AGRESION CON DISPARO DE ARMA CORTA: AREA INDUSTRIAL Y DE LA CONSTRUCCION
X937,11033,AGRESION CON DISPARO DE ARMA CORTA: GRANJA
X938,11034,AGRESION CON DISPARO DE ARMA CORTA: OTRO LUGAR ESPECIFICADO
X939,11035,AGRESION CON DISPARO DE ARMA CORTA: LUGAR NO ESPECIFICADO
X940,11036,"AGRESION CON DISPARO DE RIFLE, ESCOPETA Y ARMA LARGA: VIVIENDA"
X941,11037,"AGRESION CON DISPARO DE RIFLE, ESCOPETA Y ARMA LARGA: INSTITUCION RESIDENCIAL"
X942,11038,"AGRESION CON DISPARO DE RIFLE, ESCOPETA Y ARMA LARGA: ESCUELAS, OTRAS INSTITUCIONES Y AREAS ADMINISTRATIVAS PUBLICAS"
X943,11039,"AGRESION CON DISPARO DE RIFLE, ESCOPETA Y ARMA LARGA: AREAS DE DEPORTE Y ATLETISMO"
X944,11040,"AGRESION CON DISPARO DE RIFLE, ESCOPETA Y ARMA LARGA: CALLES Y CARRETERAS"
X945,11041,"AGRESION CON DISPARO DE RIFLE, ESCOPETA Y ARMA LARGA: COMERCIO Y AREAS DE SERVICIO"
X946,11042,"AGRESION CON DISPARO DE RIFLE, ESCOPETA Y ARMA LARGA: AREA INDUSTRIAL Y DE LA CONSTRUCCION"
X947,11043,"AGRESION CON DISPARO DE RIFLE, ESCOPETA Y ARMA LARGA: GRANJA"
X948,11044,"AGRESION CON DISPARO DE RIFLE, ESCOPETA Y ARMA LARGA: OTRO LUGAR ESPECIFICADO"
X949,11045,"AGRESION CON DISPARO DE RIFLE, ESCOPETA Y ARMA LARGA: LUGAR NO ESPECIFICADO"
X950,11046,"AGRESION CON DISPARO DE OTRAS ARMAS DE FUEGO, Y LAS NO ESPECIFICADAS: VIVIENDA"
X951,11047,"AGRESION CON DISPARO DE OTRAS ARMAS DE FUEGO, Y LAS NO ESPECIFICADAS: INSTITUCION RESIDENCIAL"
X952,11048,"AGRESION CON DISPARO DE OTRAS ARMAS DE FUEGO, Y LAS NO ESPECIFICADAS: ESCUELAS, OTRAS INSTITUCIONES Y AREAS ADMINISTRATIVAS PUBLICAS"
X953,11049,"AGRESION CON DISPARO DE OTRAS ARMAS DE FUEGO, Y LAS NO ESPECIFICADAS: AREAS DE DEPORTE Y ATLETISMO"
X954,11050,"AGRESION CON DISPARO DE OTRAS ARMAS DE FUEGO, Y LAS NO ESPECIFICADAS: CALLES Y CARRETERAS"
X955,11051,"AGRESION CON DISPARO DE OTRAS ARMAS DE FUEGO, Y LAS NO ESPECIFICADAS: COMERCIO Y AREAS DE SERVICIO"
X956,11052,"AGRESION CON DISPARO DE OTRAS ARMAS DE FUEGO, Y LAS NO ESPECIFICADAS: AREA INDUSTRIAL Y DE LA CONSTRUCCION"
X957,11053,"AGRESION CON DISPARO DE OTRAS ARMAS DE FUEGO, Y LAS NO ESPECIFICADAS: GRANJA"
X958,11054,"AGRESION CON DISPARO DE OTRAS ARMAS DE FUEGO, Y LAS NO ESPECIFICADAS: OTRO LUGAR ESPECIFICADO"
X959,11055,"AGRESION CON DISPARO DE OTRAS ARMAS DE FUEGO, Y LAS NO ESPECIFICADAS: LUGAR NO ESPECIFICADO"
X960,11056,AGRESION CON MATERIAL EXPLOSIVO: VIVIENDA
X961,11057,AGRESION CON MATERIAL EXPLOSIVO: INSTITUCION RESIDENCIAL
X962,11058,"AGRESION CON MATERIAL EXPLOSIVO: ESCUELAS, OTRAS INSTITUCIONES Y AREAS ADMINISTRATIVAS PUBLICAS"
X963,11059,AGRESION CON MATERIAL EXPLOSIVO: AREAS DE DEPORTE Y ATLETISMO
X964,11060,AGRESION CON MATERIAL EXPLOSIVO: CALLES Y CARRETERAS
X965,11061,AGRESION CON MATERIAL EXPLOSIVO: COMERCIO Y AREAS DE SERVICIO
X966,11062,AGRESION CON MATERIAL EXPLOSIVO: AREA INDUSTRIAL Y DE LA CONSTRUCCION
X967,11063,AGRESION CON MATERIAL EXPLOSIVO: GRANJA
X968,11064,AGRESION CON MATERIAL EXPLOSIVO: OTRO LUGAR ESPECIFICADO
X969,11065,AGRESION CON MATERIAL EXPLOSIVO: LUGAR NO ESPECIFICADO
X970,11066,"AGRESION CON HUMO, FUEGO Y LLAMAS: VIVIENDA"
X971,11067,"AGRESION CON HUMO, FUEGO Y LLAMAS: INSTITUCION RESIDENCIAL"
X972,11068,"AGRESION CON HUMO, FUEGO Y LLAMAS: ESCUELAS, OTRAS INSTITUCIONES Y AREAS ADMINISTRATIVAS PUBLICAS"
X973,11069,"AGRESION CON HUMO, FUEGO Y LLAMAS: AREAS DE DEPORTE Y ATLETISMO"
X974,11070,"AGRESION CON HUMO, FUEGO Y LLAMAS: CALLES Y CARRETERAS"
X975,11071,"AGRESION CON HUMO, FUEGO Y LLAMAS: COMERCIO Y AREAS DE SERVICIO"
X976,11072,"AGRESION CON HUMO, FUEGO Y LLAMAS: AREA INDUSTRIAL Y DE LA CONSTRUCCION"
X977,11073,"AGRESION CON HUMO, FUEGO Y LLAMAS: GRANJA"
X978,11074,"AGRESION CON HUMO, FUEGO Y LLAMAS: OTRO LUGAR ESPECIFICADO"
X979,11075,"AGRESION CON HUMO, FUEGO Y LLAMAS: LUGAR NO ESPECIFICADO"
X980,11076,"AGRESION CON VAPOR DE AGUA, VAPORES Y OBJETOS CALIENTES: VIVIENDA"
X981,11077,"AGRESION CON VAPOR DE AGUA, VAPORES Y OBJETOS CALIENTES: INSTITUCION RESIDENCIAL"
X982,11078,"AGRESION CON VAPOR DE AGUA, VAPORES Y OBJETOS CALIENTES: ESCUELAS, OTRAS INSTITUCIONES Y AREAS ADMINISTRATIVAS PUBLICAS"
X983,11079,"AGRESION CON VAPOR DE AGUA, VAPORES Y OBJETOS CALIENTES: AREAS DE DEPORTE Y ATLETISMO"
X984,11080,"AGRESION CON VAPOR DE AGUA, VAPORES Y OBJETOS CALIENTES: CALLES Y CARRETERAS"
X985,11081,"AGRESION CON VAPOR DE AGUA, VAPORES Y OBJETOS CALIENTES: COMERCIO Y AREAS DE SERVICIO"
X986,11082,"AGRESION CON VAPOR DE AGUA, VAPORES Y OBJETOS CALIENTES: AREA INDUSTRIAL Y DE LA CONSTRUCCION"
X987,11083,"AGRESION CON VAPOR DE AGUA, VAPORES Y OBJETOS CALIENTES: GRANJA"
X988,11084,"AGRESION CON VAPOR DE AGUA, VAPORES Y OBJETOS CALIENTES: OTRO LUGAR ESPECIFICADO"
X989,11085,"AGRESION CON VAPOR DE AGUA, VAPORES Y OBJETOS CALIENTES: LUGAR NO ESPECIFICADO"
X990,11086,AGRESION CON OBJETO CORTANTE: VIVIENDA
X991,11087,AGRESION CON OBJETO CORTANTE: INSTITUCION RESIDENCIAL
X992,11088,"AGRESION CON OBJETO CORTANTE: ESCUELAS, OTRAS INSTITUCIONES Y AREAS ADMINISTRATIVAS PUBLICAS"
X993,11089,AGRESION CON OBJETO CORTANTE: AREAS DE DEPORTE Y ATLETISMO
X994,11090,AGRESION CON OBJETO CORTANTE: CALLES Y CARRETERAS
X995,11091,AGRESION CON OBJETO CORTANTE: COMERCIO Y AREAS DE SERVICIO
X996,11092,AGRESION CON OBJETO CORTANTE: AREA INDUSTRIAL Y DE LA CONSTRUCCION
X997,11093,AGRESION CON OBJETO CORTANTE: GRANJA
X998,11094,AGRESION CON OBJETO CORTANTE: OTRO LUGAR ESPECIFICADO
X999,11095,AGRESION CON OBJETO CORTANTE: LUGAR NO ESPECIFICADO
Y000,11096,AGRESION CON OBJETO ROMO O SIN FILO: VIVIENDA
Y001,11097,AGRESION CON OBJETO ROMO O SIN FILO: INSTITUCION RESIDENCIAL
Y002,11098,AGRESION CON OBJETO ROMO O SIN FILO: ESCUELAS OTRAS INSTITUCIONES Y AREAS ADMINISTRATIVAS
Y003,11099,AGRESION CON OBJETO ROMO O SIN FILO: AREAS DE DEPORTE Y ATLETISMO
Y004,11100,AGRESION CON OBJETO ROMO O SIN FILO: CALLES Y CARRETERAS
Y005,11101,AGRESION CON OBJETO ROMO O SIN FILO: COMERCIO Y AREA DE SERVICIOS
Y006,11102,AGRESION CON OBJETO ROMO O SIN FILO: AREA INDUSTRIAL Y DE LA CONSTRUCCION
Y007,11103,AGRESION CON OBJETO ROMO O SIN FILO: GRANJA
Y008,11104,AGRESION CON OBJETO ROMO O SIN FILO: OTRO LUGAR ESPECIFICADO
Y009,11105,AGRESION CON OBJETO ROMO O SIN FILO: LUGAR NO ESPECIFICADO
Y010,11106,AGRESION POR EMPUJON DESDE UN LUGAR ELEVADO: VIVIENDA
Y011,11107,AGRESION POR EMPUJON DESDE UN LUGAR ELEVADO: INSTITUCION RESIDENCIAL
Y012,11108,AGRESION POR EMPUJON DESDE UN LUGAR ELEVADO: ESCUELAS OTRAS INSTITUCIONES Y AREAS ADMINISTRATIVAS
Y013,11109,AGRESION POR EMPUJON DESDE UN LUGAR ELEVADO: AREAS DE DEPORTE Y ATLETISMO
Y014,11110,AGRESION POR EMPUJON DESDE UN LUGAR ELEVADO: CALLES Y CARRETERAS
Y015,11111,AGRESION POR EMPUJON DESDE UN LUGAR ELEVADO: COMERCIO Y AREA DE SERVICIOS
Y016,11112,AGRESION POR EMPUJON DESDE UN LUGAR ELEVADO: AREA INDUSTRIAL Y DE LA CONSTRUCCION
Y017,11113,AGRESION POR EMPUJON DESDE UN LUGAR ELEVADO: GRANJA
Y018,11114,AGRESION POR EMPUJON DESDE UN LUGAR ELEVADO: OTRO LUGAR ESPECIFICADO
Y019,11115,AGRESION POR EMPUJON DESDE UN LUGAR ELEVADO: LUGAR NO ESPECIFICADO
Y020,11116,AGRESION POR EMPUJAR O COLOCAR A LA VICTIMA DELANTE DE OBJETO EN MOVIMIENTO: VIVIENDA
Y021,11117,AGRESION POR EMPUJAR O COLOCAR A LA VICTIMA DELANTE DE OBJETO EN MOVIMIENTO: INSTITUCION RESIDENCIAL
Y022,11118,AGRESION POR EMPUJAR O COLOCAR A LA VICTIMA DELANTE DE OBJETO EN MOVIMIENTO: ESCUELAS OTRAS INSTITUCIONES Y AREAS ADMINISTRATIVAS
Y023,11119,AGRESION POR EMPUJAR O COLOCAR A LA VICTIMA DELANTE DE OBJETO EN MOVIMIENTO: AREAS DE DEPORTE Y ATLETISMO
Y024,11120,AGRESION POR EMPUJAR O COLOCAR A LA VICTIMA DELANTE DE OBJETO EN MOVIMIENTO: CALLES Y CARRETERAS
Y025,11121,AGRESION POR EMPUJAR O COLOCAR A LA VICTIMA DELANTE DE OBJETO EN MOVIMIENTO: COMERCIO Y AREA DE SERVICIOS
Y026,11122,AGRESION POR EMPUJAR O COLOCAR A LA VICTIMA DELANTE DE OBJETO EN MOVIMIENTO: AREA INDUSTRIAL Y DE LA CONSTRUCCION
Y027,11123,AGRESION POR EMPUJAR O COLOCAR A LA VICTIMA DELANTE DE OBJETO EN MOVIMIENTO: GRANJA
Y028,11124,AGRESION POR EMPUJAR O COLOCAR A LA VICTIMA DELANTE DE OBJETO EN MOVIMIENTO: OTRO LUGAR ESPECIFICADO
Y029,11125,AGRESION POR EMPUJAR O COLOCAR A LA VICTIMA DELANTE DE OBJETO EN MOVIMIENTO: LUGAR NO ESPECIFICADO
Y030,11126,AGRESION POR COLISION DE VEHICULO DE MOTOR: VIVIENDA
Y031,11127,AGRESION POR COLISION DE VEHICULO DE MOTOR: INSTITUCION RESIDENCIAL
Y032,11128,"AGRESION POR COLISION DE VEHICULO DE MOTOR: ESCUELAS, OTRAS INSTITUCIONES Y AREAS ADMINISTRATIVAS"
Y033,11129,AGRESION POR COLISION DE VEHICULO DE MOTOR: AREAS DE DEPORTE Y ATLETISMO
Y034,11130,AGRESION POR COLISION DE VEHICULO DE MOTOR: CALLES Y CARRETERAS
Y035,11131,AGRESION POR COLISION DE VEHICULO DE MOTOR: COMERCIO Y AREA DE SERVICIOS
Y036,11132,AGRESION POR COLISION DE VEHICULO DE MOTOR: AREA INDUSTRIAL Y DE LA CONSTRUCCION
Y037,11133,AGRESION POR COLISION DE VEHICULO DE MOTOR: GRANJA
Y038,11134,AGRESION POR COLISION DE VEHICULO DE MOTOR: OTRO LUGAR ESPECIFICADO
Y039,11135,AGRESION POR COLISION DE VEHICULO DE MOTOR: LUGAR NO ESPECIFICADO
Y040,11136,AGRESION CON FUERZA CORPORAL: VIVIENDA
Y041,11137,AGRESION CON FUERZA CORPORAL: INSTITUCION RESIDENCIAL
Y042,11138,"AGRESION CON FUERZA CORPORAL: ESCUELAS, OTRAS INSTITUCIONES Y AREAS ADMINISTRATIVAS"
Y043,11139,AGRESION CON FUERZA CORPORAL: AREAS DE DEPORTE Y ATLETISMO
Y044,11140,AGRESION CON FUERZA CORPORAL: CALLES Y CARRETERAS
Y045,11141,AGRESION CON FUERZA CORPORAL: COMERCIO Y AREA DE SERVICIOS
Y046,11142,AGRESION CON FUERZA CORPORAL: AREA INDUSTRIAL Y DE LA CONSTRUCCION
Y047,11143,AGRESION CON FUERZA CORPORAL: GRANJA
Y048,11144,AGRESION CON FUERZA CORPORAL: OTRO LUGAR ESPECIFICADO
Y049,11145,AGRESION CON FUERZA CORPORAL: LUGAR NO ESPECIFICADO
Y050,11146,AGRESION SEXUAL CON FUERZA CORPORAL: VIVIENDA
Y051,11147,AGRESION SEXUAL CON FUERZA CORPORAL: INSTITUCION RESIDENCIAL
Y052,11148,"AGRESION SEXUAL CON FUERZA CORPORAL: ESCUELAS, OTRAS INSTITUCIONES Y AREAS ADMINISTRATIVAS"
Y053,11149,AGRESION SEXUAL CON FUERZA CORPORAL: AREAS DE DEPORTE Y ATLETISMO
Y054,11150,AGRESION SEXUAL CON FUERZA CORPORAL: CALLES Y CARRETERAS
Y055,11151,AGRESION SEXUAL CON FUERZA CORPORAL: COMERCIO Y AREA DE SERVICIOS
Y056,11152,AGRESION SEXUAL CON FUERZA CORPORAL: AREA INDUSTRIAL Y DE LA CONSTRUCCION
Y057,11153,AGRESION SEXUAL CON FUERZA CORPORAL: GRANJA
Y058,11154,AGRESION SEXUAL CON FUERZA CORPORAL: OTRO LUGAR ESPECIFICADO
Y059,11155,AGRESION SEXUAL CON FUERZA CORPORAL: LUGAR NO ESPECIFICADO
Y060,11156,NEGLICENCIA Y ABANDONO: POR ESPOSO O PAREJA
Y061,11157,NEGLICENCIA Y ABANDONO: POR PADRE O MADRE
Y062,11158,NEGLICENCIA Y ABANDONO: POR CONOCIDO O AMIGO
Y068,11159,NEGLICENCIA Y ABANDONO: POR OTRA PERSONA ESPECIFICADA
Y069,11160,NEGLICENCIA Y ABANDONO: POR PERSONA NO ESPECIFICADA
Y070,11161,OTROS SINDROMES DE MALTRATO: POR ESPOSO O PAREJA
Y071,11162,OTROS SINDROMES DE MALTRATO: POR PADRE O MADRE
Y072,11163,OTROS SINDROMES DE MALTRATO: POR CONOCIDO O AMIGO
Y073,11164,OTROS SINDROMES DE MALTRATO: POR AUTORIDADES OFICIALES
Y078,11165,OTROS SINDROMES DE MALTRATO: POR OTRA PERSONA ESPECIFICADA
Y079,11166,OTROS SINDROMES DE MALTRATO: POR PERSONA NO ESPECIFICADA
Y080,11167,AGRESION POR OTROS MEDIOS ESPECIFICADOS: VIVIENDA
Y081,11168,AGRESION POR OTROS MEDIOS ESPECIFICADOS: INSTITUCION RESIDENCIAL
Y082,11169,"AGRESION POR OTROS MEDIOS ESPECIFICADOS: ESCUELAS, OTRAS INSTITUCIONES Y AREAS ADMINISTRATIVAS"
Y083,11170,AGRESION POR OTROS MEDIOS ESPECIFICADOS: AREAS DE DEPORTE Y ATLETISMO
Y084,11171,AGRESION POR OTROS MEDIOS ESPECIFICADOS: CALLES Y CARRETERAS
Y085,11172,AGRESION POR OTROS MEDIOS ESPECIFICADOS: COMERCIO Y AREA DE SERVICIOS
Y086,11173,AGRESION POR OTROS MEDIOS ESPECIFICADOS: AREA INDUSTRIAL Y DE LA CONSTRUCCION
Y087,11174,AGRESION POR OTROS MEDIOS ESPECIFICADOS: GRANJA
Y088,11175,AGRESION POR OTROS MEDIOS ESPECIFICADOS: OTRO LUGAR ESPECIFICADO
Y089,11176,AGRESION POR OTROS MEDIOS ESPECIFICADOS: LUGAR NO ESPECIFICADO
Y090,11177,AGRESION POR MEDIOS NO ESPECIFICADOS: VIVIENDA
Y091,11178,AGRESION POR MEDIOS NO ESPECIFICADOS: INSTITUCION RESIDENCIAL
Y092,11179,AGRESION POR MEDIOS NO ESPECIFICADOS: ESCUELAS OTRAS INSTITUCIONES Y AREAS ADMINISTRATIVAS
Y093,11180,AGRESION POR MEDIOS NO ESPECIFICADOS: AREAS DE DEPORTE Y ATLETISMO
Y094,11181,AGRESION POR MEDIOS NO ESPECIFICADOS: CALLES Y CARRETERAS
Y095,11182,AGRESION POR MEDIOS NO ESPECIFICADOS: COMERCIO Y AREA DE SERVICIOS
Y096,11183,AGRESION POR MEDIOS NO ESPECIFICADOS: AREA INDUSTRIAL Y DE LA CONSTRUCCION
Y097,11184,AGRESION POR MEDIOS NO ESPECIFICADOS: GRANJA
Y098,11185,AGRESION POR MEDIOS NO ESPECIFICADOS: OTRO LUGAR ESPECIFICADO
Y099,11186,AGRESION POR MEDIOS NO ESPECIFICADOS: LUGAR NO ESPECIFICADO
Y100,11187,"ENVENENAMIENTO POR, Y EXPOSICION A ANALGESICOS NO NARCOTICOS, ANTIPIRETICOS Y ANTIRREUMATICOS, DE INTENCION NO DETERMINADA: VIVIENDA"
Y101,11188,"ENVENENAMIENTO POR, Y EXPOSICION A ANALGESICOS NO NARCOTICOS, ANTIPIRETICOS Y ANTIRREUMATICOS, DE INTENCION NO DETERMINADA: INSTITUCION RESIDENCIAL"
Y102,11189,"ENVENENAMIENTO POR, Y EXPOSICION A ANALGESICOS NO NARCOTICOS, ANTIPIRETICOS Y ANTIRREUMATICOS, DE INTENCION NO DETERMINADA: ESCUELAS OTRAS INSTITUCIONES Y AREAS ADMINISTRATIVAS"
Y103,11190,"ENVENENAMIENTO POR, Y EXPOSICION A ANALGESICOS NO NARCOTICOS, ANTIPIRETICOS Y ANTIRREUMATICOS, DE INTENCION NO DETERMINADA: AREAS DE DEPORTE Y ATLETISMO"
Y104,11191,"ENVENENAMIENTO POR, Y EXPOSICION A ANALGESICOS NO NARCOTICOS, ANTIPIRETICOS Y ANTIRREUMATICOS, DE INTENCION NO DETERMINADA: CALLES Y CARRETERAS"
Y105,11192,"ENVENENAMIENTO POR, Y EXPOSICION A ANALGESICOS NO NARCOTICOS, ANTIPIRETICOS Y ANTIRREUMATICOS, DE INTENCION NO DETERMINADA: COMERCIO Y AREA DE SERVICIOS"
Y106,11193,"ENVENENAMIENTO POR, Y EXPOSICION A ANALGESICOS NO NARCOTICOS, ANTIPIRETICOS Y ANTIRREUMATICOS, DE INTENCION NO DETERMINADA: AREA INDUSTRIAL Y DE LA CONSTRUCCION"
Y107,11194,"ENVENENAMIENTO POR, Y EXPOSICION A ANALGESICOS NO NARCOTICOS, ANTIPIRETICOS Y ANTIRREUMATICOS, DE INTENCION NO DETERMINADA: GRANJA"
Y108,11195,"ENVENENAMIENTO POR, Y EXPOSICION A ANALGESICOS NO NARCOTICOS, ANTIPIRETICOS Y ANTIRREUMATICOS, DE INTENCION NO DETERMINADA: OTRO LUGAR ESPECIFICADO"
Y109,11196,"ENVENENAMIENTO POR, Y EXPOSICION A ANALGESICOS NO NARCOTICOS, ANTIPIRETICOS Y ANTIRREUMATICOS, DE INTENCION NO DETERMINADA: LUGAR NO ESPECIFICADO"
Y110,11197,"ENVENENAMIENTO POR, Y EXPOSICION A DROGAS ANTIEPILEPTICAS, SEDANTES, HIPNOTICAS, ANTIPARKINSONIANAS Y PSICOTROPICAS, NO CLASIFICADAS EN OTRA PARTE, DE INTENCION NO DETERMINADA: VIVIENDA"
Y111,11198,"ENVENENAMIENTO POR, Y EXPOSICION A DROGAS ANTIEPILEPTICAS, SEDANTES, HIPNOTICAS, ANTIPARKINSONIANAS Y PSICOTROPICAS, NO CLASIFICADAS EN OTRA PARTE, DE INTENCION NO DETERMINADA: INSTITUCION RESIDENCIAL"
Y112,11199,"ENVENENAMIENTO POR, Y EXPOSICION A DROGAS ANTIEPILEPTICAS, SEDANTES, HIPNOTICAS, ANTIPARKINSONIANAS Y PSICOTROPICAS, NO CLASIFICADAS EN OTRA PARTE, DE INTENCION NO DETERMINADA: ESCUELAS OTRAS INSTITUCIONES Y AREAS ADMINISTRATIVAS"
Y113,11200,"ENVENENAMIENTO POR, Y EXPOSICION A DROGAS ANTIEPILEPTICAS, SEDANTES, HIPNOTICAS, ANTIPARKINSONIANAS Y PSICOTROPICAS, NO CLASIFICADAS EN OTRA PARTE, DE INTENCION NO DETERMINADA: AREAS DE DEPORTE Y ATLETISMO"
Y114,11201,"ENVENENAMIENTO POR, Y EXPOSICION A DROGAS ANTIEPILEPTICAS, SEDANTES, HIPNOTICAS, ANTIPARKINSONIANAS Y PSICOTROPICAS, NO CLASIFICADAS EN OTRA PARTE, DE INTENCION NO DETERMINADA: CALLES Y CARRETERAS"
Y115,11202,"ENVENENAMIENTO POR, Y EXPOSICION A DROGAS ANTIEPILEPTICAS, SEDANTES, HIPNOTICAS, ANTIPARKINSONIANAS Y PSICOTROPICAS, NO CLASIFICADAS EN OTRA PARTE, DE INTENCION NO DETERMINADA: COMERCIO Y AREA DE SERVICIOS"
Y116,11203,"ENVENENAMIENTO POR, Y EXPOSICION A DROGAS ANTIEPILEPTICAS, SEDANTES, HIPNOTICAS, ANTIPARKINSONIANAS Y PSICOTROPICAS, NO CLASIFICADAS EN OTRA PARTE, DE INTENCION NO DETERMINADA: AREA INDUSTRIAL Y DE LA CONSTRUCCION"
Y117,11204,"ENVENENAMIENTO POR, Y EXPOSICION A DROGAS ANTIEPILEPTICAS, SEDANTES, HIPNOTICAS, ANTIPARKINSONIANAS Y PSICOTROPICAS, NO CLASIFICADAS EN OTRA PARTE, DE INTENCION NO DETERMINADA: GRANJA"
Y118,11205,"ENVENENAMIENTO POR, Y EXPOSICION A DROGAS ANTIEPILEPTICAS, SEDANTES, HIPNOTICAS, ANTIPARKINSONIANAS Y PSICOTROPICAS, NO CLASIFICADAS EN OTRA PARTE, DE INTENCION NO DETERMINADA: OTRO LUGAR ESPECIFICADO"
Y119,11206,"ENVENENAMIENTO POR, Y EXPOSICION A DROGAS ANTIEPILEPTICAS, SEDANTES, HIPNOTICAS, ANTIPARKINSONIANAS Y PSICOTROPICAS, NO CLASIFICADAS EN OTRA PARTE, DE INTENCION NO DETERMINADA: LUGAR NO ESPECIFICADO"
Y120,11207,"ENVENENAMIENTO POR, Y EXPOSICION A NARCOTICOS Y PSICODISLEPTICOS [ALUCINOGENOS], NO CLASIFICADAS EN OTRA PARTE, DE INTENCION NO DETERMINADA: VIVIENDA"
Y121,11208,"ENVENENAMIENTO POR, Y EXPOSICION A NARCOTICOS Y PSICODISLEPTICOS [ALUCINOGENOS], NO CLASIFICADAS EN OTRA PARTE, DE INTENCION NO DETERMINADA: INSTITUCION RESIDENCIAL"
Y122,11209,"ENVENENAMIENTO POR, Y EXPOSICION A NARCOTICOS Y PSICODISLEPTICOS [ALUCINOGENOS], NO CLASIFICADAS EN OTRA PARTE, DE INTENCION NO DETERMINADA: ESCUELAS OTRAS INSTITUCIONES Y AREAS ADMINISTRATIVAS"
Y123,11210,"ENVENENAMIENTO POR, Y EXPOSICION A NARCOTICOS Y PSICODISLEPTICOS [ALUCINOGENOS], NO CLASIFICADAS EN OTRA PARTE, DE INTENCION NO DETERMINADA: AREAS DE DEPORTE Y ATLETISMO"
Y124,11211,"ENVENENAMIENTO POR, Y EXPOSICION A NARCOTICOS Y PSICODISLEPTICOS [ALUCINOGENOS], NO CLASIFICADAS EN OTRA PARTE, DE INTENCION NO DETERMINADA: CALLES Y CARRETERAS"
Y125,11212,"ENVENENAMIENTO POR, Y EXPOSICION A NARCOTICOS Y PSICODISLEPTICOS [ALUCINOGENOS], NO CLASIFICADAS EN OTRA PARTE, DE INTENCION NO DETERMINADA: COMERCIO Y AREA DE SERVICIOS"
Y126,11213,"ENVENENAMIENTO POR, Y EXPOSICION A NARCOTICOS Y PSICODISLEPTICOS [ALUCINOGENOS], NO CLASIFICADAS EN OTRA PARTE, DE INTENCION NO DETERMINADA: AREA INDUSTRIAL Y DE LA CONSTRUCCION"
Y127,11214,"ENVENENAMIENTO POR, Y EXPOSICION A NARCOTICOS Y PSICODISLEPTICOS [ALUCINOGENOS], NO CLASIFICADAS EN OTRA PARTE, DE INTENCION NO DETERMINADA: GRANJA"
Y128,11215,"ENVENENAMIENTO POR, Y EXPOSICION A NARCOTICOS Y PSICODISLEPTICOS [ALUCINOGENOS], NO CLASIFICADAS EN OTRA PARTE, DE INTENCION NO DETERMINADA: OTRO LUGAR ESPECIFICADO"
Y129,11216,"ENVENENAMIENTO POR, Y EXPOSICION A NARCOTICOS Y PSICODISLEPTICOS [ALUCINOGENOS], NO CLASIFICADAS EN OTRA PARTE, DE INTENCION NO DETERMINADA: LUGAR NO ESPECIFICADO"
Y130,11217,"ENVENENAMIENTO POR, Y EXPOSICION A OTRAS DROGAS QUE ACTUAN SOBRE EL SISTEMA NERVIOSO AUTONOMO, DE INTENCION NO DETERMINADA: VIVIENDA"
Y131,11218,"ENVENENAMIENTO POR, Y EXPOSICION A OTRAS DROGAS QUE ACTUAN SOBRE EL SISTEMA NERVIOSO AUTONOMO, DE INTENCION NO DETERMINADA: INSTITUCION RESIDENCIAL"
Y132,11219,"ENVENENAMIENTO POR, Y EXPOSICION A OTRAS DROGAS QUE ACTUAN SOBRE EL SISTEMA NERVIOSO AUTONOMO, DE INTENCION NO DETERMINADA: ESCUELAS OTRAS INSTITUCIONES Y AREAS ADMINISTRATIVAS"
Y133,11220,"ENVENENAMIENTO POR, Y EXPOSICION A OTRAS DROGAS QUE ACTUAN SOBRE EL SISTEMA NERVIOSO AUTONOMO, DE INTENCION NO DETERMINADA: AREAS DE DEPORTE Y ATLETISMO"
Y134,11221,"ENVENENAMIENTO POR, Y EXPOSICION A OTRAS DROGAS QUE ACTUAN SOBRE EL SISTEMA NERVIOSO AUTONOMO, DE INTENCION NO DETERMINADA: CALLES Y CARRETERAS"
Y135,11222,"ENVENENAMIENTO POR, Y EXPOSICION A OTRAS DROGAS QUE ACTUAN SOBRE EL SISTEMA NERVIOSO AUTONOMO, DE INTENCION NO DETERMINADA: COMERCIO Y AREA DE SERVICIOS"
Y136,11223,"ENVENENAMIENTO POR, Y EXPOSICION A OTRAS DROGAS QUE ACTUAN SOBRE EL SISTEMA NERVIOSO AUTONOMO, DE INTENCION NO DETERMINADA: AREA INDUSTRIAL Y DE LA CONSTRUCCION"
Y137,11224,"ENVENENAMIENTO POR, Y EXPOSICION A OTRAS DROGAS QUE ACTUAN SOBRE EL SISTEMA NERVIOSO AUTONOMO, DE INTENCION NO DETERMINADA: GRANJA"
Y138,11225,"ENVENENAMIENTO POR, Y EXPOSICION A OTRAS DROGAS QUE ACTUAN SOBRE EL SISTEMA NERVIOSO AUTONOMO, DE INTENCION NO DETERMINADA: OTRO LUGAR ESPECIFICADO"
Y139,11226,"ENVENENAMIENTO POR, Y EXPOSICION A OTRAS DROGAS QUE ACTUAN SOBRE EL SISTEMA NERVIOSO AUTONOMO, DE INTENCION NO DETERMINADA: LUGAR NO ESPECIFICADO"
Y140,11227,"ENVENENAMIENTO POR, Y EXPOSICION A OTRAS DROGAS, MEDICAMENTOS Y SUSTANCIAS BIOLOGICAS, Y LAS NO ESPECIFICADAS, DE INTENCION NO DETERMINADA: VIVIENDA"
Y141,11228,"ENVENENAMIENTO POR, Y EXPOSICION A OTRAS DROGAS, MEDICAMENTOS Y SUSTANCIAS BIOLOGICAS, Y LAS NO ESPECIFICADAS, DE INTENCION NO DETERMINADA: INSTITUCION RESIDENCIAL"
Y142,11229,"ENVENENAMIENTO POR, Y EXPOSICION A OTRAS DROGAS, MEDICAMENTOS Y SUSTANCIAS BIOLOGICAS, Y LAS NO ESPECIFICADAS, DE INTENCION NO DETERMINADA: ESCUELAS OTRAS INSTITUCIONES Y AREAS ADMINISTRATIVAS"
Y143,11230,"ENVENENAMIENTO POR, Y EXPOSICION A OTRAS DROGAS, MEDICAMENTOS Y SUSTANCIAS BIOLOGICAS, Y LAS NO ESPECIFICADAS, DE INTENCION NO DETERMINADA: AREAS DE DEPORTE Y ATLETISMO"
Y144,11231,"ENVENENAMIENTO POR, Y EXPOSICION A OTRAS DROGAS, MEDICAMENTOS Y SUSTANCIAS BIOLOGICAS, Y LAS NO ESPECIFICADAS, DE INTENCION NO DETERMINADA: CALLES Y CARRETERAS"
Y145,11232,"ENVENENAMIENTO POR, Y EXPOSICION A OTRAS DROGAS, MEDICAMENTOS Y SUSTANCIAS BIOLOGICAS, Y LAS NO ESPECIFICADAS, DE INTENCION NO DETERMINADA: COMERCIO Y AREA DE SERVICIOS"
Y146,11233,"ENVENENAMIENTO POR, Y EXPOSICION A OTRAS DROGAS, MEDICAMENTOS Y SUSTANCIAS BIOLOGICAS, Y LAS NO ESPECIFICADAS, DE INTENCION NO DETERMINADA: AREA INDUSTRIAL Y DE LA CONSTRUCCION"
Y147,11234,"ENVENENAMIENTO POR, Y EXPOSICION A OTRAS DROGAS, MEDICAMENTOS Y SUSTANCIAS BIOLOGICAS, Y LAS NO ESPECIFICADAS, DE INTENCION NO DETERMINADA: GRANJA"
Y148,11235,"ENVENENAMIENTO POR, Y EXPOSICION A OTRAS DROGAS, MEDICAMENTOS Y SUSTANCIAS BIOLOGICAS, Y LAS NO ESPECIFICADAS, DE INTENCION NO DETERMINADA: OTRO LUGAR ESPECIFICADO"
Y149,11236,"ENVENENAMIENTO POR, Y EXPOSICION A OTRAS DROGAS, MEDICAMENTOS Y SUSTANCIAS BIOLOGICAS, Y LAS NO ESPECIFICADAS, DE INTENCION NO DETERMINADA: LUGAR NO ESPECIFICADO"
Y150,11237,"ENVENENAMIENTO POR, Y EXPOSICION AL ALCOHOL , DE INTENCION NO DETERMINADA: VIVIENDA"
Y151,11238,"ENVENENAMIENTO POR, Y EXPOSICION AL ALCOHOL , DE INTENCION NO DETERMINADA: INSTITUCION RESIDENCIAL"
Y152,11239,"ENVENENAMIENTO POR, Y EXPOSICION AL ALCOHOL , DE INTENCION NO DETERMINADA: ESCUELAS OTRAS INSTITUCIONES Y AREAS ADMINISTRATIVAS"
Y153,11240,"ENVENENAMIENTO POR, Y EXPOSICION AL ALCOHOL , DE INTENCION NO DETERMINADA: AREAS DE DEPORTE Y ATLETISMO"
Y154,11241,"ENVENENAMIENTO POR, Y EXPOSICION AL ALCOHOL , DE INTENCION NO DETERMINADA: CALLES Y CARRETERAS"
Y155,11242,"ENVENENAMIENTO POR, Y EXPOSICION AL ALCOHOL , DE INTENCION NO DETERMINADA: COMERCIO Y AREA DE SERVICIOS"
Y156,11243,"ENVENENAMIENTO POR, Y EXPOSICION AL ALCOHOL , DE INTENCION NO DETERMINADA: AREA INDUSTRIAL Y DE LA CONSTRUCCION"
Y157,11244,"ENVENENAMIENTO POR, Y EXPOSICION AL ALCOHOL , DE INTENCION NO DETERMINADA: GRANJA"
Y158,11245,"ENVENENAMIENTO POR, Y EXPOSICION AL ALCOHOL , DE INTENCION NO DETERMINADA: OTRO LUGAR ESPECIFICADO"
Y159,11246,"ENVENENAMIENTO POR, Y EXPOSICION AL ALCOHOL , DE INTENCION NO DETERMINADA: LUGAR NO ESPECIFICADO"
Y160,11247,"ENVENENAMIENTO POR, Y EXPOSICION A DISOLVENTES ORGANICOS E HIDROCARBUROS HALOGENADOS Y SUS VAPORES, DE INTENCION NO DETERMINADA: VIVIENDA"
Y161,11248,"ENVENENAMIENTO POR, Y EXPOSICION A DISOLVENTES ORGANICOS E HIDROCARBUROS HALOGENADOS Y SUS VAPORES, DE INTENCION NO DETERMINADA: INSTITUCION RESIDENCIAL"
Y162,11249,"ENVENENAMIENTO POR, Y EXPOSICION A DISOLVENTES ORGANICOS E HIDROCARBUROS HALOGENADOS Y SUS VAPORES, DE INTENCION NO DETERMINADA: ESCUELAS, OTRAS INSTITUCIONES Y AREAS ADMINISTRATIVAS"
Y163,11250,"ENVENENAMIENTO POR, Y EXPOSICION A DISOLVENTES ORGANICOS E HIDROCARBUROS HALOGENADOS Y SUS VAPORES, DE INTENCION NO DETERMINADA: AREAS DE DEPORTE Y ATLETISMO"
Y164,11251,"ENVENENAMIENTO POR, Y EXPOSICION A DISOLVENTES ORGANICOS E HIDROCARBUROS HALOGENADOS Y SUS VAPORES, DE INTENCION NO DETERMINADA: CALLES Y CARRETERAS"
Y165,11252,"ENVENENAMIENTO POR, Y EXPOSICION A DISOLVENTES ORGANICOS E HIDROCARBUROS HALOGENADOS Y SUS VAPORES, DE INTENCION NO DETERMINADA: COMERCIO Y AREA DE SERVICIOS"
Y166,11253,"ENVENENAMIENTO POR, Y EXPOSICION A DISOLVENTES ORGANICOS E HIDROCARBUROS HALOGENADOS Y SUS VAPORES, DE INTENCION NO DETERMINADA: AREA INDUSTRIAL Y DE LA CONSTRUCCION"
Y167,11254,"ENVENENAMIENTO POR, Y EXPOSICION A DISOLVENTES ORGANICOS E HIDROCARBUROS HALOGENADOS Y SUS VAPORES, DE INTENCION NO DETERMINADA: GRANJA"
Y168,11255,"ENVENENAMIENTO POR, Y EXPOSICION A DISOLVENTES ORGANICOS E HIDROCARBUROS HALOGENADOS Y SUS VAPORES, DE INTENCION NO DETERMINADA: OTRO LUGAR ESPECIFICADO"
Y169,11256,"ENVENENAMIENTO POR, Y EXPOSICION A DISOLVENTES ORGANICOS E HIDROCARBUROS HALOGENADOS Y SUS VAPORES, DE INTENCION NO DETERMINADA: LUGAR NO ESPECIFICADO"
Y170,11257,"ENVENENAMIENTO POR, Y EXPOSICION A OTROS GASES Y VAPORES, DE INTENCION NO DETERMINADA: VIVIENDA"
Y171,11258,"ENVENENAMIENTO POR, Y EXPOSICION A OTROS GASES Y VAPORES, DE INTENCION NO DETERMINADA: INSTITUCION RESIDENCIAL"
Y172,11259,"ENVENENAMIENTO POR, Y EXPOSICION A OTROS GASES Y VAPORES, DE INTENCION NO DETERMINADA: ESCUELAS, OTRAS INSTITUCIONES Y AREAS ADMINISTRATIVAS"
Y173,11260,"ENVENENAMIENTO POR, Y EXPOSICION A OTROS GASES Y VAPORES, DE INTENCION NO DETERMINADA: AREAS DE DEPORTE Y ATLETISMO"
Y174,11261,"ENVENENAMIENTO POR, Y EXPOSICION A OTROS GASES Y VAPORES, DE INTENCION NO DETERMINADA: CALLES Y CARRETERAS"
Y175,11262,"ENVENENAMIENTO POR, Y EXPOSICION A OTROS GASES Y VAPORES, DE INTENCION NO DETERMINADA: COMERCIO Y AREA DE SERVICIOS"
Y176,11263,"ENVENENAMIENTO POR, Y EXPOSICION A OTROS GASES Y VAPORES, DE INTENCION NO DETERMINADA: AREA INDUSTRIAL Y DE LA CONSTRUCCION"
Y177,11264,"ENVENENAMIENTO POR, Y EXPOSICION A OTROS GASES Y VAPORES, DE INTENCION NO DETERMINADA: GRANJA"
Y178,11265,"ENVENENAMIENTO POR, Y EXPOSICION A OTROS GASES Y VAPORES, DE INTENCION NO DETERMINADA: OTRO LUGAR ESPECIFICADO"
Y179,11266,"ENVENENAMIENTO POR, Y EXPOSICION A OTROS GASES Y VAPORES, DE INTENCION NO DETERMINADA: LUGAR NO ESPECIFICADO"
Y180,11267,"ENVENENAMIENTO POR, Y EXPOSICION A PLAGUICIDAS, DE INTENCION NO DETERMINADA: VIVIENDA"
Y181,11268,"ENVENENAMIENTO POR, Y EXPOSICION A PLAGUICIDAS, DE INTENCION NO DETERMINADA: INSTITUCION RESIDENCIAL"
Y182,11269,"ENVENENAMIENTO POR, Y EXPOSICION A PLAGUICIDAS, DE INTENCION NO DETERMINADA: ESCUELAS OTRAS INSTITUCIONES Y AREAS ADMINISTRATIVAS"
Y183,11270,"ENVENENAMIENTO POR, Y EXPOSICION A PLAGUICIDAS, DE INTENCION NO DETERMINADA: AREAS DE DEPORTE Y ATLETISMO"
Y184,11271,"ENVENENAMIENTO POR, Y EXPOSICION A PLAGUICIDAS, DE INTENCION NO DETERMINADA: CALLES Y CARRETERAS"
Y185,11272,"ENVENENAMIENTO POR, Y EXPOSICION A PLAGUICIDAS, DE INTENCION NO DETERMINADA: COMERCIO Y AREA DE SERVICIOS"
Y186,11273,"ENVENENAMIENTO POR, Y EXPOSICION A PLAGUICIDAS, DE INTENCION NO DETERMINADA: AREA INDUSTRIAL Y DE LA CONSTRUCCION"
Y187,11274,"ENVENENAMIENTO POR, Y EXPOSICION A PLAGUICIDAS, DE INTENCION NO DETERMINADA: GRANJA"
Y188,11275,"ENVENENAMIENTO POR, Y EXPOSICION A PLAGUICIDAS, DE INTENCION NO DETERMINADA: OTRO LUGAR ESPECIFICADO"
Y189,11276,"ENVENENAMIENTO POR, Y EXPOSICION A PLAGUICIDAS, DE INTENCION NO DETERMINADA: LUGAR NO ESPECIFICADO"
Y190,11277,"ENVENENAMIENTO POR, Y EXPOSICION A OTROS PRODUCTOS QUIMICOS Y SUSTANCIAS NOCIVAS, Y LOS NO ESPECIFICADOS, DE INTENCION NO DETERMINADA: VIVIENDA"
Y191,11278,"ENVENENAMIENTO POR, Y EXPOSICION A OTROS PRODUCTOS QUIMICOS Y SUSTANCIAS NOCIVAS, Y LOS NO ESPECIFICADOS, DE INTENCION NO DETERMINADA: INSTITUCION RESIDENCIAL"
Y192,11279,"ENVENENAMIENTO POR, Y EXPOSICION A OTROS PRODUCTOS QUIMICOS Y SUSTANCIAS NOCIVAS, Y LOS NO ESPECIFICADOS, DE INTENCION NO DETERMINADA: ESCUELAS OTRAS INSTITUCIONES Y AREAS ADMINISTRATIVAS"
Y193,11280,"ENVENENAMIENTO POR, Y EXPOSICION A OTROS PRODUCTOS QUIMICOS Y SUSTANCIAS NOCIVAS, Y LOS NO ESPECIFICADOS, DE INTENCION NO DETERMINADA: AREAS DE DEPORTE Y ATLETISMO"
Y194,11281,"ENVENENAMIENTO POR, Y EXPOSICION A OTROS PRODUCTOS QUIMICOS Y SUSTANCIAS NOCIVAS, Y LOS NO ESPECIFICADOS, DE INTENCION NO DETERMINADA: CALLES Y CARRETERAS"
Y195,11282,"ENVENENAMIENTO POR, Y EXPOSICION A OTROS PRODUCTOS QUIMICOS Y SUSTANCIAS NOCIVAS, Y LOS NO ESPECIFICADOS, DE INTENCION NO DETERMINADA: COMERCIO Y AREA DE SERVICIOS"
Y196,11283,"ENVENENAMIENTO POR, Y EXPOSICION A OTROS PRODUCTOS QUIMICOS Y SUSTANCIAS NOCIVAS, Y LOS NO ESPECIFICADOS, DE INTENCION NO DETERMINADA: AREA INDUSTRIAL Y DE LA CONSTRUCCION"
Y197,11284,"ENVENENAMIENTO POR, Y EXPOSICION A OTROS PRODUCTOS QUIMICOS Y SUSTANCIAS NOCIVAS, Y LOS NO ESPECIFICADOS, DE INTENCION NO DETERMINADA: GRANJA"
Y198,11285,"ENVENENAMIENTO POR, Y EXPOSICION A OTROS PRODUCTOS QUIMICOS Y SUSTANCIAS NOCIVAS, Y LOS NO ESPECIFICADOS, DE INTENCION NO DETERMINADA: OTRO LUGAR ESPECIFICADO"
Y199,11286,"ENVENENAMIENTO POR, Y EXPOSICION A OTROS PRODUCTOS QUIMICOS Y SUSTANCIAS NOCIVAS, Y LOS NO ESPECIFICADOS, DE INTENCION NO DETERMINADA: LUGAR NO ESPECIFICADO"
Y200,11287,"AHORCAMIENTO, ESTRANGULAMIENTO Y SOFOCACION, DE INTENCION NO DETERMINADA: VIVIENDA"
Y201,11288,"AHORCAMIENTO, ESTRANGULAMIENTO Y SOFOCACION, DE INTENCION NO DETERMINADA: INSTITUCION RESIDENCIAL"
Y202,11289,"AHORCAMIENTO, ESTRANGULAMIENTO Y SOFOCACION, DE INTENCION NO DETERMINADA: ESCUELAS OTRAS INSTITUCIONES Y AREAS ADMINISTRATIVAS"
Y203,11290,"AHORCAMIENTO, ESTRANGULAMIENTO Y SOFOCACION, DE INTENCION NO DETERMINADA: AREAS DE DEPORTE Y ATLETISMO"
Y204,11291,"AHORCAMIENTO, ESTRANGULAMIENTO Y SOFOCACION, DE INTENCION NO DETERMINADA: CALLES Y CARRETERAS"
Y205,11292,"AHORCAMIENTO, ESTRANGULAMIENTO Y SOFOCACION, DE INTENCION NO DETERMINADA: COMERCIO Y AREA DE SERVICIOS"
Y206,11293,"AHORCAMIENTO, ESTRANGULAMIENTO Y SOFOCACION, DE INTENCION NO DETERMINADA: AREA INDUSTRIAL Y DE LA CONSTRUCCION"
Y207,11294,"AHORCAMIENTO, ESTRANGULAMIENTO Y SOFOCACION, DE INTENCION NO DETERMINADA: GRANJA"
Y208,11295,"AHORCAMIENTO, ESTRANGULAMIENTO Y SOFOCACION, DE INTENCION NO DETERMINADA: OTRO LUGAR ESPECIFICADO"
Y209,11296,"AHORCAMIENTO, ESTRANGULAMIENTO Y SOFOCACION, DE INTENCION NO DETERMINADA: LUGAR NO ESPECIFICADO"
Y210,11297,"AHOGAMIENTO Y SUMERSION, DE INTENCION NO DETERMINADA: VIVIENDA"
Y211,11298,"AHOGAMIENTO Y SUMERSION, DE INTENCION NO DETERMINADA: INSTITUCION RESIDENCIAL"
Y212,11299,"AHOGAMIENTO Y SUMERSION, DE INTENCION NO DETERMINADA: ESCUELAS OTRAS INSTITUCIONES Y AREAS ADMINISTRATIVAS"
Y213,11300,"AHOGAMIENTO Y SUMERSION, DE INTENCION NO DETERMINADA: AREAS DE DEPORTE Y ATLETISMO"
Y214,11301,"AHOGAMIENTO Y SUMERSION, DE INTENCION NO DETERMINADA: CALLES Y CARRETERAS"
Y215,11302,"AHOGAMIENTO Y SUMERSION, DE INTENCION NO DETERMINADA: COMERCIO Y AREA DE SERVICIOS"
Y216,11303,"AHOGAMIENTO Y SUMERSION, DE INTENCION NO DETERMINADA: AREA INDUSTRIAL Y DE LA CONSTRUCCION"
Y217,11304,"AHOGAMIENTO Y SUMERSION, DE INTENCION NO DETERMINADA: GRANJA"
Y218,11305,"AHOGAMIENTO Y SUMERSION, DE INTENCION NO DETERMINADA: OTRO LUGAR ESPECIFICADO"
Y219,11306,"AHOGAMIENTO Y SUMERSION, DE INTENCION NO DETERMINADA: LUGAR NO ESPECIFICADO"
Y220,11307,"DISPARO DE ARMA CORTA, DE INTENCION NO DETERMINADA: VIVIENDA"
Y221,11308,"DISPARO DE ARMA CORTA, DE INTENCION NO DETERMINADA: INSTITUCION RESIDENCIAL"
Y222,11309,"DISPARO DE ARMA CORTA, DE INTENCION NO DETERMINADA: ESCUELAS, OTRAS INSTITUCIONES Y AREAS ADMINISTRATIVAS"
Y223,11310,"DISPARO DE ARMA CORTA, DE INTENCION NO DETERMINADA: AREAS DE DEPORTE Y ATLETISMO"
Y224,11311,"DISPARO DE ARMA CORTA, DE INTENCION NO DETERMINADA: CALLES Y CARRETERAS"
Y225,11312,"DISPARO DE ARMA CORTA, DE INTENCION NO DETERMINADA: COMERCIO Y AREA DE SERVICIOS"
Y226,11313,"DISPARO DE ARMA CORTA, DE INTENCION NO DETERMINADA: AREA INDUSTRIAL Y DE LA CONSTRUCCION"
Y227,11314,"DISPARO DE ARMA CORTA, DE INTENCION NO DETERMINADA: GRANJA"
Y228,11315,"DISPARO DE ARMA CORTA, DE INTENCION NO DETERMINADA: OTRO LUGAR ESPECIFICADO"
Y229,11316,"DISPARO DE ARMA CORTA, DE INTENCION NO DETERMINADA: LUGAR NO ESPECIFICADO"
Y230,11317,"DISPARO DE RIFLE, ESCOPETA Y ARMA LARGA, DE INTENCION NO DETERMINADA: VIVIENDA"
Y231,11318,"DISPARO DE RIFLE, ESCOPETA Y ARMA LARGA, DE INTENCION NO DETERMINADA: INSTITUCION RESIDENCIAL"
Y232,11319,"DISPARO DE RIFLE, ESCOPETA Y ARMA LARGA, DE INTENCION NO DETERMINADA: ESCUELAS, OTRAS INSTITUCIONES Y AREAS ADMINISTRATIVAS"
Y233,11320,"DISPARO DE RIFLE, ESCOPETA Y ARMA LARGA, DE INTENCION NO DETERMINADA: AREAS DE DEPORTE Y ATLETISMO"
Y234,11321,"DISPARO DE RIFLE, ESCOPETA Y ARMA LARGA, DE INTENCION NO DETERMINADA: CALLES Y CARRETERAS"
Y235,11322,"DISPARO DE RIFLE, ESCOPETA Y ARMA LARGA, DE INTENCION NO DETERMINADA: COMERCIO Y AREA DE SERVICIOS"
Y236,11323,"DISPARO DE RIFLE, ESCOPETA Y ARMA LARGA, DE INTENCION NO DETERMINADA: AREA INDUSTRIAL Y DE LA CONSTRUCCION"
Y237,11324,"DISPARO DE RIFLE, ESCOPETA Y ARMA LARGA, DE INTENCION NO DETERMINADA: GRANJA"
Y238,11325,"DISPARO DE RIFLE, ESCOPETA Y ARMA LARGA, DE INTENCION NO DETERMINADA: OTRO LUGAR ESPECIFICADO"
Y239,11326,"DISPARO DE RIFLE, ESCOPETA Y ARMA LARGA, DE INTENCION NO DETERMINADA: LUGAR NO ESPECIFICADO"
Y240,11327,"DISPARO DE OTRAS ARMAS DE FUEGO, Y LAS NO ESPECIFICADAS, DE INTENCION NO DETERMINADA: VIVIENDA"
Y241,11328,"DISPARO DE OTRAS ARMAS DE FUEGO, Y LAS NO ESPECIFICADAS, DE INTENCION NO DETERMINADA: INSTITUCION RESIDENCIAL"
Y242,11329,"DISPARO DE OTRAS ARMAS DE FUEGO, Y LAS NO ESPECIFICADAS, DE INTENCION NO DETERMINADA: ESCUELAS, OTRAS INSTITUCIONES Y AREAS ADMINISTRATIVAS"
Y243,11330,"DISPARO DE OTRAS ARMAS DE FUEGO, Y LAS NO ESPECIFICADAS, DE INTENCION NO DETERMINADA: AREAS DE DEPORTE Y ATLETISMO"
Y244,11331,"DISPARO DE OTRAS ARMAS DE FUEGO, Y LAS NO ESPECIFICADAS, DE INTENCION NO DETERMINADA: CALLES Y CARRETERAS"
Y245,11332,"DISPARO DE OTRAS ARMAS DE FUEGO, Y LAS NO ESPECIFICADAS, DE INTENCION NO DETERMINADA: COMERCIO Y AREA DE SERVICIOS"
Y246,11333,"DISPARO DE OTRAS ARMAS DE FUEGO, Y LAS NO ESPECIFICADAS, DE INTENCION NO DETERMINADA: AREA INDUSTRIAL Y DE LA CONSTRUCCION"
Y247,11334,"DISPARO DE OTRAS ARMAS DE FUEGO, Y LAS NO ESPECIFICADAS, DE INTENCION NO DETERMINADA: GRANJA"
Y248,11335,"DISPARO DE OTRAS ARMAS DE FUEGO, Y LAS NO ESPECIFICADAS, DE INTENCION NO DETERMINADA: OTRO LUGAR ESPECIFICADO"
Y249,11336,"DISPARO DE OTRAS ARMAS DE FUEGO, Y LAS NO ESPECIFICADAS, DE INTENCION NO DETERMINADA: LUGAR NO ESPECIFICADO"
Y250,11337,"CONTACTO TRAUMATICO CON MATERIAL EXPLOSIVO, DE INTENCION NO DETERMINADA: VIVIENDA"
Y251,11338,"CONTACTO TRAUMATICO CON MATERIAL EXPLOSIVO, DE INTENCION NO DETERMINADA: INSTITUCION RESIDENCIAL"
Y252,11339,"CONTACTO TRAUMATICO CON MATERIAL EXPLOSIVO, DE INTENCION NO DETERMINADA: ESCUELAS OTRAS INSTITUCIONES Y AREAS ADMINISTRATIVAS"
Y253,11340,"CONTACTO TRAUMATICO CON MATERIAL EXPLOSIVO, DE INTENCION NO DETERMINADA: AREAS DE DEPORTE Y ATLETISMO"
Y254,11341,"CONTACTO TRAUMATICO CON MATERIAL EXPLOSIVO, DE INTENCION NO DETERMINADA: CALLES Y CARRETERAS"
Y255,11342,"CONTACTO TRAUMATICO CON MATERIAL EXPLOSIVO, DE INTENCION NO DETERMINADA: COMERCIO Y AREA DE SERVICIOS"
Y256,11343,"CONTACTO TRAUMATICO CON MATERIAL EXPLOSIVO, DE INTENCION NO DETERMINADA: AREA INDUSTRIAL Y DE LA CONSTRUCCION"
Y257,11344,"CONTACTO TRAUMATICO CON MATERIAL EXPLOSIVO, DE INTENCION NO DETERMINADA: GRANJA"
Y258,11345,"CONTACTO TRAUMATICO CON MATERIAL EXPLOSIVO, DE INTENCION NO DETERMINADA: OTRO LUGAR ESPECIFICADO"
Y259,11346,"CONTACTO TRAUMATICO CON MATERIAL EXPLOSIVO, DE INTENCION NO DETERMINADA: LUGAR NO ESPECIFICADO"
Y260,11347,"EXPOSICION AL HUMO, FUEGO Y LLAMAS, DE INTENCION NO DETERMINADA: VIVIENDA"
Y261,11348,"EXPOSICION AL HUMO, FUEGO Y LLAMAS, DE INTENCION NO DETERMINADA: INSTITUCION RESIDENCIAL"
Y262,11349,"EXPOSICION AL HUMO, FUEGO Y LLAMAS, DE INTENCION NO DETERMINADA: ESCUELAS, OTRAS INSTITUCIONES Y AREAS ADMINISTRATIVAS"
Y263,11350,"EXPOSICION AL HUMO, FUEGO Y LLAMAS, DE INTENCION NO DETERMINADA: AREAS DE DEPORTE Y ATLETISMO"
Y264,11351,"EXPOSICION AL HUMO, FUEGO Y LLAMAS, DE INTENCION NO DETERMINADA: CALLES Y CARRETERAS"
Y265,11352,"EXPOSICION AL HUMO, FUEGO Y LLAMAS, DE INTENCION NO DETERMINADA: COMERCIO Y AREA DE SERVICIOS"
Y266,11353,"EXPOSICION AL HUMO, FUEGO Y LLAMAS, DE INTENCION NO DETERMINADA: AREA INDUSTRIAL Y DE LA CONSTRUCCION"
Y267,11354,"EXPOSICION AL HUMO, FUEGO Y LLAMAS, DE INTENCION NO DETERMINADA: GRANJA"
Y268,11355,"EXPOSICION AL HUMO, FUEGO Y LLAMAS, DE INTENCION NO DETERMINADA: OTRO LUGAR ESPECIFICADO"
Y269,11356,"EXPOSICION AL HUMO, FUEGO Y LLAMAS, DE INTENCION NO DETERMINADA: LUGAR NO ESPECIFICADO"
Y270,11357,"CONTACTO CON VAPOR DE AGUA, VAPORES Y OBJETOS CALIENTES, DE INTENCION NO DETERMINADA: VIVIENDA"
Y271,11358,"CONTACTO CON VAPOR DE AGUA, VAPORES Y OBJETOS CALIENTES, DE INTENCION NO DETERMINADA: INSTITUCION RESIDENCIAL"
Y272,11359,"CONTACTO CON VAPOR DE AGUA, VAPORES Y OBJETOS CALIENTES, DE INTENCION NO DETERMINADA: ESCUELAS, OTRAS INSTITUCIONES Y AREAS ADMINISTRATIVAS"
Y273,11360,"CONTACTO CON VAPOR DE AGUA, VAPORES Y OBJETOS CALIENTES, DE INTENCION NO DETERMINADA: AREAS DE DEPORTE Y ATLETISMO"
Y274,11361,"CONTACTO CON VAPOR DE AGUA, VAPORES Y OBJETOS CALIENTES, DE INTENCION NO DETERMINADA: CALLES Y CARRETERAS"
Y275,11362,"CONTACTO CON VAPOR DE AGUA, VAPORES Y OBJETOS CALIENTES, DE INTENCION NO DETERMINADA: COMERCIO Y AREA DE SERVICIOS"
Y276,11363,"CONTACTO CON VAPOR DE AGUA, VAPORES Y OBJETOS CALIENTES, DE INTENCION NO DETERMINADA: AREA INDUSTRIAL Y DE LA CONSTRUCCION"
Y277,11364,"CONTACTO CON VAPOR DE AGUA, VAPORES Y OBJETOS CALIENTES, DE INTENCION NO DETERMINADA: GRANJA"
Y278,11365,"CONTACTO CON VAPOR DE AGUA, VAPORES Y OBJETOS CALIENTES, DE INTENCION NO DETERMINADA: OTRO LUGAR ESPECIFICADO"
Y279,11366,"CONTACTO CON VAPOR DE AGUA, VAPORES Y OBJETOS CALIENTES, DE INTENCION NO DETERMINADA: LUGAR NO ESPECIFICADO"
Y280,11367,"CONTACTO TRAUMATICO CON OBJETO CORTANTE, DE INTENCION NO DETERMINADA: VIVIENDA"
Y281,11368,"CONTACTO TRAUMATICO CON OBJETO CORTANTE, DE INTENCION NO DETERMINADA: INSTITUCION RESIDENCIAL"
Y282,11369,"CONTACTO TRAUMATICO CON OBJETO CORTANTE, DE INTENCION NO DETERMINADA: ESCUELAS, OTRAS INSTITUCIONES Y AREAS ADMINISTRATIVAS"
Y283,11370,"CONTACTO TRAUMATICO CON OBJETO CORTANTE, DE INTENCION NO DETERMINADA: AREAS DE DEPORTE Y ATLETISMO"
Y284,11371,"CONTACTO TRAUMATICO CON OBJETO CORTANTE, DE INTENCION NO DETERMINADA: CALLES Y CARRETERAS"
Y285,11372,"CONTACTO TRAUMATICO CON OBJETO CORTANTE, DE INTENCION NO DETERMINADA: COMERCIO Y AREA DE SERVICIOS"
Y286,11373,"CONTACTO TRAUMATICO CON OBJETO CORTANTE, DE INTENCION NO DETERMINADA: AREA INDUSTRIAL Y DE LA CONSTRUCCION"
Y287,11374,"CONTACTO TRAUMATICO CON OBJETO CORTANTE, DE INTENCION NO DETERMINADA: GRANJA"
Y288,11375,"CONTACTO TRAUMATICO CON OBJETO CORTANTE, DE INTENCION NO DETERMINADA: OTRO LUGAR ESPECIFICADO"
Y289,11376,"CONTACTO TRAUMATICO CON OBJETO CORTANTE, DE INTENCION NO DETERMINADA: LUGAR NO ESPECIFICADO"
Y290,11377,"CONTACTO TRAUMATICO CON OBJETO ROMO O SIN FILO, DE INTENCION NO DETERMINADA: VIVIENDA"
Y291,11378,"CONTACTO TRAUMATICO CON OBJETO ROMO O SIN FILO, DE INTENCION NO DETERMINADA: INSTITUCION RESIDENCIAL"
Y292,11379,"CONTACTO TRAUMATICO CON OBJETO ROMO O SIN FILO, DE INTENCION NO DETERMINADA: ESCUELAS, OTRAS INSTITUCIONES Y AREAS ADMINISTRATIVAS"
Y293,11380,"CONTACTO TRAUMATICO CON OBJETO ROMO O SIN FILO, DE INTENCION NO DETERMINADA: AREAS DE DEPORTE Y ATLETISMO"
Y294,11381,"CONTACTO TRAUMATICO CON OBJETO ROMO O SIN FILO, DE INTENCION NO DETERMINADA: CALLES Y CARRETERAS"
Y295,11382,"CONTACTO TRAUMATICO CON OBJETO ROMO O SIN FILO, DE INTENCION NO DETERMINADA: COMERCIO Y AREA DE SERVICIOS"
Y296,11383,"CONTACTO TRAUMATICO CON OBJETO ROMO O SIN FILO, DE INTENCION NO DETERMINADA: AREA INDUSTRIAL Y DE LA CONSTRUCCION"
Y297,11384,"CONTACTO TRAUMATICO CON OBJETO ROMO O SIN FILO, DE INTENCION NO DETERMINADA: GRANJA"
Y298,11385,"CONTACTO TRAUMATICO CON OBJETO ROMO O SIN FILO, DE INTENCION NO DETERMINADA: OTRO LUGAR ESPECIFICADO"
Y299,11386,"CONTACTO TRAUMATICO CON OBJETO ROMO O SIN FILO, DE INTENCION NO DETERMINADA: LUGAR NO ESPECIFICADO"
Y300,11387,"CAIDA, SALTO O EMPUJON DESDE LUGAR ELEVADO, DE INTENCION NO DETERMINADA: VIVIENDA"
Y301,11388,"CAIDA, SALTO O EMPUJON DESDE LUGAR ELEVADO, DE INTENCION NO DETERMINADA: INSTITUCION RESIDENCIAL"
Y302,11389,"CAIDA, SALTO O EMPUJON DESDE LUGAR ELEVADO, DE INTENCION NO DETERMINADA: ESCUELAS, OTRAS INSTITUCIONES Y AREAS ADMINISTRATIVAS"
Y303,11390,"CAIDA, SALTO O EMPUJON DESDE LUGAR ELEVADO, DE INTENCION NO DETERMINADA: AREAS DE DEPORTE Y ATLETISMO"
Y304,11391,"CAIDA, SALTO O EMPUJON DESDE LUGAR ELEVADO, DE INTENCION NO DETERMINADA: CALLES Y CARRETERAS"
Y305,11392,"CAIDA, SALTO O EMPUJON DESDE LUGAR ELEVADO, DE INTENCION NO DETERMINADA: COMERCIO Y AREA DE SERVICIOS"
Y306,11393,"CAIDA, SALTO O EMPUJON DESDE LUGAR ELEVADO, DE INTENCION NO DETERMINADA: AREA INDUSTRIAL Y DE LA CONSTRUCCION"
Y307,11394,"CAIDA, SALTO O EMPUJON DESDE LUGAR ELEVADO, DE INTENCION NO DETERMINADA: GRANJA"
Y308,11395,"CAIDA, SALTO O EMPUJON DESDE LUGAR ELEVADO, DE INTENCION NO DETERMINADA: OTRO LUGAR ESPECIFICADO"
Y309,11396,"CAIDA, SALTO O EMPUJON DESDE LUGAR ELEVADO, DE INTENCION NO DETERMINADA: LUGAR NO ESPECIFICADO"
Y310,11397,"CAIDA, PERMANENCIA O CARRERA DELANTE O HACIA OBJETO EN MOVIMIENTO, DE INTENCION NO DETERMINADA: VIVIENDA"
Y311,11398,"CAIDA, PERMANENCIA O CARRERA DELANTE O HACIA OBJETO EN MOVIMIENTO, DE INTENCION NO DETERMINADA: INSTITUCION RESIDENCIAL"
Y312,11399,"CAIDA, PERMANENCIA O CARRERA DELANTE O HACIA OBJETO EN MOVIMIENTO, DE INTENCION NO DETERMINADA: ESCUELAS, OTRAS INSTITUCIONES Y AREAS ADMINISTRATIVAS"
Y313,11400,"CAIDA, PERMANENCIA O CARRERA DELANTE O HACIA OBJETO EN MOVIMIENTO, DE INTENCION NO DETERMINADA: AREAS DE DEPORTE Y ATLETISMO"
Y314,11401,"CAIDA, PERMANENCIA O CARRERA DELANTE O HACIA OBJETO EN MOVIMIENTO, DE INTENCION NO DETERMINADA: CALLES Y CARRETERAS"
Y315,11402,"CAIDA, PERMANENCIA O CARRERA DELANTE O HACIA OBJETO EN MOVIMIENTO, DE INTENCION NO DETERMINADA: COMERCIO Y AREA DE SERVICIOS"
Y316,11403,"CAIDA, PERMANENCIA O CARRERA DELANTE O HACIA OBJETO EN MOVIMIENTO, DE INTENCION NO DETERMINADA: AREA INDUSTRIAL Y DE LA CONSTRUCCION"
Y317,11404,"CAIDA, PERMANENCIA O CARRERA DELANTE O HACIA OBJETO EN MOVIMIENTO, DE INTENCION NO DETERMINADA: GRANJA"
Y318,11405,"CAIDA, PERMANENCIA O CARRERA DELANTE O HACIA OBJETO EN MOVIMIENTO, DE INTENCION NO DETERMINADA: OTRO LUGAR ESPECIFICADO"
Y319,11406,"CAIDA, PERMANENCIA O CARRERA DELANTE O HACIA OBJETO EN MOVIMIENTO, DE INTENCION NO DETERMINADA: LUGAR NO ESPECIFICADO"
Y320,11407,"COLISION DE VEHICULO DE MOTOR, DE INTENCION NO DETERMINADA: VIVIENDA"
Y321,11408,"COLISION DE VEHICULO DE MOTOR, DE INTENCION NO DETERMINADA: INSTITUCION RESIDENCIAL"
Y322,11409,"COLISION DE VEHICULO DE MOTOR, DE INTENCION NO DETERMINADA: ESCUELAS, OTRAS INSTITUCIONES Y AREAS ADMINISTRATIVAS"
Y323,11410,"COLISION DE VEHICULO DE MOTOR, DE INTENCION NO DETERMINADA: AREAS DE DEPORTE Y ATLETISMO"
Y324,11411,"COLISION DE VEHICULO DE MOTOR, DE INTENCION NO DETERMINADA: CALLES Y CARRETERAS"
Y325,11412,"COLISION DE VEHICULO DE MOTOR, DE INTENCION NO DETERMINADA: COMERCIO Y AREA DE SERVICIOS"
Y326,11413,"COLISION DE VEHICULO DE MOTOR, DE INTENCION NO DETERMINADA: AREA INDUSTRIAL Y DE LA CONSTRUCCION"
Y327,11414,"COLISION DE VEHICULO DE MOTOR, DE INTENCION NO DETERMINADA: GRANJA"
Y328,11415,"COLISION DE VEHICULO DE MOTOR, DE INTENCION NO DETERMINADA: OTRO LUGAR ESPECIFICADO"
Y329,11416,"COLISION DE VEHICULO DE MOTOR, DE INTENCION NO DETERMINADA: LUGAR NO ESPECIFICADO"
Y330,11417,"OTROS EVENTOS ESPECIFICADOS, DE INTENCION NO DETERMINADA: VIVIENDA"
Y331,11418,"OTROS EVENTOS ESPECIFICADOS, DE INTENCION NO DETERMINADA: INSTITUCION RESIDENCIAL"
Y332,11419,"OTROS EVENTOS ESPECIFICADOS, DE INTENCION NO DETERMINADA: ESCUELAS, OTRAS INSTITUCIONES Y AREAS ADMINISTRATIVAS"
Y333,11420,"OTROS EVENTOS ESPECIFICADOS, DE INTENCION NO DETERMINADA: AREAS DE DEPORTE Y ATLETISMO"
Y334,11421,"OTROS EVENTOS ESPECIFICADOS, DE INTENCION NO DETERMINADA: CALLES Y CARRETERAS"
Y335,11422,"OTROS EVENTOS ESPECIFICADOS, DE INTENCION NO DETERMINADA: COMERCIO Y AREA DE SERVICIOS"
Y336,11423,"OTROS EVENTOS ESPECIFICADOS, DE INTENCION NO DETERMINADA: AREA INDUSTRIAL Y DE LA CONSTRUCCION"
Y337,11424,"OTROS EVENTOS ESPECIFICADOS, DE INTENCION NO DETERMINADA: GRANJA"
Y338,11425,"OTROS EVENTOS ESPECIFICADOS, DE INTENCION NO DETERMINADA: OTRO LUGAR ESPECIFICADO"
Y339,11426,"OTROS EVENTOS ESPECIFICADOS, DE INTENCION NO DETERMINADA: LUGAR NO ESPECIFICADO"
Y340,11427,"EVENTO NO ESPECIFICADO, DE INTENCION NO DETERMINADA: VIVIENDA"
Y341,11428,"EVENTO NO ESPECIFICADO, DE INTENCION NO DETERMINADA: INSTITUCION RESIDENCIAL"
Y342,11429,"EVENTO NO ESPECIFICADO, DE INTENCION NO DETERMINADA: ESCUELAS, OTRAS INSTITUCIONES Y AREAS ADMINISTRATIVAS"
Y343,11430,"EVENTO NO ESPECIFICADO, DE INTENCION NO DETERMINADA: AREAS DE DEPORTE Y ATLETISMO"
Y344,11431,"EVENTO NO ESPECIFICADO, DE INTENCION NO DETERMINADA: CALLES Y CARRETERAS"
Y345,11432,"EVENTO NO ESPECIFICADO, DE INTENCION NO DETERMINADA: COMERCIO Y AREA DE SERVICIOS"
Y346,11433,"EVENTO NO ESPECIFICADO, DE INTENCION NO DETERMINADA: AREA INDUSTRIAL Y DE LA CONSTRUCCION"
Y347,11434,"EVENTO NO ESPECIFICADO, DE INTENCION NO DETERMINADA: GRANJA"
Y348,11435,"EVENTO NO ESPECIFICADO, DE INTENCION NO DETERMINADA: OTRO LUGAR ESPECIFICADO"
Y349,11436,"EVENTO NO ESPECIFICADO, DE INTENCION NO DETERMINADA: LUGAR NO ESPECIFICADO"
Y350,11437,INTERVENCION LEGAL CON DISPARO DE ARMA DE FUEGO
Y351,11438,INTERVENCION LEGAL CON EXPLOSIVOS
Y352,11439,INTERVENCION LEGAL CON GAS
Y353,11440,INTERVENCION LEGAL CON OBJETOS ROMOS O SIN FILO
Y354,11441,INTERVENCION LEGAL CON OBJETOS CORTANTES
Y355,11442,EJECUCION LEGAL
Y356,11443,INTERVENCION LEGAL CON OTROS MEDIOS ESPECIFICADOS
Y357,11444,"INTERVENCION LEGAL, MEDIOS NO ESPECIFICADOS"
Y360,11445,OPERACIONES DE GUERRA CON EXPLOSION DE ARMAMENTO NAVAL
Y361,11446,OPERACIONES DE GUERRA CON DESTRUCCION DE AERONAVE
Y362,11447,OPERACIONES DE GUERRA CON OTRAS EXPLOSIONES Y ESQUIRLAS
Y363,11448,OPERACIONES DE GUERRA CON FUEGO Y SUSTANCIAS INCENDIARIAS Y CALIENTES
Y364,11449,OPERACIONES DE GUERRA CON DISPARO DE ARMA DE FUEGO Y OTRAS FORMAS DE GUERRA CONVENCIONAL
Y365,11450,OPERACIONES DE GUERRA CON ARMAS NUCLEARES
Y366,11451,OPERACIONES DE GUERRA CON ARMAS BIOLOGICAS
Y367,11452,OPERACIONES DE GUERRA CON ARMAS QUIMICAS Y OTRAS FORMAS DE GUERRA NO CONVENCIONAL
Y368,11453,OPERACIONES DE GUERRA QUE OCURREN DESPUES DEL CESE DE HOSTILIDADES
Y369,11454,OPERACION DE GUERRA NO ESPECIFICADA
Y400,11455,EFECTOS ADVERSOS DE PENICILINAS
Y401,11456,EFECTOS ADVERSOS DE CEFALOSPORINAS Y OTROS ANTIBIOTICOS BETALACTAMICOS
Y402,11457,EFECTOS ADVERSOS DEL GRUPO DE CLORAMFENICOL
Y403,11458,EFECTOS ADVERSOS DE LOS MACROLIDOS
Y404,11459,EFECTOS ADVERSOS DE TETRACICLINAS
Y405,11460,EFECTOS ADVERSOS DE AMINOGLICOSIDOS
Y406,11461,EFECTOS ADVERSOS DE RIFAMICINAS
Y407,11462,EFECTOS ADVERSOS DE ANTIBIOTICOS ANTIMICOTICOS USADOS SISTEMATICAMENTE
Y408,11463,EFECTOS ADVERSOS DE OTROS ANTIBIOTICOS SISTEMICOS
Y409,11464,EFECTOS ADVERSOS DE ANTIBIOTICO SISTEMICO NO ESPECIFICADO
Y410,11465,EFECTOS ADVERSOS DE SULFONAMIDAS
Y411,11466,EFECTOS ADVERSOS DE DROGAS ANTIMICOBACTERIANAS
Y412,11467,EFECTOS ADVERSOS DE DROGAS ANTIPALUDICAS Y AGENTES QUE ACTUAN SOBRE OTROS PROTOZOARIOS DE LA SANGRE
Y413,11468,EFECTOS ADVERSOS DE OTRAS DROGAS ANTIPROTOZOARIAS
Y414,11469,EFECTOS ADVERSOS DE ANTIHELMINTICOS
Y415,11470,EFECTOS ADVERSOS DE DROGAS ANTIVIRALES
Y418,11471,EFECTOS ADVERSOS DE OTROS ANTIINFECCIOSOS Y ANTIPARASITARIOS SISTEMICOS ESPECIFICADOS
Y419,11472,EFECTOS ADVERSOS DE ANTIINFECCIOSOS Y ANTIPARASITARIOS SISTEMICOS NO ESPECIFICADOS
Y420,11473,EFECTOS ADVERSOS DE GLUCOCORTICOIDES Y ANALOGOS SINTETICOS
Y421,11474,EFECTOS ADVERSOS DE HORMONAS TIROIDEAS Y SUSTITUTOS
Y422,11475,EFECTOS ADVERSOS DE DROGAS ANTITIROIDEAS
Y423,11476,EFECTOS ADVERSOS DE DROGAS HIPOGLUCEMIANTES ORALES E INSULINA [ANTIDIABETICAS]
Y424,11477,EFECTOS ADVERSOS DE ANTICONCEPTIVOS ORALES
Y425,11478,EFECTOS ADVERSOS DE OTROS ESTROGENOS Y PROGESTAGENOS
Y426,11479,"EFECTOS ADVERSOS DE ANTIGONADOTROPINAS, ANTIESTROGENOS Y ANTIANDROGENOS, NO CLASIFICADOS EN OTRA PARTE"
Y427,11480,EFECTOS ADVERSOS DE ANDROGENOS Y CONGENERES ANABOLICOS
Y428,11481,"EFECTOS ADVERSOS DE OTRAS HORMONAS Y SUS SUSTITUTOS SINTETICOS, Y LAS NO ESPECIFICADAS"
Y429,11482,"EFECTOS ADVERSOS DE OTRAS HORMONAS ANTAGONISTAS, Y LAS NO ESPECIFICADAS"
Y430,11483,EFECTOS ADVERSOS DE ANTIALERGICOS Y ANTIEMETICOS
Y431,11484,EFECTOS ADVERSOS DE ANTIMETABOLITOS ANTINEOPLASICOS
Y432,11485,EFECTOS ADVERSOS DE PRODUCTOS NATURALES ANTINEOPLASICOS
Y433,11486,EFECTOS ADVERSOS DE OTRAS DROGAS ANTINEOPLASICAS
Y434,11487,EFECTOS ADVERSOS DE AGENTES INMUNOSUPRESORES
Y435,11488,EFECTOS ADVERSOS DE AGENTES ACIDIFICANTES Y ALCALINIZANTES
Y436,11489,EFECTOS ADVERSOS DE ENZIMAS NO CLASIFICADAS EN OTRA PARTE
Y438,11490,EFECTOS ADVERSOS DE OTROS AGENTES SISTEMICOS PRIMARIOS NO CLASIFICADOS EN OTRA PARTE
Y439,11491,EFECTOS ADVERSOS DE AGENTE SISTEMICO PRIMARIO NO ESPECIFICADO
Y440,11492,EFECTOS ADVERSOS DE PREPARACIONES CON HIERRO Y OTROS PREPARADOS CONTRA LA ANEMIA HIPOCROMICA
Y441,11493,"EFECTOS ADVERSOS DE VITAMINA B12, ACIDO FOLICO Y OTROS PREPARADOS CONTRA LA ANEMIA MEGALOBLASTICA"
Y442,11494,EFECTOS ADVERSOS DE ANTICOAGULANTES
Y443,11495,"EFECTOS ADVERSOS DE ANTAGONISTAS DE ANTICOAGULANTES, VITAMINA K Y OTROS COAGULANTES"
Y444,11496,EFECTOS ADVERSOS DE DROGAS ANTITROMBOTICAS [INHIBIDORAS DE LA AGREGACION PLAQUETARIA]
Y445,11497,EFECTOS ADVERSOS DE DROGAS TROMBOLITICAS
Y446,11498,EFECTOS ADVERSOS DE SANGRE NATURAL Y PRODUCTOS SANGUINEOS
Y447,11499,EFECTOS ADVERSOS DE LOS SUSTITUTOS DEL PLASMA
Y449,11500,"EFECTOS ADVERSOS DE OTROS AGENTES QUE AFECTAN LOS CONSTITUYENTES DE LA SANGRE, Y LOS NO ESPECIFICADOS"
Y450,11501,EFECTOS ADVERSOS DE OPIACEOS Y ANALGESICOS RELACIONADOS
Y451,11502,EFECTOS ADVERSOS DE SALICILATOS
Y452,11503,EFECTOS ADVERSOS DE DERIVADOS DEL ACIDO PROPIONICO
Y453,11504,EFECTOS ADVERSOS DE OTRAS DROGAS ANTIINFLAMATORIAS NO ESTEROIDES [DAINE]
Y454,11505,EFECTOS ADVERSOS DE LOS ANTIRREUMATICOS
Y455,11506,EFECTOS ADVERSOS DE LOS DERIVADOS DEL 4-AMINOFENOL
Y458,11507,EFECTOS ADVERSOS DE OTROS ANALGESICOS Y ANTIPIRETICOS
Y459,11508,"EFECTOS ADVERSOS DE DROGAS ANALGESICAS, ANTIPIRETICAS Y ANTIINFLAMATORIAS NO ESPECIFICADAS"
Y460,11509,EFECTOS ADVERSOS DE SUCCINAMIDAS
Y461,11510,EFECTOS ADVERSOS DE OXAZOLIDINADIONAS
Y462,11511,EFECTOS ADVERSOS DE DERIVADOS DE LA HIDANTOINA
Y463,11512,EFECTOS ADVERSOS DE DESOXIBARBITURICOS
Y464,11513,EFECTOS ADVERSOS DE IMINOESTILBENOS
Y465,11514,EFECTOS ADVERSOS DEL ACIDO VALPROICO
Y466,11515,"EFECTOS ADVERSOS DE OTROS ANTIEPILEPTICOS, Y LOS NO ESPECIFICADOS"
Y467,11516,EFECTOS ADVERSOS DE DROGAS ANTIPARKINSONIANAS
Y468,11517,EFECTOS ADVERSOS DE DROGAS ANTIESPASTICAS
Y470,11518,"EFECTOS ADVERSOS DE BARBITURICOS, NO CLASIFICADOS EN OTRA PARTE"
Y471,11519,EFECTOS ADVERSOS DE BENZODIAZEPINAS
Y472,11520,EFECTOS ADVERSOS DE DERIVADOS CLORALES
Y473,11521,EFECTOS ADVERSOS DE PARALDEHIDO
Y474,11522,EFECTOS ADVERSOS DE COMPUESTOS DE BROMO
Y475,11523,"EFECTOS ADVERSOS DE MEZCLAS SEDANTES E HIPNOTICAS, NO CLASIFICADAS EN OTRA PARTE"
Y478,11524,"EFECTOS ADVERSOS DE OTRAS DROGAS SEDANTES, HIPNOTICAS Y ANSIOLITICAS"
Y479,11525,"EFECTOS ADVERSOS DE DROGAS SEDANTES, HIPNOTICAS Y ANSIOLITICAS NO ESPECIFICADAS"
Y480,11526,EFECTOS ADVERSOS DE GASES ANESTESICOS POR INHALACION
Y481,11527,EFECTOS ADVERSOS DE GASES ANESTESICOS PARENTERALES
Y482,11528,"EFECTOS ADVERSOS DE OTROS GASES ANESTESICOS GENERALES, Y LOS NO ESPECIFICADOS"
Y483,11529,EFECTOS ADVERSOS DE GASES ANESTESICOS LOCALES
Y484,11530,EFECTOS ADVERSOS DE ANESTESICOS NO ESPECIFICADOS
Y485,11531,EFECTOS ADVERSOS DE GASES TERAPEUTICOS
Y490,11532,EFECTOS ADVERSOS DE ANTIDEPRESIVOS TRICICLICOS Y TETRACICLICOS
Y491,11533,EFECTOS ADVERSOS DE ANTIDEPRESIVOS INHIBIDORES DE LA MONOAMINOOXIDASA
Y492,11534,EFECTOS ADVERSOS DE OTROS ANTIDEPRESIVOS Y LOS NO ESPECIFICADOS
Y493,11535,EFECTOS ADVERSOS DE ANTIPSICOTICOS Y NEUROLEPTICOS FENOTIAZINICOS
Y494,11536,EFECTOS ADVERSOS DE NEUROLEPTICOS DE LA BUTIROFENONA Y TIOXANTINA
Y495,11537,EFECTOS ADVERSOS DE OTROS ANTIPSICOTICOS Y NEUROLEPTICOS
Y496,11538,EFECTOS ADVERSOS DE PSICODISLEPTICOS [ALUCINOGENOS]
Y497,11539,EFECTOS ADVERSOS DE PSICOESTIMULANTES CON ABUSO POTENCIAL
Y498,11540,"EFECTOS ADVERSOS DE OTRAS DROGAS PSICOTROPICAS, NO CLASIFICADAS EN OTRA PARTE"
Y499,11541,EFECTOS ADVERSOS DE DROGAS PSICOTROPICAS NO ESPECIFICADAS
Y500,11542,EFECTOS ADVERSOS DE ANALEPTICOS
Y501,11543,EFECTOS ADVERSOS DE ANTAGONISTAS DE OPIACEOS
Y502,11544,"EFECTOS ADVERSOS DE METILXANTINAS, NO CLASIFICADAS EN OTRA PARTE"
Y508,11545,EFECTOS ADVERSOS DE OTROS ESTIMULANTES DEL SISTEMA NERVIOSO CENTRAL
Y509,11546,EFECTOS ADVERSOS DE ESTIMULANTE NO ESPECIFICADO DEL SISTEMA NERVIOSO CENTRAL
Y510,11547,EFECTOS ADVERSOS DE AGENTES ANTICOLINESTERASA
Y511,11548,EFECTOS ADVERSOS DE OTROS PARASIMPATICOMIMETICOS [COLINERGICOS]
Y512,11549,"EFECTOS ADVERSOS DE DROGAS BLOQUEADORAS GANGLIONARES, NO CLASIFICADAS EN OTRA PARTE"
Y513,11550,"EFECTOS ADVERSOS DE OTROS PARASIMPATICOLITICOS [ANTICOLINERGICOS Y ANTIMUSCARINICOS] Y ESPASMOLITICOS, NO CLASIFICADOS EN OTRA PARTE"
Y514,11551,"EFECTOS ADVERSOS DE AGONISTAS [ESTIMULANTES] PREDOMINANTEMENTE ALFA-ADRENERGICOS, NO CLASIFICADOS EN OTRA PARTE"
Y515,11552,"EFECTOS ADVERSOS DE AGONISTAS [ESTIMULANTES] PREDOMINANTEMENTE BETA-ADRENERGICOS, NO CLASIFICADOS EN OTRA PARTE"
Y516,11553,"EFECTOS ADVERSOS DE ANTAGONISTAS [BLOQUEADORES] ALFA-ADRENERGICOS, NO CLASIFICADOS EN OTRA PARTE"
Y517,11554,"EFECTOS ADVERSOS DE ANTAGONISTAS [BLOQUEADORES] BETA-ADRENERGICOS, NO CLASIFICADOS EN OTRA PARTE"
Y518,11555,"EFECTOS ADVERSOS DE AGENTES BLOQUEADORES NEURO-ADRENERGICOS QUE ACTUAN CENTRALMENTE, NO CLASIFICADOS EN OTRA PARTE"
Y519,11556,"EFECTOS ADVERSOS DE OTRAS DROGAS QUE AFECTAN PRIMARIAMENTE EL SISTEMA NERVIOSO AUTONOMO, Y LAS NO ESPECIFICADAS"
Y520,11557,EFECTOS ADVERSOS DE GLUCOSIDOS CARDIOTONICOS Y DROGAS DE ACCION SIMILAR
Y521,11558,EFECTOS ADVERSOS DE BLOQUEADORES DEL CANAL DEL CALCIO
Y522,11559,"EFECTOS ADVERSOS DE OTRAS DROGAS ANTIARRITMICAS, NO CLASIFICADAS EN OTRAS PARTES"
Y523,11560,"EFECTOS ADVERSOS DE VASODILATADORES CORONARIOS, NO CLASIFICADOS EN OTRAS PARTES"
Y524,11561,EFECTOS ADVERSOS DE INHIBIDORES DE LA ENZIMA CONVERTIDORA DE ANGIOTENSINA
Y525,11562,"EFECTOS ADVERSOS DE OTRAS DROGAS ANTIHIPERTENSIVAS, NO CLASIFICADAS EN OTRA PARTE"
Y526,11563,EFECTOS ADVERSOS DE DROGAS ANTIHIPERLIPIDEMICAS Y ANTIARTERIOSCLEROTICAS
Y527,11564,EFECTOS ADVERSOS DE VASODILATADORES PERIFERICOS
Y528,11565,"EFECTOS ADVERSOS DE DROGAS ANTIVARICOSAS, INCLUSIVE AGENTES ESCLEROSANTES"
Y529,11566,"EFECTOS ADVERSOS DE OTROS AGENTES QUE AFECTAN PRIMARIAMENTE EL SISTEMA CARDIOVASCULAR, Y LOS NO ESPECIFICADOS"
Y530,11567,EFECTOS ADVERSOS DE BLOQUEADORES DE LOS RECEPTORES H2 DE HISTAMINA
Y531,11568,EFECTOS ADVERSOS DE OTRAS DROGAS ANTIACIDAS E INHIBIDORAS DE LA SECRECION GASTRICA
Y532,11569,EFECTOS ADVERSOS DE LAXANTES ESTIMULANTES
Y533,11570,EFECTOS ADVERSOS DE LAXANTES SALINOS Y OSMOTICOS
Y534,11571,EFECTOS ADVERSOS DE OTROS LAXANTES
Y535,11572,EFECTOS ADVERSOS DE DIGESTIVOS
Y536,11573,EFECTOS ADVERSOS DE DROGAS ANTIDIARREICAS
Y537,11574,EFECTOS ADVERSOS DE EMETICOS
Y538,11575,EFECTOS ADVERSOS DE OTROS AGENTES QUE AFECTAN PRIMARIAMENTE EL SISTEMA GASTROINTESTINAL
Y539,11576,"EFECTOS ADVERSOS DE AGENTES QUE AFECTAN PRIMARIAMENTE EL SISTEMA GASTROINTESTINAL, NO ESPECIFICADOS"
Y540,11577,EFECTOS ADVERSOS DE MINERALOCORTICOIDES
Y541,11578,EFECTOS ADVERSOS DE LOS BLOQUEADORES DE MINERALOCORTICOIDES [ANTAGONISTAS DE LA ALDOSTERONA]
Y542,11579,EFECTOS ADVERSOS DE LOS INHIBIDORES DE LA ANHIDRASA CARBONICA
Y543,11580,EFECTOS ADVERSOS DE LOS DERIVADOS DE LA BENZOTIADIAZINA
Y544,11581,EFECTOS ADVERSOS DE DIURETICOS DE ASA [HIGH-CEILING]
Y545,11582,EFECTOS ADVERSOS DE OTROS DIURETICOS
Y546,11583,"EFECTOS ADVERSOS DE AGENTES ELECTROLITICOS, CALORICOS Y DEL EQUILIBRIO HIDRICO"
Y547,11584,EFECTOS ADVERSOS DE AGENTES QUE AFECTAN LA CALCIFICACION
Y548,11585,EFECTOS ADVERSOS DE AGENTES QUE AFECTAN EL METABOLISMO DEL ACIDO URICO
Y549,11586,EFECTOS ADVERSOS DE SALES MINERALES NO CLASIFICADAS EN OTRA PARTE
Y550,11587,EFECTOS ADVERSOS DE DROGAS OXITOCICAS
Y551,11588,EFECTOS ADVERSOS DE RELAJANTES DE LOS MUSCULOS ESTRIADOS [AGENTES BLOQUEADORES NEUROMUSCULARES]
Y552,11589,"EFECTOS ADVERSOS DE OTROS AGENTES QUE ACTUAN PRIMARIAMENTE SOBRE LOS MUSCULOS, Y LOS NO ESPECIFICADOS"
Y553,11590,EFECTOS ADVERSOS DE ANTITUSIGENOS
Y554,11591,EFECTOS ADVERSOS DE EXPECTORANTES
Y555,11592,EFECTOS ADVERSOS DE DROGAS CONTRA EL RESFRIADO COMUN
Y556,11593,"EFECTOS ADVERSOS DE ANTIASMATICOS, NO CLASIFICADOS EN OTRA PARTE"
Y557,11594,"EFECTOS ADVERSOS DE OTROS AGENTES QUE ACTUAN PRIMARIAMENTE SOBRE EL SISTEMA RESPIRATORIO, Y LOS NO ESPECIFICADOS"
Y560,11595,"EFECTOS ADVERSOS DE DROGAS ANTIMICOTICAS, ANTIINFECCIOSAS Y ANTIINFLAMATORIAS DE USO LOCAL, NO CLASIFICADAS EN OTRA PARTE"
Y561,11596,EFECTOS ADVERSOS DE ANTIPRURIGINOSOS
Y562,11597,EFECTOS ADVERSOS DE ASTRINGENTES Y DETERGENTES LOCALES
Y563,11598,"EFECTOS ADVERSOS DE EMOLIENTES, DEMULCENTES Y PROTECTORES"
Y564,11599,"EFECTOS ADVERSOS DE DROGAS Y PREPARADOS QUERATOLITICOS, QUERATOPLASTICOS Y OTROS PARA EL TRATAMIENTO DEL CABELLO"
Y565,11600,EFECTOS ADVERSOS DE DROGAS Y PREPARADOS OFTALMOLOGICOS
Y566,11601,EFECTOS ADVERSOS DE DROGAS Y PREPARADOS OTORRINOLARINGOLOGICOS
Y567,11602,"EFECTOS ADVERSOS DE DROGAS DENTALES, DE APLICACIÓN TOPICA"
Y568,11603,EFECTOS ADVERSOS DE OTROS AGENTES TOPICOS
Y569,11604,EFECTOS ADVERSOS DE OTROS AGENTES TOPICOS NO ESPECIFICADOS
Y570,11605,EFECTOS ADVERSOS DE DEPRESORES DEL APETITO [ANOREXICOS]
Y571,11606,EFECTOS ADVERSOS DE DROGAS LIPOTROPICAS
Y572,11607,"EFECTOS ADVERSOS DE ANTIDOTOS Y AGENTES QUELANTES, NO CLASIFICADOS EN OTRA PARTE"
Y573,11608,EFECTOS ADVERSOS DE DISUASIVOS DEL ALCOHOL
Y574,11609,EFECTOS ADVERSOS DE EXCIPIENTES FARMACEUTICOS
Y575,11610,EFECTOS ADVERSOS DE MEDIOS DE CONTRASTE PARA RAYOS X
Y576,11611,EFECTOS ADVERSOS DE OTROS AGENTES DIAGNOSTICOS
Y577,11612,"EFECTOS ADVERSOS DE VITAMINAS, NO CLASIFICADAS EN OTRA PARTE"
Y578,11613,EFECTOS ADVERSOS DE OTRAS DROGAS Y MEDICAMENTOS
Y579,11614,EFECTOS ADVERSOS DE DROGAS Y MEDICAMENTOS NO ESPECIFICADOS
Y580,11615,EFECTOS ADVERSOS DE LA VACUNA BCG
Y581,11616,EFECTOS ADVERSOS DE LA VACUNA TIFOIDEA Y PARATIFOIDEA
Y582,11617,EFECTOS ADVERSOS DE LA VACUNA CONTRA EL COLERA
Y583,11618,EFECTOS ADVERSOS DE LA VACUNA CONTRA LA PESTE
Y584,11619,EFECTOS ADVERSOS DE LA VACUNA CONTRA EL TETANOS
Y585,11620,EFECTOS ADVERSOS DE LA VACUNA CONTRA LA DIFTERIA
Y586,11621,"EFECTOS ADVERSOS DE LA VACUNA CONTRA LA TOS FERINA, INCLUSIVE COMBINACIONES CON UN COMPONENTE PERTUSIS"
Y588,11622,"EFECTOS ADVERSOS DE VACUNAS BACTERIANAS MIXTAS, EXCEPTO COMBINACIONES CON UN COMPONENTE PERTUSIS"
Y589,11623,"EFECTOS ADVERSOS DE OTRAS VACUNAS BACTERIANAS, Y LAS NO ESPECIFICADAS"
Y590,11624,EFECTOS ADVERSOS DE VACUNAS VIRALES
Y591,11625,EFECTOS ADVERSOS DE VACUNAS CONTRA RICKETTSIAS
Y592,11626,EFECTOS ADVERSOS DE VACUNAS ANTIPROTOZOARIAS
Y593,11627,EFECTOS ADVERSOS DE LA INMUNOGLOBULINA
Y598,11628,EFECTOS ADVERSOS DE OTRAS VACUNAS Y SUSTANCIAS BIOLOGICAS ESPECIFICADAS
Y599,11629,EFECTOS ADVERSOS DE OTRAS VACUNAS O SUSTANCIAS BIOLOGICAS NO ESPECIFICADAS
Y600,11630,INCIDENTE DURANTE OPERACIÓN QUIRURGICA
Y601,11631,INCIDENTE DURANTE INFUSION O TRANSFUSION
Y602,11632,INCIDENTE DURANTE DIALISIS RENAL U OTRA PERFUSION
Y603,11633,INCIDENTE DURANTE INYECCION O INMUNIZACION
Y604,11634,INCIDENTE DURANTE EXAMEN ENDOSCOPICO
Y605,11635,INCIDENTE DURANTE CATETERIZACION CARDIACA
Y606,11636,"INCIDENTE DURANTE ASPIRACION, PUNCION Y OTRA CATETERIZACION"
Y607,11637,INCIDENTE DURANTE ADMINISTRACION DE ENEMA
Y608,11638,INCIDENTE DURANTE OTRAS ATENCIONES MEDICAS Y QUIRURGICAS
Y609,11639,INCIDENTE DURANTE ATENCION MEDICA Y QUIRURGICA NO ESPECIFICADA
Y610,11640,OBJETO EXTRAÑO DEJADO ACCIDENTALMENTE EN EL CUERPO DURANTE OPERACIÓN QUIRURGICA
Y611,11641,OBJETO EXTRAÑO DEJADO ACCIDENTALMENTE EN EL CUERPO DURANTE INFUSION O TRANSFUSION
Y612,11642,OBJETO EXTRAÑO DEJADO ACCIDENTALMENTE EN EL CUERPO DURANTE DIALISIS RENAL U OTRA PERFUSION
Y613,11643,OBJETO EXTRAÑO DEJADO ACCIDENTALMENTE EN EL CUERPO DURANTE INYECCION O INMUNIZACION
Y614,11644,OBJETO EXTRAÑO DEJADO ACCIDENTALMENTE EN EL CUERPO DURANTE EXAMEN ENDOSCOPICO
Y615,11645,OBJETO EXTRAÑO DEJADO ACCIDENTALMENTE EN EL CUERPO DURANTE CATETERIZACION CARDIACA
Y616,11646,"OBJETO EXTRAÑO DEJADO ACCIDENTALMENTE EN EL CUERPO DURANTE ASPIRACION, PUNCION Y OTRA CATETERIZACION"
Y617,11647,OBJETO EXTRAÑO DEJADO ACCIDENTALMENTE EN EL CUERPO DURANTE REMOCION DE CATETER O TAPONAMIENTO
Y618,11648,OBJETO EXTRAÑO DEJADO ACCIDENTALMENTE EN EL CUERPO DURANTE OTRAS ATENCIONES MEDICAS Y QUIRURGICAS
Y619,11649,OBJETO EXTRAÑO DEJADO ACCIDENTALMENTE EN EL CUERPO DURANTE ATENCION MEDICA Y QUIRURGICA NO ESPECIFICADA
Y620,11650,FALLAS EN LA ESTERILIZACION DURANTE OPERACIÓN QUIRURGICA
Y621,11651,FALLAS EN LA ESTERILIZACION DURANTE INFUSION O TRANSFUSION
Y622,11652,FALLAS EN LA ESTERILIZACION DURANTE DIALISIS RENAL U OTRA PERFUSION
Y623,11653,FALLAS EN LA ESTERILIZACION DURANTE INYECCION O INMUNIZACION
Y624,11654,FALLAS EN LA ESTERILIZACION DURANTE EXAMEN ENDOSCOPICO
Y625,11655,FALLAS EN LA ESTERILIZACION DURANTE CATETERIZACION CARDIACA
Y626,11656,"FALLAS EN LA ESTERILIZACION DURANTE ASPIRACION, PUNCION Y OTRA CATETERIZACION"
Y628,11657,FALLAS EN LA ESTERILIZACION DURANTE OTRAS ATENCIONES MEDICAS Y QUIRURGICAS
Y629,11658,FALLAS EN LA ESTERILIZACION DURANTE ATENCION MEDICA Y QUIRURGICA NO ESPECIFICADA
Y630,11659,EXCESIVA CANTIDAD DE SANGRE U OTRO LIQUIDO ADMINISTRADO DURANTE UNA INFUSION O TRANSFUSION
Y631,11660,DILUCION INCORRECTA DE LIQUIDO DURANTE UNA INFUSION
Y632,11661,SOBREDOSIS DE RADIACION ADMINISTRADA DURANTE TERAPIA
Y633,11662,EXPOSICION INADVERTIDA DEL PACIENTE A RADIACION DURANTE LA ATENCION MEDICA
Y634,11663,FALLA EN LA DOSIFICACION EN ELECTROCHOQUE O EN CHOQUE INSULINICO
Y635,11664,"FALLA EN EL CONTROL DE LA TEMPERATURA, EN TAPONAMIENTOS Y APLICACIONES LOCALES"
Y636,11665,"NO ADMINISTRACION DE DROGAS, MEDICAMENTOS O SUSTANCIAS BIOLOGICAS NECESARIAS"
Y638,11666,FALLA EN LA DOSIFICACION DURANTE OTRAS ATENCIONES MEDICAS Y QUIRURGICAS
Y639,11667,FALLA EN LA DOSIFICACION DURANTE ATENCION MEDICA Y QUIRURGICA NO ESPECIFICADA
Y640,11668,MEDICAMENTO O SUSTANCIA BIOLOGICA CONTAMINADO EN INFUSION O TRANSFUSION
Y641,11669,"MEDICAMENTO O SUSTANCIA BIOLOGICA CONTAMINADO, INYECTADO O USADO PARA INMUNIZACION"
Y648,11670,"MEDICAMENTO O SUSTANCIA BIOLOGICA CONTAMINADO, ADMINISTRADO POR OTROS MEDIOS"
Y649,11671,"MEDICAMENTO O SUSTANCIA BIOLOGICA CONTAMINADO, ADMINISTRADO POR MEDIOS NO ESPECIFICADOS"
Y650,11672,SANGRE INCOMPATIBLE USADA EN TRANSFUSION
Y651,11673,LIQUIDO ERRONEO USADO EN INFUSION
Y652,11674,FALLA EN LA SUTURA O LIGADURA DURANTE OPERACIÓN QUIRURGICA
Y653,11675,TUBO ENDOTRAQUEAL COLOCADO ERRONEAMENTE DURANTE PROCEDIMIENTO ANESTESICO
Y654,11676,FALLA EN LA INTRODUCCION O REMOCION DE OTRO TUBO O INSTRUMENTO
Y655,11677,REALIZACION DE UNA OPERACIÓN INADECUADA
Y658,11678,OTROS INCIDENTES ESPECIFICADOS DURANTE LA ATENCION MEDICA Y QUIRURGICA
Y66,11679,NO ADMINISTRACION DE LA ATENCION MEDICA Y QUIRURGICA
Y69,11680,INCIDENTES NO ESPECIFICADOS DURANTE LA ATENCION MEDICA Y QUIRURGICA
Y700,11681,DISPOSITIVOS DE ANESTESIOLOGIA ASOCIADOS CON INCIDENTES ADVERSOS: DISPOSITIVOS DE DIAGNOSTICO Y MONITOREO
Y701,11682,DISPOSITIVOS DE ANESTESIOLOGIA ASOCIADOS CON INCIDENTES ADVERSOS: DISPOSITIVOS TERAPEUTICOS (NO QUIRURGICOS) Y DE REHABILITACION
Y702,11683,"DISPOSITIVOS DE ANESTESIOLOGIA ASOCIADOS CON INCIDENTES ADVERSOS: DISPOSITIVOS PROTESICOS Y OTROS IMPLANTES, MATERIALES Y ACCESORIOS"
Y703,11684,"DISPOSITIVOS DE ANESTESIOLOGIA ASOCIADOS CON INCIDENTES ADVERSOS: INSTRUMENTOS QUIRURGICOS, DISPOSITIVOS Y MATERIALES (INCLUSIVE SUTURAS)"
Y708,11685,"DISPOSITIVOS DE ANESTESIOLOGIA ASOCIADOS CON INCIDENTES ADVERSOS: DISPOSITIVOS DIVERSOS, NO CLASIFICADOS EN OTRA PARTE"
Y710,11686,DISPOSITIVOS CARDIOVASCULARES ASOCIADOS CON INCIDENTES ADVERSOS: DISPOSITIVOS DE DIAGNOSTICO Y MONITOREO
Y711,11687,DISPOSITIVOS CARDIOVASCULARES ASOCIADOS CON INCIDENTES ADVERSOS: DISPOSITIVOS TERAPEUTICOS (NO QUIRURGICOS) Y DE REHABILITACION
Y712,11688,"DISPOSITIVOS CARDIOVASCULARES ASOCIADOS CON INCIDENTES ADVERSOS: DISPOSITIVOS PROTESICOS Y OTROS IMPLANTES, MATERIALES Y ACCESORIOS"
Y713,11689,"DISPOSITIVOS CARDIOVASCULARES ASOCIADOS CON INCIDENTES ADVERSOS: INSTRUMENTOS QUIRURGICOS, DISPOSITIVOS Y MATERIALES (INCLUSIVE SUTURAS)"
Y718,11690,"DISPOSITIVOS CARDIOVASCULARES ASOCIADOS CON INCIDENTES ADVERSOS: DISPOSITIVOS DIVERSOS, NO CLASIFICADOS EN OTRA PARTE"
Y720,11691,DISPOSITIVOS OTORRINOLARINGOLOGICOS ASOCIADOS CON INCIDENTES ADVERSOS: DISPOSITIVOS DE DIAGNOSTICO Y MONITOREO
Y721,11692,DISPOSITIVOS OTORRINOLARINGOLOGICOS ASOCIADOS CON INCIDENTES ADVERSOS: DISPOSITIVOS TERAPEUTICOS (NO QUIRURGICOS) Y DE REHABILITACION
Y722,11693,"DISPOSITIVOS OTORRINOLARINGOLOGICOS ASOCIADOS CON INCIDENTES ADVERSOS: DISPOSITIVOS PROTESICOS Y OTROS IMPLANTES, MATERIALES Y ACCESORIOS"
Y723,11694,"DISPOSITIVOS OTORRINOLARINGOLOGICOS ASOCIADOS CON INCIDENTES ADVERSOS: INSTRUMENTOS QUIRURGICOS, DISPOSITIVOS Y MATERIALES (INCLUSIVE SUTURAS)"
Y728,11695,"DISPOSITIVOS OTORRINOLARINGOLOGICOS ASOCIADOS CON INCIDENTES ADVERSOS: DISPOSITIVOS DIVERSOS, NO CLASIFICADOS EN OTRA PARTE"
Y730,11696,DISPOSITIVOS DE GASTROENTEROLOGIA Y UROLOGIA ASOCIADOS CON INCIDENTES ADVERSOS: DISPOSITIVOS DE DIAGNOSTICO Y MONITOREO
Y731,11697,DISPOSITIVOS DE GASTROENTEROLOGIA Y UROLOGIA ASOCIADOS CON INCIDENTES ADVERSOS: DISPOSITIVOS TERAPEUTICOS (NO QUIRURGICOS) Y DE REHABILITACION
Y732,11698,"DISPOSITIVOS DE GASTROENTEROLOGIA Y UROLOGIA ASOCIADOS CON INCIDENTES ADVERSOS: DISPOSITIVOS PROTESICOS Y OTROS IMPLANTES, MATERIALES Y ACCESORIOS"
Y733,11699,"DISPOSITIVOS DE GASTROENTEROLOGIA Y UROLOGIA ASOCIADOS CON INCIDENTES ADVERSOS: INSTRUMENTOS QUIRURGICOS, DISPOSITIVOS Y MATERIALES (INCLUSIVE SUTURAS)"
Y738,11700,"DISPOSITIVOS DE GASTROENTEROLOGIA Y UROLOGIA ASOCIADOS CON INCIDENTES ADVERSOS: DISPOSITIVOS DIVERSOS, NO CLASIFICADOS EN OTRA PARTE"
Y740,11701,DISPOSITIVOS PARA USO HOSPITALARIO GENERAL Y PERSONAL ASOCIADOS CON INCIDENTES ADVERSOS: DISPOSITIVOS DE DIAGNOSTICO Y MONITOREO
Y741,11702,DISPOSITIVOS PARA USO HOSPITALARIO GENERAL Y PERSONAL ASOCIADOS CON INCIDENTES ADVERSOS: DISPOSITIVOS TERAPEUTICOS (NO QUIRURGICOS) Y DE REHABILITACION
Y742,11703,"DISPOSITIVOS PARA USO HOSPITALARIO GENERAL Y PERSONAL ASOCIADOS CON INCIDENTES ADVERSOS: DISPOSITIVOS PROTESICOS Y OTROS IMPLANTES, MATERIALES Y ACCESORIOS"
Y743,11704,"DISPOSITIVOS PARA USO HOSPITALARIO GENERAL Y PERSONAL ASOCIADOS CON INCIDENTES ADVERSOS: INSTRUMENTOS QUIRURGICOS, DISPOSITIVOS Y MATERIALES (INCLUSIVE SUTURAS)"
Y748,11705,"DISPOSITIVOS PARA USO HOSPITALARIO GENERAL Y PERSONAL ASOCIADOS CON INCIDENTES ADVERSOS: DISPOSITIVOS DIVERSOS, NO CLASIFICADOS EN OTRA PARTE"
Y750,11706,DISPOSITIVOS NEUROLOGICOS ASOCIADOS CON INCIDENTES ADVERSOS: DISPOSITIVOS DE DIAGNOSTICO Y MONITOREO
Y751,11707,DISPOSITIVOS NEUROLOGICOS ASOCIADOS CON INCIDENTES ADVERSOS: DISPOSITIVOS TERAPEUTICOS (NO QUIRURGICOS) Y DE REHABILITACION
Y752,11708,"DISPOSITIVOS NEUROLOGICOS ASOCIADOS CON INCIDENTES ADVERSOS: DISPOSITIVOS PROTESICOS Y OTROS IMPLANTES, MATERIALES Y ACCESORIOS"
Y753,11709,"DISPOSITIVOS NEUROLOGICOS ASOCIADOS CON INCIDENTES ADVERSOS: INSTRUMENTOS QUIRURGICOS, DISPOSITIVOS Y MATERIALES (INCLUSIVE SUTURAS)"
Y758,11710,"DISPOSITIVOS NEUROLOGICOS ASOCIADOS CON INCIDENTES ADVERSOS: DISPOSITIVOS DIVERSOS, NO CLASIFICADOS EN OTRA PARTE"
Y760,11711,DISPOSITIVOS GINECOLOGICOS Y OBSTETRICOS ASOCIADOS CON INCIDENTES ADVERSOS: DISPOSITIVOS DE DIAGNOSTICO Y MONITOREO
Y761,11712,DISPOSITIVOS GINECOLOGICOS Y OBSTETRICOS ASOCIADOS CON INCIDENTES ADVERSOS: DISPOSITIVOS TERAPEUTICOS (NO QUIRURGICOS) Y DE REHABILITACION
Y762,11713,"DISPOSITIVOS GINECOLOGICOS Y OBSTETRICOS ASOCIADOS CON INCIDENTES ADVERSOS: DISPOSITIVOS PROTESICOS Y OTROS IMPLANTES, MATERIALES Y ACCESORIOS"
Y763,11714,"DISPOSITIVOS GINECOLOGICOS Y OBSTETRICOS ASOCIADOS CON INCIDENTES ADVERSOS: INSTRUMENTOS QUIRURGICOS, DISPOSITIVOS Y MATERIALES (INCLUSIVE SUTURAS)"
Y768,11715,"DISPOSITIVOS GINECOLOGICOS Y OBSTETRICOS ASOCIADOS CON INCIDENTES ADVERSOS: DISPOSITIVOS DIVERSOS, NO CLASIFICADOS EN OTRA PARTE"
Y770,11716,DISPOSITIVOS OFTALMICOS ASOCIADOS CON INCIDENTES ADVERSOS: DISPOSITIVOS DE DIAGNOSTICO Y MONITOREO
Y771,11717,DISPOSITIVOS OFTALMICOS ASOCIADOS CON INCIDENTES ADVERSOS: DISPOSITIVOS TERAPEUTICOS (NO QUIRURGICOS) Y DE REHABILITACION
Y772,11718,"DISPOSITIVOS OFTALMICOS ASOCIADOS CON INCIDENTES ADVERSOS: DISPOSITIVOS PROTESICOS Y OTROS IMPLANTES, MATERIALES Y ACCESORIOS"
Y773,11719,"DISPOSITIVOS OFTALMICOS ASOCIADOS CON INCIDENTES ADVERSOS: INSTRUMENTOS QUIRURGICOS, DISPOSITIVOS Y MATERIALES (INCLUSIVE SUTURAS)"
Y778,11720,"DISPOSITIVOS OFTALMICOS ASOCIADOS CON INCIDENTES ADVERSOS: DISPOSITIVOS DIVERSOS, NO CLASIFICADOS EN OTRA PARTE"
Y780,11721,APARATOS RADIOLOGICOS ASOCIADOS CON INCIDENTES ADVERSOS: DISPOSITIVOS DE DIAGNOSTICO Y MONITOREO
Y781,11722,APARATOS RADIOLOGICOS ASOCIADOS CON INCIDENTES ADVERSOS: DISPOSITIVOS TERAPEUTICOS (NO QUIRURGICOS) Y DE REHABILITACION
Y782,11723,"APARATOS RADIOLOGICOS ASOCIADOS CON INCIDENTES ADVERSOS: DISPOSITIVOS PROTESICOS Y OTROS IMPLANTES, MATERIALES Y ACCESORIOS"
Y783,11724,"APARATOS RADIOLOGICOS ASOCIADOS CON INCIDENTES ADVERSOS: INSTRUMENTOS QUIRURGICOS, DISPOSITIVOS Y MATERIALES (INCLUSIVE SUTURAS)"
Y788,11725,"APARATOS RADIOLOGICOS ASOCIADOS CON INCIDENTES ADVERSOS: DISPOSITIVOS DIVERSOS, NO CLASIFICADOS EN OTRA PARTE"
Y790,11726,DISPOSITIVOS ORTOPEDICOS ASOCIADOS CON INCIDENTES ADVERSOS: DISPOSITIVOS DE DIAGNOSTICO Y MONITOREO
Y791,11727,DISPOSITIVOS ORTOPEDICOS ASOCIADOS CON INCIDENTES ADVERSOS: DISPOSITIVOS TERAPEUTICOS (NO QUIRURGICOS) Y DE REHABILITACION
Y792,11728,"DISPOSITIVOS ORTOPEDICOS ASOCIADOS CON INCIDENTES ADVERSOS: DISPOSITIVOS PROTESICOS Y OTROS IMPLANTES, MATERIALES Y ACCESORIOS"
Y793,11729,"DISPOSITIVOS ORTOPEDICOS ASOCIADOS CON INCIDENTES ADVERSOS: INSTRUMENTOS QUIRURGICOS, DISPOSITIVOS Y MATERIALES (INCLUSIVE SUTURAS)"
Y798,11730,"DISPOSITIVOS ORTOPEDICOS ASOCIADOS CON INCIDENTES ADVERSOS: DISPOSITIVOS DIVERSOS, NO CLASIFICADOS EN OTRA PARTE"
Y800,11731,APARATOS DE MEDICINA FISICA ASOCIADOS CON INCIDENTES ADVERSOS: DISPOSITIVOS DE DIAGNOSTICO Y MONITOREO
Y801,11732,APARATOS DE MEDICINA FISICA ASOCIADOS CON INCIDENTES ADVERSOS: DISPOSITIVOS TERAPEUTICOS (NO QUIRURGICOS) Y DE REHABILITACION
Y802,11733,"APARATOS DE MEDICINA FISICA ASOCIADOS CON INCIDENTES ADVERSOS: DISPOSITIVOS PROTESICOS Y OTROS IMPLANTES, MATERIALES Y ACCESORIOS"
Y803,11734,"APARATOS DE MEDICINA FISICA ASOCIADOS CON INCIDENTES ADVERSOS: INSTRUMENTOS QUIRURGICOS, DISPOSITIVOS Y MATERIALES (INCLUSIVE SUTURAS)"
Y808,11735,"APARATOS DE MEDICINA FISICA ASOCIADOS CON INCIDENTES ADVERSOS: DISPOSITIVOS DIVERSOS, NO CLASIFICADOS EN OTRA PARTE"
Y810,11736,DISPOSITIVOS DE CIRUGIA GENERAL Y PLASTICA ASOCIADOS CON INCIDENTES ADVERSOS: DISPOSITIVOS DE DIAGNOSTICO Y MONITOREO
Y811,11737,DISPOSITIVOS DE CIRUGIA GENERAL Y PLASTICA ASOCIADOS CON INCIDENTES ADVERSOS: DISPOSITIVOS TERAPEUTICOS (NO QUIRURGICOS) Y DE REHABILITACION
Y812,11738,"DISPOSITIVOS DE CIRUGIA GENERAL Y PLASTICA ASOCIADOS CON INCIDENTES ADVERSOS: DISPOSITIVOS PROTESICOS Y OTROS IMPLANTES, MATERIALES Y ACCESORIOS"
Y813,11739,"DISPOSITIVOS DE CIRUGIA GENERAL Y PLASTICA ASOCIADOS CON INCIDENTES ADVERSOS: INSTRUMENTOS QUIRURGICOS, DISPOSITIVOS Y MATERIALES (INCLUSIVE SUTURAS)"
Y818,11740,"DISPOSITIVOS DE CIRUGIA GENERAL Y PLASTICA ASOCIADOS CON INCIDENTES ADVERSOS: DISPOSITIVOS DIVERSOS, NO CLASIFICADOS EN OTRA PARTE"
Y820,11741,"OTROS DISPOSITIVOS MEDICOS, Y LOS NO ESPECIFICADOS, ASOCIADOS CON INCIDENTES ADVERSOS: DISPOSITIVOS DE DIAGNOSTICO Y MONITOREO"
Y821,11742,"OTROS DISPOSITIVOS MEDICOS, Y LOS NO ESPECIFICADOS, ASOCIADOS CON INCIDENTES ADVERSOS: DISPOSITIVOS TERAPEUTICOS (NO QUIRURGICOS) Y DE REHABILITACION"
Y822,11743,"OTROS DISPOSITIVOS MEDICOS, Y LOS NO ESPECIFICADOS, ASOCIADOS CON INCIDENTES ADVERSOS: DISPOSITIVOS PROTESICOS Y OTROS IMPLANTES, MATERIALES Y ACCESORIOS"
Y823,11744,"OTROS DISPOSITIVOS MEDICOS, Y LOS NO ESPECIFICADOS, ASOCIADOS CON INCIDENTES ADVERSOS: INSTRUMENTOS QUIRURGICOS, DISPOSITIVOS Y MATERIALES (INCLUSIVE SUTURAS)"
Y828,11745,"OTROS DISPOSITIVOS MEDICOS, Y LOS NO ESPECIFICADOS, ASOCIADOS CON INCIDENTES ADVERSOS: DISPOSITIVOS DIVERSOS, NO CLASIFICADOS EN OTRA PARTE"
Y830,11746,OPERACIÓN QUIRURGICA CON TRASPLANTE DE UN ORGANO COMPLETO
Y831,11747,OPERACIÓN QUIRURGICA CON IMPLANTE DE UN DISPOSITIVO ARTIFICIAL INTERNO
Y832,11748,"OPERACIÓN QUIRURGICA CON ANASTOMOSIS, DERIVACION O INJERTO"
Y833,11749,OPERACIÓN QUIRURGICA CON FORMACION DE ESTOMA EXTERNO
Y834,11750,OTRA CIRUGIA RECONSTRUCTIVA
Y835,11751,AMPUTACION DE MIEMBRO(S)
Y836,11752,REMOCION DE OTRO ORGANO (PARCIAL) (TOTAL)
Y838,11753,OTROS PROCEDIMIENTOS QUIRURGICOS
Y839,11754,PROCEDIMIENTO QUIRURGICO NO ESPECIFICADO
Y840,11755,CATETERIZACION CARDIACA
Y841,11756,DIALISIS RENAL
Y842,11757,PROCEDIMIENTO RADIOLOGICO Y RADIOTERAPIA
Y843,11758,TERAPIA POR CHOQUE
Y844,11759,ASPIRACION DE LIQUIDOS
Y845,11760,INSERCION DE SONDA GASTRICA O DUODENAL
Y846,11761,CATETERIZACION URINARIA
Y847,11762,MUESTRA DE SANGRE
Y848,11763,OTROS PROCEDIMIENTOS MEDICOS
Y849,11764,PROCEDIMIENTO MEDICO NO ESPECIFICADO
Y850,11765,SECUELAS DE ACCIDENTE DE VEHICULO DE MOTOR
Y859,11766,"SECUELAS DE OTROS ACCIDENTES DE TRANSPORTE, Y LOS NO ESPECIFICADOS"
Y86,11767,SECUELAS DE OTROS ACCIDENTES
Y870,11768,SECUELAS DE LESIONES AUTOINFLIGIDAS
Y871,11769,SECUELAS DE AGRESIONES
Y872,11770,SECUELAS DE EVENTOS DE INTENCION NO DETERMINADA
Y880,11771,"SECUELAS DE EFECTOS ADVERSOS CAUSADOS POR DROGAS, MEDICAMENTOS Y SUSTANCIAS BIOLOGICAS EN SU USO TERAPEUTICO"
Y881,11772,SECUELAS DE INCIDENTES OCURRIDOS AL PACIENTE DURANTE PROCEDIMIENTOS MEDICOS Y QUIRURGICOS
Y882,11773,SECUELAS DE INCIDENTES ADVERSOS ASOCIADOS CON DISPOSITIVOS MEDICOS EN USO DIAGNOSTICO Y TERAPEUTICO
Y883,11774,"SECUELAS DE PROCEDIMIENTOS MEDICOS Y QUIRURGICOS COMO LA CAUSA DE REACCION ANORMAL DEL PACIENTE O DE COMPLICACION POSTERIOR, SIN MENCION DE INCIDENTE EN EL MOMENTO DE EFECTUAR EL PROCEDIMIENTO"
Y890,11775,SECUELAS DE INTERVENCION LEGAL
Y891,11776,SECUELAS DE OPERACIONES DE GUERRA
Y899,11777,SECUELAS DE CAUSA EXTERNA NO ESPECIFICADA
Y900,11778,NIVEL DE ALCOHOL EN LA SANGRE MENOR DE 20 mg/100 ml
Y901,11779,NIVEL DE ALCOHOL EN LA SANGRE DE 20 A 39 mg/100 ml
Y902,11780,NIVEL DE ALCOHOL EN LA SANGRE DE 40 A 59 mg/100 ml
Y903,11781,NIVEL DE ALCOHOL EN LA SANGRE DE 60 A 79 mg/100 ml
Y904,11782,NIVEL DE ALCOHOL EN LA SANGRE DE 80 A 99 mg/100 ml
Y905,11783,NIVEL DE ALCOHOL EN LA SANGRE DE 100 A 119 mg/100 ml
Y906,11784,NIVEL DE ALCOHOL EN LA SANGRE DE 120 A 199 mg/100 ml
Y907,11785,NIVEL DE ALCOHOL EN LA SANGRE DE 200 A 239 mg/100 ml
Y908,11786,NIVEL DE ALCOHOL EN LA SANGRE DE 240 mg/100 ml O MAS
Y909,11787,"PRESENCIA DE ALCOHOL EN LA SANGRE, NIVEL NO ESPECIFICADO"
Y910,11788,INTOXICACION ALCOHOLICA LEVE
Y911,11789,INTOXICACION ALCOHOLICA MODERADA
Y912,11790,INTOXICACION ALCOHOLICA SEVERA
Y913,11791,INTOXICACION ALCOHOLICA MUY SEVERA
Y919,11792,"ALCOHOLISMO, NIVEL DE INTOXICACION NO ESPECIFICADO"
Y95,11793,AFECCION NOSOCOMIAL
Y96,11794,AFECCION RELACIONADA CON EL TRABAJO
Y97,11795,AFECCION RELACIONADA CON LA CONTAMINACION AMBIENTAL
Y98,11796,AFECCION RELACIONADA CON ESTILO DE VIDA
Z000,11797,EXAMEN MEDICO GENERAL
Z001,11798,CONTROL DE SALUD DE RUTINA DEL NIÑO
Z002,11799,EXAMEN DURANTE EL PERIODO DE CRECIMIENTO RAPIDO EN LA INFANCIA
Z003,11800,EXAMEN DEL ESTADO DE DESARROLLO DEL ADOLESCENTE
Z004,11801,"EXAMEN PSIQUIATRICO GENERAL, NO CLASIFICADO EN OTRA PARTE"
Z005,11802,EXAMEN DE DONANTE POTENCIAL DE ORGANO O TEJIDO
Z006,11803,EXAMEN PARA COMPARACION Y CONTROL NORMALES EN PROGRAMA DE INVESTIGACION CLINICA
Z008,11804,OTROS EXAMENES GENERALES
Z010,11805,EXAMEN DE OJOS Y DE LA VISION
Z011,11806,EXAMEN DE OIDOS Y DE LA AUDICION
Z012,11807,EXAMEN ODONTOLOGICO
Z013,11808,EXAMEN DE LA PRESION SANGUINEA
Z014,11809,EXAMEN GINECOLOGICO (GENERAL) (DE RUTINA)
Z015,11810,PRUEBAS DE SENSIBILIZACION Y DIAGNOSTICO CUTANEO
Z016,11811,"EXAMEN RADIOLOGICO, NO CLASIFICADO EN OTRA PARTE"
Z017,11812,EXAMEN DE LABORATORIO
Z018,11813,OTROS EXAMENES ESPECIALES ESPECIFICADOS
Z019,11814,EXAMEN ESPECIAL NO ESPECIFICADO
Z020,11815,EXAMEN PARA ADMISION A INSTITUCIONES EDUCATIVAS
Z021,11816,EXAMEN PREEMPLEO
Z022,11817,EXAMEN PARA ADMISION A INSTITUCIONES RESIDENCIALES
Z023,11818,EXAMEN PARA RECLUTAMIENTO EN LAS FUERZAS ARMADAS
Z024,11819,EXAMEN PARA OBTENCION DE LICENCIA DE CONDUCIR
Z025,11820,EXAMEN PARA PARTICIPACION EN COMPETENCIAS DEPORTIVAS
Z026,11821,EXAMEN PARA FINES DE SEGUROS
Z027,11822,EXTENSION DE CERTIFICADO MEDICO
Z028,11823,OTROS EXAMENES PARA FINES ADMINISTRATIVOS
Z029,11824,"EXAMEN PARA FINES ADMINISTRATIVOS, NO ESPECIFICADO"
Z030,11825,OBSERVACION POR SOSPECHA DE TUBERCULOSIS
Z031,11826,OBSERVACION POR SOSPECHA DE TUMOR MALIGNO
Z032,11827,OBSERVACION POR SOSPECHA DE TRASTORNO MENTAL Y DEL COMPORTAMIENTO
Z033,11828,OBSERVACION POR SOSPECHA DE TRASTORNO DEL SISTEMA NERVIOSO
Z034,11829,OBSERVACION POR SOSPECHA DE INFARTO DE MIOCARDIO
Z035,11830,OBSERVACION POR SOSPECHA DE OTRAS ENFERMEDADES CARDIOVASCULARES
Z036,11831,OBSERVACION POR SOSPECHA DE EFECTOS TOXICOS DE SUSTANCIAS INGERIDAS
Z038,11832,OBSERVACION POR SOSPECHA DE OTRAS ENFERMEDADES Y AFECCIONES
Z039,11833,OBSERVACION POR SOSPECHA DE ENFERMEDAD O AFECCION NO ESPECIFICADA
Z040,11834,PRUEBA DE ALCOHOL O DROGAS EN LA SANGRE
Z041,11835,EXAMEN Y OBSERVACION CONSECUTIVOS A ACCIDENTE DE TRANSPORTE
Z042,11836,EXAMEN Y OBSERVACION CONSECUTIVOS A ACCIDENTE DE TRABAJO
Z043,11837,EXAMEN Y OBSERVACION CONSECUTIVOS A OTRO ACCIDENTE
Z044,11838,EXAMEN Y OBSERVACION CONSECUTIVOS A DENUNCIA DE VIOLACION Y SEDUCCION
Z045,11839,EXAMEN Y OBSERVACION CONSECUTIVOS A OTRA LESION INFLIGIDA
Z046,11840,"EXAMEN PSIQUIATRICO GENERAL, SOLICITADO POR UNA AUTORIDAD"
Z048,11841,EXAMEN Y OBSERVACION POR OTRAS RAZONES ESPECIFICADAS
Z049,11842,EXAMEN Y OBSERVACION POR RAZONES NO ESPECIFICADAS
Z080,11843,EXAMEN DE SEGUIMIENTO CONSECUTIVO A CIRUGIA POR TUMOR MALIGNO
Z081,11844,EXAMEN DE SEGUIMIENTO CONSECUTIVO A RADIOTERAPIA POR TUMOR MALIGNO
Z082,11845,EXAMEN DE SEGUIMIENTO CONSECUTIVO A QUIMIOTERAPIA POR TUMOR MALIGNO
Z087,11846,EXAMEN DE SEGUIMIENTO CONSECUTIVO A TRATAMIENTO COMBINADO POR TUMOR MALIGNO
Z088,11847,EXAMEN DE SEGUIMIENTO CONSECUTIVO A OTRO TRATAMIENTO POR TUMOR MALIGNO
Z089,11848,EXAMEN DE SEGUIMIENTO CONSECUTIVO A OTRO TRATAMIENTO NO ESPECIFICADO POR TUMOR MALIGNO
Z090,11849,EXAMEN DE SEGUIMIENTO CONSECUTIVO A CIRUGIA POR OTRAS AFECCIONES
Z091,11850,EXAMEN DE SEGUIMIENTO CONSECUTIVO A RADIOTERAPIA POR OTRAS AFECCIONES
Z092,11851,EXAMEN DE SEGUIMIENTO CONSECUTIVO A QUIMIOTERAPIA POR OTRAS AFECCIONES
Z093,11852,EXAMEN DE SEGUIMIENTO CONSECUTIVO A PSICOTERAPIA
Z094,11853,EXAMEN DE SEGUIMIENTO CONSECUTIVO A TRATAMIENTO DE FRACTURA
Z097,11854,EXAMEN DE SEGUIMIENTO CONSECUTIVO A TRATAMIENTO COMBINADO POR OTRAS AFECCIONES
Z098,11855,EXAMEN DE SEGUIMIENTO CONSECUTIVO A OTRO TRATAMIENTO POR OTRAS AFECCIONES
Z099,11856,EXAMEN DE SEGUIMIENTO CONSECUTIVO A TRATAMIENTO NO ESPECIFICADO POR OTRAS AFECCIONES
Z100,11857,EXAMEN DE SALUD OCUPACIONAL
Z101,11858,CONTROL GENERAL DE SALUD DE RUTINA DE RESIDENTES DE INSTITUCIONES
Z102,11859,CONTROL GENERAL DE SALUD DE RUTINA A MIEMBROS DE LAS FUERZAS ARMADAS
Z103,11860,CONTROL GENERAL DE SALUD DE RUTINA A INTEGRANTES DE EQUIPOS DEPORTIVOS
Z108,11861,OTROS CONTROLES GENERALES DE SALUD DE RUTINA DE OTRAS SUBPOBLACIONES DEFINIDAS
Z110,11862,EXAMEN DE PESQUISA ESPECIAL PARA ENFERMEDADES INFECCIOSAS INTESTINALES
Z111,11863,EXAMEN DE PESQUISA ESPECIAL PARA TUBERCULOSIS RESPIRATORIA
Z112,11864,EXAMEN DE PESQUISA ESPECIAL PARA OTRAS ENFERMEDADES BACTERIANAS
Z113,11865,EXAMEN DE PESQUISA ESPECIAL PARA INFECCIONES DE TRANSMISION PREDOMINANTEMENTE SEXUAL
Z114,11866,EXAMEN DE PESQUISA ESPECIAL PARA EL VIRUS DE LA INMUNODEFICIENCIA HUMANA [VIH]
Z115,11867,EXAMEN DE PESQUISA ESPECIAL PARA OTRAS ENFERMEDADES VIRALES
Z116,11868,EXAMEN DE PESQUISA ESPECIAL PARA OTRAS ENFERMEDADES DEBIDAS A PROTOZOARIOS Y HELMINTOS
Z118,11869,EXAMEN DE PESQUISA ESPECIAL PARA OTRAS ENFERMEDADES INFECCIOSAS Y PARASITARIAS ESPECIFICADAS
Z119,11870,EXAMEN DE PESQUISA ESPECIAL PARA ENFERMEDADES INFECCIOSAS Y PARASITARIAS NO ESPECIFICADAS
Z120,11871,EXAMEN DE PESQUISA ESPECIAL PARA TUMOR DE ESTOMAGO
Z121,11872,EXAMEN DE PESQUISA ESPECIAL PARA TUMOR DE INTESTINO
Z122,11873,EXAMEN DE PESQUISA ESPECIAL PARA TUMORES DE ORGANOS RESPIRATORIOS
Z123,11874,EXAMEN DE PESQUISA ESPECIAL PARA TUMOR DE LA MAMA
Z124,11875,EXAMEN DE PESQUISA ESPECIAL PARA TUMOR DEL CUELLO UTERINO
Z125,11876,EXAMEN DE PESQUISA ESPECIAL PARA TUMOR DE LA PROSTATA
Z126,11877,EXAMEN DE PESQUISA ESPECIAL PARA TUMOR DE LA VEJIGA
Z128,11878,EXAMEN DE PESQUISA ESPECIAL PARA TUMORES DE OTROS SITIOS
Z129,11879,EXAMEN DE PESQUISA ESPECIAL PARA TUMOR DE SITIO NO ESPECIFICADO
Z130,11880,EXAMEN DE PESQUISA ESPECIAL PARA ENFERMEDADES DE LA SANGRE Y ORGANOS HEMATOPOYETICOS Y CIERTOS TRASTORNOS DEL MECANISMO DE LA INMUNIDAD
Z131,11881,EXAMEN DE PESQUISA ESPECIAL PARA DIABETES MELLITUS
Z132,11882,EXAMEN DE PESQUISA ESPECIAL PARA TRASTORNOS DE LA NUTRICION
Z133,11883,EXAMEN DE PESQUISA ESPECIAL PARA TRASTORNOS MENTALES Y DEL COMPORTAMIENTO
Z134,11884,EXAMEN DE PESQUISA ESPECIAL PARA CIERTOS TRASTORNOS DEL DESARROLLO EN EL NIÑO
Z135,11885,EXAMEN DE PESQUISA ESPECIAL PARA TRASTORNOS DEL OJO Y DEL OIDO
Z136,11886,EXAMEN DE PESQUISA ESPECIAL PARA TRASTORNOS CARDIOVASCULARES
Z137,11887,"EXAMEN DE PESQUISA ESPECIAL PARA MALFORMACIONES CONGENITAS, DEFORMIDADES Y ANOMALIAS CROMOSOMICAS"
Z138,11888,EXAMEN DE PESQUISA ESPECIAL PARA OTRAS ENFERMEDADES Y TRASTORNOS ESPECIFICADOS
Z139,11889,"EXAMEN DE PESQUISA ESPECIAL, NO ESPECIFICADO"
Z200,11890,CONTACTO CON Y EXPOSICION A ENFERMEDADES INFECCIOSAS INTESTINALES
Z201,11891,CONTACTO CON Y EXPOSICION A TUBERCULOSIS
Z202,11892,CONTACTO CON Y EXPOSICION A ENFERMEDADES INFECCIOSAS CON UN MODO DE TRANSMISION PREDOMINANTEMENTE SEXUAL
Z203,11893,CONTACTO CON Y EXPOSICION A RABIA
Z204,11894,CONTACTO CON Y EXPOSICION A RUBEOLA
Z205,11895,CONTACTO CON Y EXPOSICION A HEPATITIS VIRAL
Z206,11896,CONTACTO CON Y EXPOSICION AL VIRUS DE LA INMUNODEFICIENCIA HUMANA [VIH]
Z207,11897,"CONTACTO CON Y EXPOSICION A PEDICULOSIS, ACARIASIS Y OTRAS INFESTACIONES"
Z208,11898,CONTACTO CON Y EXPOSICION A OTRAS ENFERMEDADES TRANSMISIBLES
Z209,11899,CONTACTO CON Y EXPOSICION A ENFERMEDADES TRANSMISIBLES NO ESPECIFICADAS
Z21,11900,ESTADO DE INFECCION ASINTOMATICA POR EL VIRUS DE LA INMUNODEFICIENCIA HUMANA [VIH]
Z220,11901,PORTADOR DE FIEBRE TIFOIDEA
Z221,11902,PORTADOR DE OTRAS ENFERMEDADES INFECCIOSAS INTESTINALES
Z222,11903,PORTADOR DE DIFTERIA
Z223,11904,PORTADOR DE OTRAS ENFERMEDADES BACTERIANAS ESPECIFICADAS
Z224,11905,PORTADOR DE ENFERMEDADES INFECCIOSAS CON UN MODO DE TRANSMISION PREDOMINANTEMENTE SEXUAL
Z225,11906,PORTADOR DE HEPATITIS VIRAL
Z226,11907,PORTADOR DE ENFERMEDAD INFECCIOSA DEBIDA AL VIRUS HUMANO T-LINFOTROPICO TIPO 1 [VHTL-1]
Z228,11908,PORTADOR DE OTRAS ENFERMEDADES INFECCIOSAS
Z229,11909,PORTADOR DE ENFERMEDAD INFECCIOSA NO ESPECIFICADA
Z230,11910,NECESIDAD DE INMUNIZACION SOLO CONTRA EL COLERA
Z231,11911,NECESIDAD DE INMUNIZACION SOLO CONTRA LA TIFOIDEA - PARATIFOIDEA [TAB]
Z232,11912,NECESIDAD DE INMUNIZACION CONTRA LA TUBERCULOSIS [BCG]
Z233,11913,NECESIDAD DE INMUNIZACION CONTRA LA PESTE
Z234,11914,NECESIDAD DE INMUNIZACION CONTRA LA TULAREMIA
Z235,11915,NECESIDAD DE INMUNIZACION SOLO CONTRA EL TETANOS
Z236,11916,NECESIDAD DE INMUNIZACION SOLO CONTRA LA DIFTERIA
Z237,11917,NECESIDAD DE INMUNIZACION SOLO CONTRA LA TOS FERINA
Z238,11918,NECESIDAD DE INMUNIZACION SOLO CONTRA OTRA ENFERMEDAD BACTERIANA
Z240,11919,NECESIDAD DE INMUNIZACION CONTRA LA POLIOMIELITIS
Z241,11920,NECESIDAD DE INMUNIZACION CONTRA LA ENCEFALITIS VIRAL TRANSMITIDA POR ARTROPODOS
Z242,11921,NECESIDAD DE INMUNIZACION CONTRA LA RABIA
Z243,11922,NECESIDAD DE INMUNIZACION CONTRA LA FIEBRE AMARILLA
Z244,11923,NECESIDAD DE INMUNIZACION SOLO CONTRA EL SARAMPION
Z245,11924,NECESIDAD DE INMUNIZACION SOLO CONTRA LA RUBEOLA
Z246,11925,NECESIDAD DE INMUNIZACION CONTRA LA HEPATITIS VIRAL
Z250,11926,NECESIDAD DE INMUNIZACION SOLO CONTRA LA PAROTIDITIS
Z251,11927,NECESIDAD DE INMUNIZACION CONTRA LA INFLUENZA [GRIPE]
Z258,11928,NECESIDAD DE INMUNIZACION CONTRA OTRAS ENFERMEDADES VIRALES UNICAS ESPECIFICADAS
Z260,11929,NECESIDAD DE INMUNIZACION CONTRA LA LEISHMANIASIS
Z268,11930,NECESIDAD DE INMUNIZACION CONTRA OTRAS ENFERMEDADES INFECCIOSAS UNICAS ESPECIFICADAS
Z269,11931,NECESIDAD DE INMUNIZACION CONTRA ENFERMEDAD INFECCIOSA NO ESPECIFICADAS
Z270,11932,NECESIDAD DE INMUNIZACION CONTRA EL COLERA Y LA TIFOIDEA - PARATIFOIDEA [COLERA + TAB]
Z271,11933,NECESIDAD DE INMUNIZACION CONTRA DIFTERIA - PERTUSSIS - TETANOS COMBINADOS [DPT]
Z272,11934,NECESIDAD DE INMUNIZACION CONTRA DIFTERIA - PERTUSSIS - TETANOS Y TIFOIDEA - PARATIFOIDEA [DPT + TAB]
Z273,11935,NECESIDAD DE INMUNIZACION CONTRA DIFTERIA - PERTUSSIS - TETANOS Y POLIOMIELITIS [DPT + POLIO]]
Z274,11936,NECESIDAD DE INMUNIZACION CONTRA SARAMPION - PAROTIDITIS - RUBEOLA [SPR] [MMR]
Z278,11937,NECESIDAD DE INMUNIZACION CONTRA OTRAS COMBINACIONES DE ENFERMEDADES INFECCIOSAS
Z279,11938,NECESIDAD DE INMUNIZACION CONTRA COMBINACIONES NO ESPECIFICADAS DE ENFERMEDADES INFECCIOSAS
Z280,11939,INMUNIZACION NO REALIZADA POR CONTRAINDICACION
Z281,11940,"INMUNIZACION NO REALIZADA POR DECISION DEL PACIENTE, POR MOTIVOS DE CREENCIA O PRESION DEL GRUPO"
Z282,11941,"INMUNIZACION NO REALIZADA POR DECISION DEL PACIENTE, POR OTRAS RAZONES Y LAS NO ESPECIFICADAS"
Z288,11942,INMUNIZACION NO REALIZADA POR OTRAS RAZONES
Z289,11943,INMUNIZACION NO REALIZADA POR RAZON NO ESPECIFICADA
Z290,11944,AISLAMIENTO
Z291,11945,INMUNOTERAPIA PROFILACTICA
Z292,11946,OTRA QUIMIOTERAPIA PROFILACTICA
Z298,11947,OTRAS MEDIDAS PROFILACTICAS ESPECIFICADAS
Z299,11948,MEDIDA PROFILACTICA NO ESPECIFICADA
Z300,11949,CONSEJO Y ASESORAMIENTO GENERAL SOBRE LA ANTICONCEPCION
Z301,11950,INSERCION DE DISPOSITIVO ANTICONCEPTIVO (INTRAUTERINO)
Z302,11951,ESTERILIZACION
Z303,11952,EXTRACCION MENSTRUAL
Z304,11953,SUPERVISION DEL USO DE DROGAS ANTICONCEPTIVAS
Z305,11954,SUPERVISION DEL USO DE DISPOSITIVO ANTICONCEPTIVO (INTRAUTERINO)
Z308,11955,OTRAS ATENCIONES ESPECIFICADAS PARA LA ANTICONCEPCION
Z309,11956,"ASISTENCIA PARA LA ANTICONCEPCION, NO ESPECIFICADA"
Z310,11957,TUBOPLASTIA O VASOPLASTIA POSTERIOR A ESTERILIZACION
Z311,11958,INSEMINACION ARTIFICIAL
Z312,11959,FECUNDACION IN VITRO
Z313,11960,OTROS METODOS DE ATENCION PARA LA FECUNDACION
Z314,11961,INVESTIGACION Y PRUEBA PARA LA PROCREACION
Z315,11962,ASESORAMIENTO GENETICO
Z316,11963,CONSEJO Y ASESORAMIENTO GENERAL SOBRE LA PROCREACION
Z318,11964,OTRA ATENCION ESPECIFICADA PARA LA PROCREACION
Z319,11965,ATENCION NO ESPECIFICADA RELACIONADA CON LA PROCREACION
Z320,11966,EMBARAZO (AUN) NO CONFIRMADO
Z321,11967,EMBARAZO CONFIRMADO
Z33,11968,"ESTADO DE EMBARAZO, INCIDENTAL"
Z340,11969,SUPERVISION DE PRIMER EMBARAZO NORMAL
Z348,11970,SUPERVISION DE OTROS EMBARAZOS NORMALES
Z349,11971,SUPERVISION DE EMBARAZO NORMAL NO ESPECIFICADO
Z350,11972,SUPERVISION DE EMBARAZO CON HISTORIA DE ESTERILIDAD
Z351,11973,SUPERVISION DE EMBARAZO CON HISTORIA DE ABORTO
Z352,11974,SUPERVISION DE EMBARAZO CON OTRO RIESGO EN LA HISTORIA OBSTETRICA O REPRODUCTIVA
Z353,11975,SUPERVISION DE EMBARAZO CON HISTORIA DE INSUFICIENTE ATENCION PRENATAL
Z354,11976,SUPERVISION DE EMBARAZO CON GRAN MULTIPARIDAD
Z355,11977,SUPERVISION DE PRIMIGESTA AÑOSA
Z356,11978,SUPERVISION DE PRIMIGESTA MUY JOVEN
Z357,11979,SUPERVISION DE EMBARAZO DE ALTO RIESGO DEBIDO A PROBLEMAS SOCIALES
Z358,11980,SUPERVISION DE OTROS EMBARAZOS DE ALTO RIESGO
Z359,11981,"SUPERVISION DE EMBARAZO DE ALTO RIESGO, SIN OTRA ESPECIFICACION"
Z360,11982,PESQUISA PRENATAL PARA ANOMALIAS CROMOSOMICAS
Z361,11983,PESQUISA PRENATAL PARA MEDIR NIVELES ELEVADOS DE ALFAFETOPROTEINAS
Z362,11984,OTRAS PESQUISAS PRENATALES BASADAS EN AMNIOCENTESIS
Z363,11985,PESQUISA PRENATAL DE MALFORMACIONES USANDO ALTRASONIDO Y OTROS METODOS FISICOS
Z364,11986,PESQUISA PRENATAL DEL RETARDO DEL CRECIMIENTO FETAL USANDO ULTRASONIDO Y OTROS METODOS FISICOS
Z365,11987,PESQUISA PRENATAL PARA ISOINMUNIZACION
Z368,11988,OTRAS PESQUISAS PRENATALES ESPECIFICAS
Z369,11989,"PESQUISA PRENATAL, SIN OTRA ESPECIFICACION"
Z370,11990,"NACIDO VIVO, UNICO"
Z371,11991,"NACIDO MUERTO, UNICO"
Z372,11992,"GEMELOS, AMBOS NACIDOS VIVOS"
Z373,11993,"GEMELOS, UN NACIDO VIVO Y UN NACIDO MUERTO"
Z374,11994,"GEMELOS, AMBOS NACIDOS MUERTOS"
Z375,11995,"OTROS NACIMIENTOS MULTIPLES, TODOS NACIDOS VIVOS"
Z376,11996,"OTROS NACIMIENTOS MULTIPLES, ALGUNOS NACIDOS VIVOS"
Z377,11997,"OTROS NACIMIENTOS MULTIPLES, TODOS NACIDOS MUERTOS"
Z379,11998,PRODUCTO DEL PARTO NO ESPECIFICADO
Z380,11999,"PRODUCTO UNICO, NACIDO EN HOSPITAL"
Z381,12000,"PRODUCTO UNICO, NACIDO FUERA DE HOSPITAL"
Z382,12001,"PRODUCTO UNICO, LUGAR DE NACIMIENTO NO ESPECIFICADO"
Z383,12002,"GEMELOS, NACIDOS EN HOSPITAL"
Z384,12003,"GEMELOS, NACIDOS FUERA DE HOSPITAL"
Z385,12004,"GEMELOS, LUGAR DE NACIMIENTO NO ESPECIFICADO"
Z386,12005,"OTROS NACIMIENTOS MULTIPLES, EN HOSPITAL"
Z387,12006,"OTROS NACIMIENTOS MULTIPLES, FUERA DEL HOSPITAL"
Z388,12007,"OTROS NACIMIENTOS MULTIPLES, LUGAR DE NACIMIENTO NO ESPECIFICADO"
Z390,12008,ATENCION Y EXAMEN INMEDIATAMENTE DESPUES DEL PARTO
Z391,12009,ATENCION Y EXAMEN DE MADRE EN PERIODO DE LACTANCIA
Z392,12010,"SEGUIMIENTO POSTPARTO, DE RUTINA"
Z400,12011,CIRUGIA PROFILACTICA POR FACTORES DE RIESGO RELACIONADOS CON TUMORES MALIGNOS
Z408,12012,OTRA CIRUGIA PROFILACTICA
Z409,12013,CIRUGIA PROFILACTICA NO ESPECIFICADA
Z410,12014,TRASPLANTE DE PELO
Z411,12015,OTRAS CIRUGIAS PLASTICAS POR RAZONES ESTETICAS
Z412,12016,CIRCUNCISION RITUAL O DE RUTINA
Z413,12017,PERFORACION DE LA OREJA
Z418,12018,OTROS PROCEDIMIENTOS PARA OTROS PROPOSITOS QUE NO SEAN LOS DE MEJORAR EL ESTADO DE SALUD
Z419,12019,PROCEDIMIENTOS NO ESPECIFICADO PARA OTROS PROPOSITOS QUE NO SEAN LOS DE MEJORAR EL ESTADO DE SALUD
Z420,12020,CUIDADOS POSTERIORES A LA CIRUGIA PLASTICA DE LA CABEZA Y DEL CUELLO
Z421,12021,CUIDADOS POSTERIORES A LA CIRUGIA PLASTICA DE LA MAMA
Z422,12022,CUIDADOS POSTERIORES A LA CIRUGIA PLASTICA DE OTRAS PARTES ESPECIFICADAS DEL TRONCO
Z423,12023,CUIDADOS POSTERIORES A LA CIRUGIA PLASTICA DE LAS EXTREMIDADES SUPERIORES
Z424,12024,CUIDADOS POSTERIORES A LA CIRUGIA PLASTICA DE LAS EXTREMIDADES INFERIORES
Z428,12025,CUIDADOS POSTERIORES A LA CIRUGIA PLASTICA DE OTRAS PARTES ESPECIFICADAS DEL CUERPO
Z429,12026,CUIDADOS POSTERIORES A LA CIRUGIA PLASTICA NO ESPECIFICADA
Z430,12027,ATENCION DE TRAQUEOSTOMIA
Z431,12028,ATENCION DE GASTROSTOMIA
Z432,12029,ATENCION DE ILEOSTOMIA
Z433,12030,ATENCION DE COLOSTOMIA
Z434,12031,ATENCION DE OTROS ORIFICIOS ARTIFICIALES DE LAS VIAS DIGESTIVAS
Z435,12032,ATENCION DE CISTOSTOMIA
Z436,12033,ATENCION DE OTROS ORIFICIOS ARTIFICIALES DE LAS VIAS URINARIAS
Z437,12034,ATENCION DE VAGINA ARTIFICIAL
Z438,12035,ATENCION DE OTROS ORIFICIOS ARTIFICIALES
Z439,12036,ATENCION DE ORIFICIO ARTIFICIAL NO ESPECIFICADO
Z440,12037,PRUEBA Y AJUSTE DE BRAZO ARTIFICIAL (COMPLETO) (PARCIAL)
Z441,12038,PRUEBA Y AJUSTE DE PIERNA ARTIFICIAL (COMPLETA) (PARCIAL)
Z442,12039,PRUEBA Y AJUSTE DE OJO ARTIFICIAL
Z443,12040,PRUEBA Y AJUSTE DE PROTESIS MAMARIA EXTERNA
Z448,12041,PRUEBA Y AJUSTE DE OTROS DISPOSITIVOS PROTESICOS EXTERNOS
Z449,12042,PRUEBA Y AJUSTE DE DISPOSITIVO PROTESICO EXTERNO NO ESPECIFICADO
Z450,12043,ASISTENCIA Y AJUSTE DE MARCAPASO CARDIACO
Z451,12044,ASISTENCIA Y AJUSTE DE BOMBA DE INFUSION
Z452,12045,ASISTENCIA Y AJUSTE DE DISPOSITIVOS DE ACCESO VASCULAR
Z453,12046,ASISTENCIA Y AJUSTE DE DISPOSITIVO AUDITIVO IMPLANTADO
Z458,12047,ASISTENCIA Y AJUSTE DE OTROS DISPOSITIVOS IMPLANTADOS
Z459,12048,ASISTENCIA Y AJUSTE DE DISPOSITIVO IMPLANTADO NO ESPECIFICADO
Z460,12049,PRUEBA Y AJUSTE DE ANTEOJOS Y LENTES DE CONTACTO
Z461,12050,PRUEBA Y AJUSTE DE AUDIFONOS
Z462,12051,PRUEBA Y AJUSTE DE OTROS DISPOSITIVOS RELACIONADOS CON EL SISTEMA NERVIOSO Y LOS SENTIDOS ESPECIALES
Z463,12052,PRUEBA Y AJUSTE DE PROTESIS DENTAL
Z464,12053,PRUEBA Y AJUSTE DE DISPOSITIVO ORTODONCICO
Z465,12054,PRUEBA Y AJUSTE DE ILEOSTOMIA U OTRO DISPOSITIVO INTESTINAL
Z466,12055,PRUEBA Y AJUSTE DE DISPOSITIVO URINARIO
Z467,12056,PRUEBA Y AJUSTE DE DISPOSITIVO ORTOPEDICO
Z468,12057,PRUEBA Y AJUSTE DE OTROS DISPOSITIVOS ESPECIFICADOS
Z469,12058,PRUEBA Y AJUSTE DE DISPOSITIVO NO ESPECIFICADO
Z470,12059,CUIDADOS POSTERIORES A LA EXTRACCION DE PLACA U OTRO DISPOSITIVO DE FIJACION INTERNA EN FRACTURA
Z478,12060,OTROS CUIDADOS ESPECIFICADOS POSTERIORES A LA ORTOPEDIA
Z479,12061,"CUIDADO POSTERIOR A LA ORTOPEDIA, NO ESPECIFICADO"
Z480,12062,ATENCION DE LOS APOSITOS Y SUTURAS
Z488,12063,OTROS CUIDADOS ESPECIFICADOS POSTERIORES A LA CIRUGIA
Z489,12064,"CUIDADO POSTERIOR A LA CIRUGIA, NO ESPECIFICADO"
Z490,12065,CUIDADOS PREOPERATORIOS PARA DIALISIS
Z491,12066,DIALISIS EXTRACORPOREA
Z492,12067,OTRAS DIALISIS
Z500,12068,REHABILITACION CARDIACA
Z501,12069,OTRAS TERAPIAS FISICAS
Z502,12070,REHABILITACION DEL ALCOHOLICO
Z503,12071,REHABILITACION DEL DROGADICTO
Z504,12072,"PSICOTERAPIA, NO CLASIFICADA EN OTRA PARTE"
Z505,12073,TERAPIA DEL LENGUAJE
Z506,12074,ADIESTRAMIENTO ORTOPTICO
Z507,12075,"TERAPIA OCUPACIONAL Y REHABILITACION VOCACIONAL, NO CLASIFICADA EN OTRA PARTE"
Z508,12076,ATENCION POR OTROS PROCEDIMIENTOS DE REHABILITACION
Z509,12077,"ATENCION POR PROCEDIMIENTO DE REHABILITACION, NO ESPECIFICADA"
Z510,12078,SESION DE RADIOTERAPIA
Z511,12079,SESION DE QUIMIOTERAPIA POR TUMOR
Z512,12080,OTRA QUIMIOTERAPIA
Z513,12081,"TRANSFUSION DE SANGRE, SIN DIAGNOSTICO INFORMADO"
Z514,12082,"ATENCION PREPARATORIA PARA TRATAMIENTO SUBSECUENTE, NO CLASIFICADO EN OTRA PARTE"
Z515,12083,ATENCION PALIATIVA
Z516,12084,DESENSIBILIZACION A ALERGENOS
Z518,12085,OTRAS ATENCIONES MEDICAS ESPECIFICADAS
Z519,12086,"ATENCION MEDICA, NO ESPECIFICADA"
Z520,12087,DONANTE DE SANGRE
Z521,12088,DONANTE DE PIEL
Z522,12089,DONANTE DE HUESO
Z523,12090,DONANTE DE MEDULA OSEA
Z524,12091,DONANTE DE RIÑON
Z525,12092,DONANTE DE CORNEA
Z526,12093,DONANTE DE HIGADO
Z527,12094,DONANTE DE CORAZON
Z528,12095,DONANTE DE OTROS ORGANOS O TEJIDOS
Z529,12096,DONANTE DE ORGANO O TEJIDO NO ESPECIFICADO
Z530,12097,PROCEDIMIENTO NO REALIZADO POR CONTRAINDICACION
Z531,12098,"PROCEDIMIENTO NO REALIZADO POR DECISION DEL PACIENTE, POR RAZONES DE CREENCIA O PRESION DEL GRUPO"
Z532,12099,"PROCEDIMIENTO NO REALIZADO POR DECISION DEL PACIENTE, POR OTRAS RAZONES Y LAS NO ESPECIFICADAS"
Z538,12100,PROCEDIMIENTO NO REALIZADO POR OTRAS RAZONES
Z539,12101,PROCEDIMIENTO NO REALIZADO POR RAZON NO ESPECIFICADA
Z540,12102,CONVALECENCIA CONSECUTIVA A CIRUGIA
Z541,12103,CONVALECENCIA CONSECUTIVA A RADIOTERAPIA
Z542,12104,CONVALECENCIA CONSECUTIVA A QUIMIOTERAPIA
Z543,12105,CONVALECENCIA CONSECUTIVA A PSICOTERAPIA
Z544,12106,CONVALECENCIA CONSECUTIVA A TRATAMIENTO DE FRACTURA
Z547,12107,CONVALECENCIA CONSECUTIVA A TRATAMIENTO COMBINADO
Z548,12108,CONVALECENCIA CONSECUTIVA A OTROS TRATAMIENTOS
Z549,12109,CONVALECENCIA CONSECUTIVA A TRATAMIENTO NO ESPECIFICADO
Z550,12110,PROBLEMAS RELACIONADOS CON EL ANALFABETISMO O BAJO NIVEL DE INSTRUCCIÓN
Z551,12111,PROBLEMAS RELACIONADOS CON LA EDUCACION NO DISPONIBLE O INACCESIBLE
Z552,12112,PROBLEMAS RELACIONADOS CON LA FALLA EN LOS EXAMENES
Z553,12113,PROBLEMAS RELACIONADOS CON EL BAJO RENDIMIENTO ESCOLAR
Z554,12114,PROBLEMAS RELACIONADOS CON LA INADAPTACION EDUCACIONAL Y DESAVENENCIAS CON MAESTROS Y COMPAÑEROS
Z558,12115,OTROS PROBLEMAS RELACIONADOS CON LA EDUCACION Y LA ALFABETIZACION
Z559,12116,PROBLEMA NO ESPECIFICADO RELACIONADO CON LA EDUCACION Y LA ALFABETIZACION
Z560,12117,"PROBLEMAS RELACIONADOS CON EL DESEMPLEO, NO ESPECIFICADOS"
Z561,12118,PROBLEMAS RELACIONADOS CON EL CAMBIO DE EMPLEO
Z562,12119,PROBLEMAS RELACIONADOS CON AMENAZA DE PERDIDA DEL EMPLEO
Z563,12120,PROBLEMAS RELACIONADOS CON HORARIO ESTRESANTE DE TRABAJO
Z564,12121,PROBLEMAS RELACIONADOS CON DESAVENENCIAS CON EL JEFE Y LOS COMPAÑEROS DE TRABAJO
Z565,12122,PROBLEMAS RELACIONADOS CON EL TRABAJO INCOMPATIBLE
Z566,12123,OTROS PROBLEMAS DE TENSION FISICA O MENTAL RELACIONADAS CON EL TRABAJO
Z567,12124,OTROS PROBLEMAS Y LOS NO ESPECIFICADOS RELACIONADOS CON EL EMPLEO
Z570,12125,EXPOSICION OCUPACIONAL AL RUIDO
Z571,12126,EXPOSICION OCUPACIONAL A LA RADIACION
Z572,12127,EXPOSICION OCUPACIONAL AL POLVO
Z573,12128,EXPOSICION OCUPACIONAL A OTRO CONTAMINANTE DEL AIRE
Z574,12129,EXPOSICION OCUPACIONAL A AGENTES TOXICOS EN AGRICULTURA
Z575,12130,EXPOSICION OCUPACIONAL A AGENTES TOXICOS EN OTRAS INDUSTRIAS
Z576,12131,EXPOSICION OCUPACIONAL A TEMPERATURA EXTREMA
Z577,12132,EXPOSICION OCUPACIONAL A LA VIBRACION
Z578,12133,EXPOSICION OCUPACIONAL A OTROS FACTORES DE RIESGO
Z579,12134,EXPOSICION OCUPACIONAL A FACTOR DE RIESGO NO ESPECIFICADO
Z580,12135,EXPOSICION AL RUIDO
Z581,12136,EXPOSICION AL AIRE CONTAMINADO
Z582,12137,EXPOSICION AL AGUA CONTAMINADA
Z583,12138,EXPOSICION AL SUELO CONTAMINADO
Z584,12139,EXPOSICION A LA RADIACION
Z585,12140,EXPOSICION A OTRAS CONTAMINACIONES DEL AMBIENTE FISICO
Z586,12141,SUMINISTRO INADECUADO DE AGUA POTABLE
Z588,12142,OTROS PROBLEMAS RELACIONADOS CON EL AMBIENTE FISICO
Z589,12143,PROBLEMA NO ESPECIFICADO RELACIONADO CON EL AMBIENTE FISICO
Z590,12144,PROBLEMAS RELACIONADOS CON LA FALTA DE VIVIENDA
Z591,12145,PROBLEMAS RELACIONADOS CON VIVIENDA INADECUADA
Z592,12146,PROBLEMAS CASEROS Y CON VECINOS E INQUILINOS
Z593,12147,PROBLEMAS RELACIONADOS CON PERSONA QUE RESIDE EN UNA INSTITUCION
Z594,12148,PROBLEMAS RELACIONADOS CON FALTA DE ALIMENTOS ADECUADOS
Z595,12149,PROBLEMAS RELACIONADOS CON POBREZA EXTREMA
Z596,12150,PROBLEMAS RELACIONADOS CON BAJOS INGRESOS
Z597,12151,PROBLEMAS RELACIONADOS CON SEGURIDAD SOCIAL Y SOSTENIMIENTO INSUFICIENTES PARA EL BIENESTAR
Z598,12152,OTROS PROBLEMAS RELACIONADOS CON LA VIVIENDA Y LAS CIRCUNSTANCIAS ECONOMICAS
Z599,12153,PROBLEMAS NO ESPECIFICADOS RELACIONADOS CON LA VIVIENDA Y LAS CIRCUNSTANCIAS ECONOMICAS
Z600,12154,PROBLEMAS RELACIONADOS CON EL AJUSTE A LAS TRANSICIONES DEL CICLO VITAL
Z601,12155,PROBLEMAS RELACIONADOS CON SITUACION FAMILIAR ATIPICA
Z602,12156,PROBLEMAS RELACIONADOS CON PERSONA QUE VIVE SOLA
Z603,12157,PROBLEMAS RELACIONADOS CON LA ADAPTACION CULTURAL
Z604,12158,PROBLEMAS RELACIONADOS CON EXCLUSION Y RECHAZO SOCIAL
Z605,12159,PROBLEMAS RELACIONADOS CON LA DISCRIMINACION Y PERSECUCION PERCIBIDAS
Z608,12160,OTROS PROBLEMAS RELACIONADOS CON EL AMBIENTE SOCIAL
Z609,12161,PROBLEMA NO ESPECIFICADO RELACIONADO CON EL AMBIENTE SOCIAL
Z610,12162,PROBLEMAS RELACIONADOS CON LA PERDIDA DE RELACION AFECTIVA EN LA INFANCIA
Z611,12163,PROBLEMAS RELACIONADOS CON EL ALEJAMIENTO DEL HOGAR EN LA INFANCIA
Z612,12164,PROBLEMAS RELACIONADOS CON ALTERACION EN EL PATRON DE LA RELACION FAMILIAR EN LA INFANCIA
Z613,12165,PROBLEMAS RELACIONADOS CON EVENTOS QUE LLEVARON A LA PERDIDA DE LA AUTOESTIMA EN LA INFANCIA
Z614,12166,PROBLEMAS RELACIONADOS CON EL ABUSO SEXUAL DEL NIÑO POR PERSONA DENTRO DEL GRUPO DE APOYO PRIMARIO
Z615,12167,PROBLEMAS RELACIONADOS CON EL ABUSO SEXUAL DEL NIÑO POR PERSONA AJENA AL GRUPO DE APOYO PRIMARIO
Z616,12168,PROBLEMAS RELACIONADOS CON ABUSO FISICO DEL NIÑO
Z617,12169,PROBLEMAS RELACIONADOS CON EXPERIENCIAS PERSONALES ATEMORIZANTES EN LA INFANCIA
Z618,12170,PROBLEMAS RELACIONADOS CON OTRAS EXPERIENCIAS NEGATIVAS EN LA INFANCIA
Z619,12171,PROBLEMAS RELACIONADOS CON EXPERIENCIA NEGATIVA NO ESPECIFICADA EN LA INFANCIA
Z620,12172,PROBLEMAS RELACIONADOS CON LA SUPERVISION O EL CONTROL INADECUADOS DE LOS PADRES
Z621,12173,PROBLEMAS RELACIONADOS CON LA SOBREPROTECCION DE LOS PADRES
Z622,12174,PROBLEMAS RELACIONADOS CON LA CRIANZA EN INSTITUCION
Z623,12175,PROBLEMAS RELACIONADOS CON HOSTILIDAD Y REPROBACION AL NIÑO
Z624,12176,PROBLEMAS RELACIONADOS CON EL ABANDONO EMOCIONAL DEL NIÑO
Z625,12177,OTROS PROBLEMAS RELACIONADOS CON NEGLIGENCIA EN LA CRIANZA DEL NIÑO
Z626,12178,PROBLEMAS RELACIONADOS CON PRESIONES INAPROPIADAS DE LOS PADRES Y OTRAS ANORMALIDADES EN LA CALIDAD DE LA CRIANZA
Z628,12179,OTROS PROBLEMAS ESPECIFICADOS Y RELACIONADOS CON LA CRIANZA DEL NIÑO
Z629,12180,PROBLEMA NO ESPECIFICADO RELACIONADO CON LA CRIANZA DEL NIÑO
Z630,12181,PROBLEMAS EN LA RELACION ENTRE ESPOSOS O PAREJA
Z631,12182,PROBLEMAS EN LA RELACION CON LOS PADRES Y LOS FAMILIARES POLITICOS
Z632,12183,PROBLEMAS RELACIONADOS CON EL APOYO FAMILIAR INADECUADO
Z633,12184,PROBLEMAS RELACIONADOS CON LA AUSENCIA DE UN MIEMBRO DE LA FAMILIA
Z634,12185,PROBLEMAS RELACIONADOS CON LA DESAPARICION O MUERTE DE UN MIEMBRO DE LA FAMILIA
Z635,12186,PROBLEMAS RELACIONADOS CON LA RUPTURA FAMILIAR POR SEPARACION O DIVORCIO
Z636,12187,"PROBLEMAS RELACIONADOS CON FAMILIAR DEPENDIENTE, NECESITADO DE CUIDADO EN LA CASA"
Z637,12188,PROBLEMAS RELACIONADOS CON OTROS HECHOS ESTRESANTES QUE AFECTAN A LA FAMILIA Y AL HOGAR
Z638,12189,OTROS PROBLEMAS ESPECIFICADOS RELACIONADOS CON EL GRUPO PRIMARIO DE APOYO
Z639,12190,PROBLEMA NO ESPECIFICADO RELACIONADO CON EL GRUPO PRIMARIO DE APOYO
Z640,12191,PROBLEMAS RELACIONADOS CON EMBARAZO NO DESEADO
Z641,12192,PROBLEMAS RELACIONADOS CON LA MULTIPARIDAD
Z642,12193,"PROBLEMAS RELACIONADOS CON LA SOLICITUD O ACEPTACION DE INTERVENCIONES FISICAS, NUTRICIONALES Y QUIMICAS, CONOCIENDO SU RIESGO Y PELIGRO"
Z643,12194,"PROBLEMAS RELACIONADOS CON LA SOLICITUD O ACEPTACION DE INTERVENCIONES PSICOLOGICAS O DE LA CONDUCTA, CONOCIENDO SU RIESGO Y PELIGRO"
Z644,12195,PROBLEMAS RELACIONADOS CON EL DESACUERDO CON CONSEJEROS
Z650,12196,PROBLEMAS RELACIONADOS CON CULPABILIDAD EN PROCEDIMIENTOS CIVILES O CRIMINALES SIN PRISION
Z651,12197,PROBLEMAS RELACIONADOS CON PRISION Y OTRO ENCARCELAMIENTO
Z652,12198,PROBLEMAS RELACIONADOS CON LA LIBERACION DE LA PRISION
Z653,12199,PROBLEMAS RELACIONADOS CON OTRAS CIRCUNSTANCIAS LEGALES
Z654,12200,PROBLEMAS RELACIONADOS CON VICTIMA DE CRIMEN O TERRORISMO
Z655,12201,"PROBLEMAS RELACIONADOS CON LA EXPOSICION A DESASTRE, GUERRA U OTRAS HOSTILIDADES"
Z658,12202,OTROS PROBLEMAS ESPECIFICADOS RELACIONADOS CON CIRCUNSTANCIAS PSICOSOCIALES
Z659,12203,PROBLEMAS RELACIONADOS CON CIRCUNSTANCIAS PSICOSOCIALES NO ESPECIFICADAS
Z700,12204,CONSULTA RELACIONADA CON LA ACTITUD SEXUAL
Z701,12205,CONSULTA RELACIONADA CON LA ORIENTACION Y CONDUCTA SEXUAL DEL PACIENTE
Z702,12206,CONSULTA RELACIONADA CON LA ORIENTACION Y CONDUCTA SEXUAL DE UNA TERCERA PERSONA
Z703,12207,"CONSULTA RELACIONADA CON PREOCUPACIONES COMBINADAS SOBRE LA ACTITUD, LA CONDUCTA Y LA ORIENTACION SEXUALES"
Z708,12208,OTRAS CONSULTAS SEXUALES ESPECIFICAS
Z709,12209,"CONSULTA SEXUAL, NO ESPECIFICADA"
Z710,12210,PERSONA QUE CONSULTA EN NOMBRE DE OTRA PERSONA
Z711,12211,"PERSONA QUE TEME ESTAR ENFERMA, A QUIEN NO SE HACE DIAGNOSTICO"
Z712,12212,PERSONA QUE CONSULTA PARA LA EXPLICACION DE HALLAZGOS DE INVESTIGACION
Z713,12213,CONSULTA PARA INSTRUCCIÓN Y VIGILANCIA DE LA DIETA
Z714,12214,CONSULTA PARA ASESORIA Y VIGILANCIA POR ABUSO DE ALCOHOL
Z715,12215,CONSULTA PARA ASESORIA Y VIGILANCIA POR ABUSO DE DROGAS
Z716,12216,CONSULTA PARA ASESORIA POR ABUSO DE TABACO
Z717,12217,CONSULTA PARA ASESORIA SOBRE EL VIRUS DE LA INMUNODEFICIENCIA HUMANA [VIH]
Z718,12218,OTRAS CONSULTAS ESPECIFICADAS
Z719,12219,"CONSULTA, NO ESPECIFICADA"
Z720,12220,PROBLEMAS RELACIONADOS CON EL USO DE TABACO
Z721,12221,PROBLEMAS RELACIONADOS CON EL USO DE ALCOHOL
Z722,12222,PROBLEMAS RELACIONADOS CON EL USO DE DROGAS
Z723,12223,PROBLEMAS RELACIONADOS CON LA FALTA DE EJERCICIO FISICO
Z724,12224,PROBLEMAS RELACIONADOS CON LA DIETA Y HABITOS ALIMENTARIOS INAPROPIADOS
Z725,12225,PROBLEMAS RELACIONADOS CON LA CONDUCTA SEXUAL DE ALTO RIESGO
Z726,12226,PROBLEMAS RELACIONADOS CON EL JUEGO Y LAS APUESTAS
Z728,12227,OTROS PROBLEMAS RELACIONADOS CON EL ESTILO DE VIDA
Z729,12228,PROBLEMA NO ESPECIFICADO RELACIONADO CON EL ESTILO DE VIDA
Z730,12229,PROBLEMAS RELACIONADOS CON LA ENFERMEDAD CONSUNTIVA
Z731,12230,PROBLEMAS RELACIONADOS CON LA ACENTUACION DE RASGOS DE LA PERSONALIDAD
Z732,12231,PROBLEMAS RELACIONADOS CON LA FALTA DE RELAJACION Y DESCANSO
Z733,12232,"PROBLEMAS RELACIONADOS CON EL ESTRÉS, NO CLASIFICADOS EN OTRA PARTE"
Z734,12233,"PROBLEMAS RELACIONADOS CON HABILIDADES SOCIALES INADECUADAS, NO CLASIFICADAS EN OTRA PARTE"
Z735,12234,"PROBLEMAS RELACIONADOS CON EL CONFLICTO DEL ROL SOCIAL, NO CLASIFICADOS EN OTRA PARTE"
Z736,12235,PROBLEMAS RELACIONADOS CON LA LIMITACION DE LAS ACTIVIDADES DEBIDO A DISCAPACIDAD
Z738,12236,OTROS PROBLEMAS RELACIONADOS CON DIFICULTADES CON EL MODO DE VIDA
Z739,12237,PROBLEMAS NO ESPECIFICADOS RELACIONADOS CON DIFICULTADES CON EL MODO DE VIDA
Z740,12238,PROBLEMAS RELACIONADOS CON MOVILIDAD REDUCIDA
Z741,12239,PROBLEMAS RELACIONADOS CON LA NECESIDAD DE AYUDA PARA EL CUIDADO PERSONAL
Z742,12240,PROBLEMAS RELACIONADOS CON LA NECESIDAD DE ASISTENCIA DOMICILIARIA Y QUE NINGUN OTRO MIEMBRO DEL HOGAR PUEDE PROPORCIONAR
Z743,12241,PROBLEMAS RELACIONADOS CON LA NECESIDAD DE SUPERVISION CONTINUA
Z748,12242,OTROS PROBLEMAS RELACIONADOS CON DEPENDENCIA DEL PRESTADOR DE SERVICIOS
Z749,12243,PROBLEMA NO ESPECIFICADO RELACIONADO CON DEPENDENCIA DEL PRESTADOR DE SERVICIOS
Z750,12244,PROBLEMAS RELACIONADOS CON SERVICIO MEDICO NO DISPONIBLE EN EL DOMICILIO
Z751,12245,PROBLEMAS RELACIONADOS CON PERSONA ESPERANDO ADMISION EN UNA INSTITUCION APROPIADA EN OTRO LUGAR
Z752,12246,PROBLEMAS RELACIONADOS CON PERSONA EN OTRO PERIODO DE ESPERA PARA INVESTIGACION Y TRATAMIENTO
Z753,12247,PROBLEMAS RELACIONADOS CON ATENCION DE SALUD NO DISPONIBLE O INACCESIBLE
Z754,12248,PROBLEMAS RELACIONADOS CON OTROS SERVICIOS ASISTENCIALES NO DISPONIBLES O INACCESIBLES
Z755,12249,PROBLEMAS RELACIONADOS CON LA ATENCION DURANTE VACACIONES DE LA FAMILIA
Z758,12250,OTROS PROBLEMAS RELACIONADOS CON SERVICIOS MEDICOS Y DE SALUD
Z759,12251,PROBLEMA NO ESPECIFICADO RELACIONADO CON SERVICIOS MEDICOS Y DE SALUD
Z760,12252,CONSULTA PARA REPETICION DE RECETA
Z761,12253,CONSULTA PARA ATENCION Y SUPERVISION DE LA SALUD DEL NIÑO
Z762,12254,CONSULTA PARA ATENCION Y SUPERVISION DE LA SALUD DE OTROS NIÑOS O LACTANTES SANOS
Z763,12255,PERSONA SANA QUE ACOMPAÑA AL ENFERMO
Z764,12256,OTRO HUESPED EN SERVICIOS DE SALUD
Z765,12257,PERSONA QUE CONSULTA CON SIMULACION CONSCIENTE [SIMULADOR]
Z768,12258,PERSONA EN CONTACTO CON LOS SERVICIOS DE SALUD EN OTRAS CIRCUNSTANCIAS ESPECIFICADAS
Z769,12259,PERSONA EN CONTACTO CON LOS SERVICIOS DE SALUD EN CIRCUNSTANCIAS NO ESPECIFICADAS
Z800,12260,HISTORIA FAMILIAR DE TUMOR MALIGNO DE ORGANOS DIGESTIVOS
Z801,12261,"HISTORIA FAMILIAR DE TUMOR MALIGNO DE TRAQUEA, BRONQUIOS Y PULMON"
Z802,12262,HISTORIA FAMILIAR DE TUMOR MALIGNO DE OTROS ORGANOS RESPIRATORIOS E INTRATORACICOS
Z803,12263,HISTORIA FAMILIAR DE TUMOR MALIGNO DE MAMA
Z804,12264,HISTORIA FAMILIAR DE TUMOR MALIGNO DE ORGANOS GENITALES
Z805,12265,HISTORIA FAMILIAR DE TUMOR MALIGNO DE VIAS URINARIAS
Z806,12266,HISTORIA FAMILIAR DE LEUCEMIA
Z807,12267,"HISTORIA FAMILIAR DE OTROS TUMORES MALIGNOS DEL TEJIDO LINFOIDE, HEMATOPOYETICO Y TEJIDOS RELACIONADOS"
Z808,12268,HISTORIA FAMILIAR DE TUMOR MALIGNO DE OTROS ORGANOS O SISTEMAS ESPECIFICADOS
Z809,12269,"HISTORIA FAMILIAR DE TUMOR MALIGNO, DE SITIO NO ESPECIFICADO"
Z810,12270,HISTORIA FAMILIAR DE RETARDO MENTAL
Z811,12271,HISTORIA FAMILIAR DE ABUSO DE ALCOHOL
Z812,12272,HISTORIA FAMILIAR DE ABUSO DE TABACO
Z813,12273,HISTORIA FAMILIAR DE ABUSO DE OTRAS SUSTANCIA PSICOACTIVAS
Z814,12274,HISTORIA FAMILIAR DE ABUSO DE OTRAS SUSTANCIAS
Z818,12275,HISTORIA FAMILIAR DE OTROS TRASTORNOS MENTALES Y DEL COMPORTAMIENTO
Z820,12276,HISTORIA FAMILIAR DE EPILEPSIA Y DE OTRAS ENFERMEDADES DEL SISTEMA NERVIOSO
Z821,12277,HISTORIA FAMILIAR DE CEGUERA O PERDIDA DE LA VISION
Z822,12278,HISTORIA FAMILIAR DE SORDERA O PERDIDA DE LA AUDICION
Z823,12279,HISTORIA FAMILIAR DE APOPLEJIA
Z824,12280,HISTORIA FAMILIAR DE ENFERMEDAD ISQUEMICA DEL CORAZON Y OTRAS ENFERMEDADES DEL SISTEMA CIRCULATORIO
Z825,12281,HISTORIA FAMILIAR DE ASMA Y DE OTRAS ENFERMEDADES CRONICAS DE LAS VIAS RESPIRATORIAS INFERIORES
Z826,12282,HISTORIA FAMILIAR DE ARTRITIS Y OTRAS ENFERMEDADES DEL SISTEMA OSTEOMUSCULAR Y TEJIDO CONJUNTIVO
Z827,12283,"HISTORIA FAMILIAR DE MALFORMACIONES CONGENITAS, DEFORMIDADES Y OTRAS ANOMALIAS CROMOSOMICAS"
Z828,12284,HISTORIA FAMILIAR DE OTRAS DISCAPACIDADES Y ENFERMEDADES CRONICAS INCAPACITANTES NO CLASIFICADAS EN OTRA PARTE
Z830,12285,HISTORIA FAMILIAR DE INFECCION POR EL VIRUS DE LA INMUNODEFICIENCIA HUMANA [VIH]
Z831,12286,HISTORIA FAMILIAR DE OTRAS ENFERMEDADES INFECCIOSAS Y PARASITARIAS
Z832,12287,HISTORIA FAMILIAR DE ENFERMEDADES DE LA SANGRE Y DE LOS ORGANOS HEMATOPOYETICOS Y DE CIERTOS TRASTORNOS DEL MECANISMO INMUNOLOGICO
Z833,12288,HISTORIA FAMILIAR DE DIABETES MELLITUS
Z834,12289,"HISTORIA FAMILIAR DE OTRAS ENFERMEDADES ENDOCRINAS, NUTRICIONALES Y METABOLICAS"
Z835,12290,HISTORIA FAMILIAR DE TRASTORNOS DE LOS OJOS Y DE LOS OIDOS
Z836,12291,HISTORIA FAMILIAR DE ENFERMEDADES DEL SISTEMA RESPIRATORIO
Z837,12292,HISTORIA FAMILIAR DE ENFERMEDADES DEL SISTEMA DIGESTIVO
Z840,12293,HISTORIA FAMILIAR DE ENFERMEDADES DE LA PIEL Y DEL TEJIDO SUBCUTANEO
Z841,12294,HISTORIA FAMILIAR DE TRASTORNOS DEL RIÑON Y DEL URETER
Z842,12295,HISTORIA FAMILIAR DE OTRAS ENFERMEDADES DEL SISTEMA GENITOURINARIO
Z843,12296,HISTORIA FAMILIAR DE CONSANGUINIDAD
Z848,12297,HISTORIA FAMILIAR DE OTRAS AFECCIONES ESPECIFICADAS
Z850,12298,HISTORIA PERSONAL DE TUMOR MALIGNO DE ORGANOS DIGESTIVOS
Z851,12299,"HISTORIA PERSONAL DE TUMOR MALIGNO DE TRAQUEA, BRONQUIOS Y PULMON"
Z852,12300,HISTORIA PERSONAL DE TUMOR MALIGNO DE OTROS ORGANOS RESPIRATORIOS E INTRATORACICOS
Z853,12301,HISTORIA PERSONAL DE TUMOR MALIGNO DE MAMA
Z854,12302,HISTORIA PERSONAL DE TUMOR MALIGNO DE ORGANOS GENITALES
Z855,12303,HISTORIA PERSONAL DE TUMOR MALIGNO DE VIAS URINARIAS
Z856,12304,HISTORIA PERSONAL DE LEUCEMIA
Z857,12305,"HISTORIA PERSONAL DE OTROS TUMORES MALIGNOS DEL TEJIDO LINFOIDE, HEMATOPOYETICO Y TEJIDOS RELACIONADOS"
Z858,12306,HISTORIA PERSONAL DE TUMOR MALIGNO DE OTROS ORGANOS Y SISTEMAS
Z859,12307,"HISTORIA PERSONAL DE TUMOR MALIGNO, DE SITIO NO ESPECIFICADO"
Z860,12308,HISTORIA PERSONAL DE OTROS TUMORES
Z861,12309,HISTORIA PERSONAL DE ENFERMEDADES INFECCIOSAS Y PARASITARIAS
Z862,12310,HISTORIA PERSONAL DE ENFERMEDADES DE LA SANGRE Y DE LOS ORGANOS HEMATOPOYETICOS Y DE CIERTOS TRASTORNOS DEL MECANISMO INMUNOLOGICO
Z863,12311,"HISTORIA PERSONAL DE ENFERMEDADES ENDOCRINAS, NUTRICIONALES Y METABOLICAS"
Z864,12312,HISTORIA PERSONAL DE ABUSO DE SUSTANCIAS PSICOACTIVAS
Z865,12313,HISTORIA PERSONAL DE OTROS TRASTORNOS MENTALES O DEL COMPORTAMIENTO
Z866,12314,HISTORIA PERSONAL DE ENFERMEDADES DEL SISTEMA NERVIOSO Y DE LOS ORGANOS DE LOS SENTIDOS
Z867,12315,HISTORIA PERSONAL DE ENFERMEDADES DEL SISTEMA CIRCULATORIO
Z870,12316,HISTORIA PERSONAL DE ENFERMEDADES DEL SISTEMA RESPIRATORIO
Z871,12317,HISTORIA PERSONAL DE ENFERMEDADES DEL SISTEMA DIGESTIVO
Z872,12318,HISTORIA PERSONAL DE ENFERMEDADES DE LA PIEL Y DEL TEJIDO SUBCUTANEO
Z873,12319,HISTORIA PERSONAL DE ENFERMEDADES DEL SISTEMA OSTEOMUSCULAR Y DEL TEJIDO CONJUNTIVO
Z874,12320,HISTORIA PERSONAL DE ENFERMEDADES DEL SISTEMA GENITOURINARIO
Z875,12321,"HISTORIA PERSONAL DE COMPLICACIONES DEL EMBARAZO, DEL PARTO Y DEL PUERPERIO"
Z876,12322,HISTORIA PERSONAL DE CIERTAS AFECCIONES ORIGINADAS EN EL PERIODO PERINATAL
Z877,12323,"HISTORIA PERSONAL DE MALFORMACIONES CONGENITAS, DEFORMIDADES Y ANOMALIAS CROMOSOMICAS"
Z878,12324,HISTORIA PERSONAL DE OTRAS AFECCIONES ESPECIFICADAS
Z880,12325,HISTORIA PERSONAL DE ALERGIA A PENICILINA
Z881,12326,HISTORIA PERSONAL DE ALERGIA A OTROS AGENTES ANTIBIOTICOS
Z882,12327,HISTORIA PERSONAL DE ALERGIA A SULFONAMIDAS
Z883,12328,HISTORIA PERSONAL DE ALERGIA A OTROS AGENTES ANTIINFECCIOSOS
Z884,12329,HISTORIA PERSONAL DE ALERGIA A AGENTE ANESTESICO
Z885,12330,HISTORIA PERSONAL DE ALERGIA A AGENTE NARCOTICO
Z886,12331,HISTORIA PERSONAL DE ALERGIA A AGENTE ANALGESICO
Z887,12332,HISTORIA PERSONAL DE ALERGIA A SUERO O VACUNA
Z888,12333,"HISTORIA PERSONAL DE ALERGIA A OTRAS DROGAS, MEDICAMENTOS Y SUSTANCIAS BIOLOGICAS"
Z889,12334,"HISTORIA PERSONAL DE ALERGIA A OTRAS DROGAS, MEDICAMENTOS Y SUSTANCIAS BIOLOGICAS NO ESPECIFICADAS"
Z890,12335,"AUSENCIA ADQUIRIDA DE DEDO(S), [INCLUIDO EL PULGAR], UNILATERAL"
Z891,12336,AUSENCIA ADQUIRIDA DE MANO Y MUÑECA
Z892,12337,AUSENCIA ADQUIRIDA DE MIEMBRO SUPERIOR POR ARRIBA DE LA MUÑECA
Z893,12338,AUSENCIA ADQUIRIDA DE AMBOS MIEMBROS SUPERIORES [CUALQUIER NIVEL]
Z894,12339,AUSENCIA ADQUIRIDA DE PIE Y TOBILLO
Z895,12340,AUSENCIA ADQUIRIDA DE PIERNA A NIVEL DE O DEBAJO DE LA RODILLA
Z896,12341,AUSENCIA ADQUIRIDA DE PIERNA POR ARRIBA DE LA RODILLA
Z897,12342,"AUSENCIA ADQUIRIDA DE AMBOS MIEMBROS INFERIORES [CUALQUIER NIVEL, EXCEPTO DEDOS DEL PIE SOLAMENTE]"
Z898,12343,AUSENCIA ADQUIRIDA DE MIEMBROS SUPERIORES E INFERIORES [CUALQUIER NIVEL]
Z899,12344,AUSENCIA ADQUIRIDA DE MIEMBROS NO ESPECIFICADOS
Z900,12345,AUSENCIA ADQUIRIDA DE PARTE DE LA CABEZA Y DEL CUELLO
Z901,12346,AUSENCIA ADQUIRIDA DE MAMA(S)
Z902,12347,AUSENCIA ADQUIRIDA (DE PARTE) DEL PULMON
Z903,12348,AUSENCIA ADQUIRIDA DE PARTE DEL ESTOMAGO
Z904,12349,AUSENCIA ADQUIRIDA DE OTRAS PARTES DEL TUBO DIGESTIVO
Z905,12350,AUSENCIA ADQUIRIDA DE RIÑON
Z906,12351,AUSENCIA ADQUIRIDA DE OTRAS PARTES DE LAS VIAS URINARIAS
Z907,12352,AUSENCIA ADQUIRIDA DE ORGANO(S) GENITAL(ES)
Z908,12353,AUSENCIA ADQUIRIDA DE OTROS ORGANOS
Z910,12354,"HISTORIA PERSONAL DE ALERGIA, NO DEBIDA A DROGAS NI A SUSTANCIAS BIOLOGICAS"
Z911,12355,HISTORIA PERSONAL DE INCUMPLIMIENTO DEL REGIMEN O TRATAMIENTO MEDICO
Z912,12356,HISTORIA PERSONAL DE HIGIENE PERSONAL DEFICIENTE
Z913,12357,HISTORIA PERSONAL DEL CICLO SUEÑO - VIGILIA NO SALUDABLE
Z914,12358,"HISTORIA PERSONAL DE TRAUMA PSICOLOGICO, NO CLASIFICADO EN OTRA PARTE"
Z915,12359,HISTORIA PERSONAL DE LESION AUTOINFLIGIDA INTENCIONALMENTE
Z916,12360,HISTORIA PERSONAL DE OTRO TRAUMA FISICO
Z918,12361,"HISTORIA PERSONAL DE OTROS FACTORES DE RIESGO, NO CLASIFICADOS EN OTRA PARTE"
Z920,12362,HISTORIA PERSONAL DE ANTICONCEPCIÓN
Z921,12363,HISTORIA PERSONAL DE USO (PRESENTE) DE ANTICOAGULANTES POR LARGO TIEMPO
Z922,12364,HISTORIA PERSONAL DE USO (PRESENTE) DE OTROS MEDICAMENTOS POR LARGO TIEMPO
Z923,12365,HISTORIA PERSONAL DE IRRADIACION
Z924,12366,"HISTORIA PERSONAL DE CIRUGIA MAYOR, NO CLASIFICADA EN OTRA PARTE"
Z925,12367,HISTORIA PERSONAL DE MEDIDAS DE REHABILITACION
Z928,12368,HISTORIA PERSONAL DE OTROS TRATAMIENTOS MEDICOS
Z929,12369,HISTORIA PERSONAL DE TRATAMIENTO MEDICO NO ESPECIFICADO
Z930,12370,TRAQUEOSTOMIA
Z931,12371,GASTROSTOMIA
Z932,12372,ILEOSTOMIA
Z933,12373,COLOSTOMIA
Z934,12374,OTROS ORIFICIOS ARTIFICIALES DEL TUBO GASTROINTESTINAL
Z935,12375,CISTOSTOMIA
Z936,12376,OTROS ORIFICIOS ARTIFICIALES DE LAS VIAS URINARIAS
Z938,12377,OTRAS ABERTURAS ARTIFICIALES
Z939,12378,"ABERTURA ARTIFICIAL, NO ESPECIFICADA"
Z940,12379,TRASPLANTE DE RIÑON
Z941,12380,TRASPLANTE DE CORAZON
Z942,12381,TRASPLANTE DE PULMON
Z943,12382,TRASPLANTE DE CORAZON Y PULMONES
Z944,12383,TRASPLANTE DE HIGADO
Z945,12384,TRASPLANTE DE PIEL
Z946,12385,TRASPLANTE DE HUESO
Z947,12386,TRASPLANTE DE CORNEA
Z948,12387,OTROS ORGANOS Y TEJIDOS TRASPLANTADOS
Z949,12388,ORGANO Y TEJIDO TRASPLANTADO NO ESPECIFICADO
Z950,12389,PRESENCIA DE MARCAPASO CARDIACO
Z951,12390,PRESENCIA DE DERIVACION AORTOCORONARIA
Z952,12391,PRESENCIA DE VALVULA CARDIACA PROTESICA
Z953,12392,PRESENCIA DE VALVULA CARDIACA XENOGENICA
Z954,12393,PRESENCIA DE OTROS REEMPLAZOS DE VALVULA CARDIACA
Z955,12394,"PRESENCIA DE ANGIOPLASTIA, INJERTOS Y PROTESIS CARDIOVASCULARES"
Z958,12395,PRESENCIA DE OTROS INJERTOS Y PROTESIS CARDIOVASCULARES
Z959,12396,PRESENCIA DE INJERTOS E IMPLANTES CARDIOVASCULARES NO ESPECIFICADOS
Z960,12397,PRESENCIA DE IMPLANTE UROGENITAL
Z961,12398,PRESENCIA DE LENTES INTRAOCULARES
Z962,12399,PRESENCIA DE IMPLANTES OTICOS Y AUDITIVOS
Z963,12400,PRESENCIA DE LARINGE ARTIFICIAL
Z964,12401,PRESENCIA DE IMPLANTES ENDOCRINOS
Z965,12402,PRESENCIA DE IMPLANTES DE RAIZ DE DIENTE Y DE MANDIBULA
Z966,12403,PRESENCIA DE IMPLANTE ORTOPEDICO ARTICULAR
Z967,12404,PRESENCIA DE OTROS IMPLANTES DE TENDONES Y HUESOS
Z968,12405,PRESENCIA DE OTROS IMPLANTES FUNCIONALES ESPECIFICADOS
Z969,12406,PRESENCIA DE IMPLANTES FUNCIONALES NO ESPECIFICADOS
Z970,12407,PRESENCIA DE OJO ARTIFICIAL
Z971,12408,PRESENCIA DE MIEMBRO ARTIFICIAL (COMPLETO) (PARCIAL)
Z972,12409,PRESENCIA DE DISPOSITIVO PROTESICO DENTAL (COMPLETO) (PARCIAL)
Z973,12410,PRESENCIA DE ANTEOJOS Y LENTES DE CONTACTO
Z974,12411,PRESENCIA DE AUDIFONO EXTERNO
Z975,12412,PRESENCIA DE DISPOSITIVO ANTICONCEPTIVO (INTRAUTERINO)
Z978,12413,PRESENCIA DE OTROS DISPOSITIVOS ESPECIFICADOS
Z980,12414,ESTADO DE DERIVACION INTESTINAL O ANASTOMOSIS
Z981,12415,ESTADO DE ARTRODESIS
Z982,12416,PRESENCIA DE DISPOSITIVO PARA DRENAJE DE LIQUIDO CEFALORRAQUIDEO
Z988,12417,OTROS ESTADOS POSTQUIRURGICOS ESPECIFICADOS
Z990,12418,DEPENDENCIA DE ASPIRADOR
Z991,12419,DEPENDENCIA DE RESPIRADOR
Z992,12420,DEPENDENCIA DE DIALISIS RENAL
Z993,12421,DEPENDENCIA DE SILLA DE RUEDAS
Z998,12422,DEPENDENCIA DE OTRAS MAQUINAS Y DISPOSITIVOS CAPACITANTES
Z999,12423,"DEPENDENCIA DE MAQUINA Y DISPOSITIVO CAPACITANTE, NO ESPECIFICADA"
